step,lambda_raw,lambda_used,lambda_curvature,lambda_norm,grad_cosine,emotion_grad_norm,alignment_grad_norm,beta,directional_margin,constraint_active,feasible
0,0.8459252866521346,0.8459252866521346,1.0,0.8459252866521346,0.01403163980604429,4.549595355987549,2.6891236305236816,0.0,4.284982759259162,True,True
1,0.8694363128226991,0.848276389269191,8.417295438757622,0.8694363128226991,-0.014532348408924747,5.251313209533691,3.0199527740478516,10000.0,5.3197605641634595,True,True
2,0.9623193258197021,0.859680682924242,8.930062945064218,0.9623193258197021,-0.004300448498943708,6.1974663734436035,3.2200675010681152,10000.0,7.607939347055897,True,True
3,0.88299758812789,0.8620123734446068,12.798565643920702,0.88299758812789,0.05235748813226561,5.236470699310303,2.9651670455932617,10000.0,6.184902570362542,True,True
4,0.8059621832131256,0.8059621832131256,6.688748330839136,0.8059621832131256,0.010672396421460272,4.71061897277832,2.9223573207855225,10000.0,4.55639609200761,True,True
5,0.7303538010947195,0.7303538010947195,7.459877664540747,0.7303538010947195,0.04726284705512912,4.529047012329102,3.1005842685699463,10000.0,4.587187433181224,True,True
6,0.7009853000276515,0.7009853000276515,4.253267054620981,0.7009853000276515,-0.0032124655341975246,5.8337531089782715,4.161109447479248,10000.0,6.751870669025184,True,True
7,0.8531840953044499,0.7162051795553314,6.96969364199335,0.8531840953044499,0.04540410912923327,5.995086193084717,3.5133602619171143,10000.0,7.873148858735579,True,True
8,0.7299549217230188,0.7175801537721,5.6116970172049365,0.7299549217230188,0.04889017064097094,4.604763507843018,3.154142379760742,10000.0,4.750312106931791,True,True
9,0.9247153165433105,0.7382936700492211,5.093581953488187,0.9247153165433105,0.011168264050988386,6.064110279083252,3.2789065837860107,10000.0,7.518636518573629,True,True
10,0.8103742848548116,0.7455017315297802,4.242595057435658,0.8103742848548116,0.012382373814709207,6.146625995635986,3.7924611568450928,10000.0,7.771386484129117,True,True
11,1.0,0.7709515583768022,5.471217787538054,1.3464351130113292,-0.01881457479899185,9.55907154083252,3.5497705936431885,10000.0,17.78297440424916,True,True
12,0.7452666388712009,0.7452666388712009,2.6383933901181504,0.7452666388712009,-0.03436159583105552,4.235313415527344,2.841475248336792,10000.0,3.279388858913732,True,True
13,0.6609978495821702,0.6609978495821702,3.7950742397410804,0.6609978495821702,0.05468868363645898,5.612486839294434,4.245465278625488,10000.0,7.16134870453293,True,True
14,0.6103289187940593,0.6103289187940593,3.068167887928423,0.6103289187940593,0.04019411015946459,3.9995901584625244,3.276585817337036,10000.0,3.5208312789218557,True,True
15,0.693803227851924,0.6186763496998458,2.414548045681247,0.693803227851924,-0.01760052741782294,4.606410026550293,3.3196804523468018,10000.0,4.077289695242957,True,True
16,0.8376635738703766,0.6405750721168988,3.1200820006296492,0.8376635738703766,0.001609364029479437,6.785274982452393,4.050119400024414,10000.0,9.23632216744285,True,True
17,0.6995795172006631,0.6464755166252751,2.523066722372692,0.6995795172006631,0.002603576223984447,4.402160167694092,3.1462900638580322,10000.0,3.8991152279307624,True,True
18,1.0,0.6818279649627477,3.202208606413658,1.0707188889389145,-0.026725800083195958,7.722492694854736,3.6062185764312744,10000.0,11.419903187508538,True,True
19,0.7739210315818661,0.6910372716246594,2.0928263976065526,0.7739210315818661,-0.0406111917468742,4.655551910400391,3.0077693462371826,10000.0,3.941859540517399,True,True
20,0.6331410127398802,0.6331410127398802,1.9846222910033011,0.6331410127398802,-0.004522380027594611,4.461271286010742,3.5231261253356934,10000.0,3.9355839649403226,True,True
21,1.0,0.6698269114658922,4.021551712695776,1.0472732358005652,0.044348097740091484,6.809784412384033,3.251197576522827,10000.0,9.932312261707104,True,True
22,1.0,0.702844220319303,3.3111572116194954,1.1802773460205562,-0.014504659627503283,7.865962028503418,3.33225154876709,10000.0,12.107459550643256,True,True
23,0.6507679264614941,0.6507679264614941,1.998006092462123,0.6507679264614941,0.011196985248634736,5.037509918212891,3.8704349994659424,10000.0,5.21737141787645,True,True
24,0.54286303410991,0.54286303410991,2.076132569546808,0.54286303410991,0.06679070853137883,5.169767379760742,4.761576175689697,10000.0,6.237839712985934,True,True
25,0.6853485280260349,0.5571115835015225,1.5935515610270963,0.6853485280260349,-0.036783600548510924,5.0388312339782715,3.6761085987091064,10000.0,4.69837420796161,True,True
26,0.9919886924128263,0.6005992943926528,2.6856441892249463,0.9919886924128263,0.0035313203468307322,5.711885452270508,2.879007339477539,10000.0,6.560004491491295,True,True
27,0.9264896419175019,0.6331883291451377,2.2467171664813033,0.9264896419175019,-0.01495333916336435,5.832040309906006,3.147385597229004,10000.0,6.628742123468392,True,True
28,0.6426914887364885,0.6341386451042728,1.6103979214248754,0.6426914887364885,-0.0010645524855387787,4.406290054321289,3.4279978275299072,10000.0,3.872881584666409,True,True
29,0.6372461270910625,0.6344493933029517,1.685827600210488,0.6372461270910625,0.018130736497175864,4.099770545959473,3.216787338256836,10000.0,3.5133267635263508,True,True
30,0.6520752010137383,0.6362119740740304,1.7691393866961433,0.6520752010137383,0.030892043100631292,5.1062726974487305,3.9154016971588135,10000.0,5.607746487475499,True,True
31,0.813174928052245,0.6539082694718519,2.1926242693815188,0.813174928052245,0.03633692994277224,5.364833831787109,3.2986960411071777,10000.0,6.176786118786627,True,True
32,0.972458407459217,0.6857632832705884,1.6880603906559597,0.972458407459217,-0.06375616812627308,5.364465713500977,2.7581980228424072,10000.0,5.108581793050554,True,True
33,0.9861815236491962,0.7158051073084492,2.0270764621191075,0.9861815236491962,-0.015955947827712764,6.841535568237305,3.4686999320983887,10000.0,9.09027908227926,True,True
34,0.747039439071916,0.7189285404847958,2.062387855467474,0.747039439071916,0.06359279286373695,5.18981409072876,3.47358775138855,10000.0,6.211017148095081,True,True
35,0.9999593721171978,0.747031623648036,2.088520683250857,0.9999593721171978,0.0010070816039448253,5.868110179901123,2.9341742992401123,10000.0,6.899896937234153,True,True
36,0.9187759794229644,0.7642060592255289,1.6823575873291456,0.9187759794229644,-0.025164070749958745,6.197055816650391,3.3724520206451416,10000.0,7.278795942987518,True,True
37,0.6385350667445508,0.6385350667445508,1.2226299006560641,0.6385350667445508,-0.007388179438045801,3.931772232055664,3.0787441730499268,10000.0,3.0346602613250955,True,True
38,0.908921776035272,0.6655737376736229,1.5067588986537954,0.908921776035272,-0.03719683806424271,6.432403564453125,3.538480281829834,10000.0,7.711665271125938,True,True
39,1.0,0.6990163639062607,2.269535363840088,1.0616645179664879,0.03414605663983279,6.665613174438477,3.1392276287078857,10000.0,9.385528413857386,True,True
40,0.8282996234590009,0.7119446898615347,1.5347287977189272,0.8282996234590009,0.004599698597705327,5.415925025939941,3.2693030834198,10000.0,5.924432147943989,True,True
41,0.6538866312489304,0.6538866312489304,1.2400121306608427,0.6538866312489304,0.017479830493969544,4.547732830047607,3.4774627685546875,10000.0,4.317132603676516,True,True
42,0.7602688720805705,0.6645248553320945,1.4054542259773766,0.7602688720805705,0.01796910974233982,4.964606285095215,3.26503324508667,10000.0,5.1230207054411245,True,True
43,1.0,0.698072369798885,2.2707318808684684,1.2362119739924844,0.02343888864836321,8.301081657409668,3.35746693611145,10000.0,14.237611341573896,True,True
44,1.0,0.7282651328189965,2.1971270716872557,1.3827455576670837,-0.006800162295384678,9.98987102508545,3.6123316287994385,10000.0,19.78079155976164,True,True
45,0.9565445076058056,0.7510930702976775,1.7790462960867497,0.9565445076058056,0.04122312800601702,5.792958736419678,3.0280654430389404,10000.0,7.254799930001759,True,True
46,1.0,0.7759837632679097,1.8706879129349443,1.3681592645620133,-0.031136128459905786,9.268592834472656,3.387249231338501,10000.0,16.422823125259853,True,True
47,0.6897619258967491,0.6897619258967491,1.1633369942606657,0.6897619258967491,0.030601727817365858,4.287008285522461,3.107599973678589,10000.0,3.9568940179356886,True,True
48,1.0,0.7207857333070742,1.9108168778445271,1.1440658726217932,0.035615442478259096,10.736181259155273,4.692116737365723,10000.0,24.34631008420267,True,True
49,0.7050235320707536,0.7050235320707536,1.2796525490122324,0.7050235320707536,0.06513249042129632,5.344357013702393,3.7901976108551025,10000.0,6.642592420172573,True,True
50,0.9161680145946796,0.7261379803231462,1.1636830936408273,0.9161680145946796,-0.019471466400839077,5.606815338134766,3.059927463531494,10000.0,6.044701118204536,True,True
51,0.9255503564512625,0.7460792179359579,1.1797740958371046,0.9255503564512625,-0.010547562654491659,5.545012950897217,2.9955220222473145,10000.0,6.018722724801329,True,True
52,0.6331945399939775,0.6331945399939775,0.8408794351935955,0.6331945399939775,0.007987911057557025,4.513007164001465,3.5636813640594482,10000.0,4.15479255795729,True,True
53,0.839387954036111,0.6538138813981907,1.2700510592681338,0.839387954036111,0.049383890722535614,6.125452518463135,3.64876127243042,10000.0,8.225877814801116,True,True
54,0.7388893781491268,0.6623214310732843,0.7388893781491268,0.782405411565479,-0.06143553860090843,5.563722610473633,3.5555241107940674,10000.0,5.386072855548157,True,True
55,0.9898511043685481,0.6950743984028107,0.9898511043685481,1.0051242989542815,-0.04146850048495715,5.997111797332764,2.9832687377929688,10000.0,6.677385401191941,True,True
56,0.6578395941258653,0.6578395941258653,0.7942550359300702,0.6578395941258653,0.01798555909447605,4.11641788482666,3.128739833831787,10000.0,3.541360956504258,True,True
57,1.0,0.6920556347132788,1.1869870509413434,1.024694735060847,0.016782145534886907,6.693103790283203,3.2659013271331787,10000.0,9.213402186939078,True,True
58,1.0,0.7228500712419509,1.0210832376661472,1.0953524549864535,-0.026113197575550376,6.8616862297058105,3.1321818828582764,10000.0,9.010865235271915,True,True
59,0.9150959829034706,0.7420746624081028,0.9415812709012779,0.9150959829034706,0.007163747285180883,6.412967681884766,3.503986358642578,10000.0,8.344687269069823,True,True
60,0.6188537335641963,0.6188537335641963,0.7857514844040573,0.6188537335641963,0.06633699435836651,3.4871408939361572,2.8174192905426025,10000.0,2.835364277345141,True,True
61,0.9664848408859786,0.6536168442963745,1.0174384930566838,0.9664848408859786,0.03209451539626756,7.068243026733398,3.6566755771636963,10000.0,10.534202470762253,True,True
62,0.7658059714782585,0.6648357570145629,0.7780609950550608,0.7658059714782585,0.03416054254463722,5.134425163269043,3.352301597595215,10000.0,5.663371885702659,True,True
63,0.7266226019680572,0.6710144415099123,0.7266226019680572,0.789104110270365,0.02310495847263706,5.678537368774414,3.5980913639068604,10000.0,6.765928562230165,True,True
64,0.9094153209755129,0.6948545294564724,0.9094153209755129,0.9460772247961443,0.04313168285417083,6.576035022735596,3.475421905517578,10000.0,9.33380217804013,True,True
65,0.5929198098034483,0.5929198098034483,0.5929198098034483,0.6942327814839985,0.029846458496298606,4.2962446212768555,3.0942392349243164,10000.0,3.9267946660200117,True,True
66,0.4758540042873798,0.4758540042873798,0.4758540042873798,0.6788168147128464,0.003425250702632939,4.723453521728516,3.4791812896728516,10000.0,4.488988321884676,True,True
67,0.5263942562588669,0.4809080294845285,0.5263942562588669,0.9904476270621431,-0.033739905726010495,6.791906833648682,3.4287056922912598,10000.0,8.848142383449513,True,True
68,0.44018712161451745,0.44018712161451745,0.44018712161451745,0.591779861737242,0.04091679617122591,4.0282368659973145,3.4034926891326904,10000.0,3.492271246264554,True,True
69,0.4929626620832865,0.44546467566139436,0.4929626620832865,0.7842319094126068,0.02674118190358581,5.345484733581543,3.408102035522461,10000.0,5.931858305487111,True,True
70,0.5765752603117331,0.4585757341264282,0.5765752603117331,0.8558326371720211,0.05248397533883304,6.285576343536377,3.6721994876861572,10000.0,8.457226101055845,True,True
71,0.33676783293652207,0.33676783293652207,0.33676783293652207,0.7639863948602805,0.010923330772100816,5.981319427490234,3.914545774459839,10000.0,7.241368325003677,True,True
72,0.4522172007237452,0.3483127697152444,0.4522172007237452,1.5685730887413003,-0.012898117563568283,11.2567777633667,3.5882222652435303,10000.0,25.16154567561395,True,True
73,0.2855231515417988,0.2855231515417988,0.2855231515417988,0.9338124490282654,0.022719834954701545,5.981806755065918,3.202895164489746,10000.0,7.280688237123332,True,True
74,0.0,0.0,0.0,0.7279284470679206,0.06577145232916279,7.611336708068848,5.2280802726745605,10000.0,11.586489296719265,True,False
75,0.0,0.0,0.0,0.624397090716098,0.0481401337099534,5.1386895179748535,4.1149210929870605,10000.0,5.281225992428926,True,False
76,0.0,0.0,0.0,0.8398374513680803,-0.02944217527523637,6.082301139831543,3.6211180686950684,10000.0,7.398877431119217,True,False
77,0.0,0.0,0.0,0.9257396869340422,0.052384988198441194,5.9723358154296875,3.225710153579712,10000.0,7.133759018452835,True,False
78,0.0,0.0,0.0,0.8168399675319002,0.04265175013753069,4.904119968414307,3.001885414123535,10000.0,4.810078532919988,True,False
79,0.0,0.0,0.0,1.0648161945343815,-0.05574935063392089,7.036395072937012,3.304042100906372,10000.0,9.902171124490451,True,False
80,0.0,0.0,0.0,0.6637044612800415,0.0075701429620055076,4.1787567138671875,3.1480553150177,10000.0,3.4924015347380184,True,False
81,0.0,0.0,0.0,0.6144195264783968,-0.04148666648981063,3.6833488941192627,2.9974217414855957,10000.0,2.713411815161919,True,False
82,0.0,0.0,0.0,0.6852390651124978,0.0842440099891842,4.792756080627441,3.4971415996551514,10000.0,4.594102169678262,True,False
83,0.0,0.0,0.0,1.2714572010214351,-0.01719148818280239,7.731886863708496,3.0405611991882324,10000.0,11.956414894637597,True,False
84,0.0,0.0,0.0,0.7888423371526541,-0.001868648296933695,5.051408767700195,3.2017860412597656,10000.0,5.10334610767968,True,False
85,0.0,0.0,0.0,0.6297148769000142,0.07920991593304269,3.8256075382232666,3.0375711917877197,10000.0,2.9270546073021357,True,False
86,0.0,0.0,0.0,0.6561305840624825,0.04724923690456148,4.517092227935791,3.442220449447632,10000.0,4.080824439135586,True,False
87,0.0,0.0,0.0,0.7632587013801868,0.031144580915871207,5.529104232788086,3.6220381259918213,10000.0,6.114198723407025,True,False
88,0.0,0.0,0.0,0.7544867553889062,0.02405856964073824,5.970262050628662,3.956505537033081,10000.0,7.128805790635351,True,False
89,0.0,0.0,0.0,0.7472214835657525,0.0097836518431867,4.609277725219727,3.084278106689453,10000.0,4.249088229641348,True,False
90,0.0,0.0,0.0,0.8750894163758524,0.08070739458022055,6.28189754486084,3.5892889499664307,10000.0,7.892447352825727,True,False
91,0.0,0.0,0.0,0.7647284845616423,0.019971137546822344,5.8678202629089355,3.836538314819336,10000.0,6.886262927560935,True,False
92,0.0,0.0,0.0,0.8618984956144786,0.024989974892870748,5.515215873718262,3.199457883834839,10000.0,6.083521226742775,True,False
93,0.0,0.0,0.0,0.6118835787873639,0.02857847090971126,3.832813024520874,3.131978988647461,10000.0,2.938091136187369,True,False
94,0.0,0.0,0.0,0.5155374307852866,-0.026680935527747883,4.050051212310791,3.9279894828796387,10000.0,3.280582964468021,True,False
95,0.0,0.0,0.0,1.267115895632717,-0.013103458858550628,8.040522575378418,3.1727652549743652,10000.0,12.930000657033993,True,False
96,0.0,0.0,0.0,0.7220430797735203,0.061292553361599326,5.0633978843688965,3.5062990188598633,10000.0,5.127599627086283,True,False
97,0.0,0.0,0.0,0.7975768566105453,0.03219850268123902,6.965758800506592,4.366826057434082,10000.0,9.704359133367007,True,False
98,0.0,0.0,0.0,0.5362967908675276,-0.00234833117248261,3.7075586318969727,3.456629514694214,10000.0,2.7491982017907493,True,False
99,0.0,0.0,0.0,0.8672496585800454,-0.00021930885206052945,6.100947380065918,3.517411231994629,10000.0,7.444311786866635,True,False
100,0.0,0.0,0.0,0.7325554674518558,0.07174794221560206,4.426429748535156,3.0212249755859375,10000.0,3.9186560637434003,True,False
101,0.0,0.0,0.0,1.1275896645955619,-0.08194688431798873,6.4602742195129395,2.8646388053894043,10000.0,8.3470285982607,True,False
102,0.0,0.0,0.0,1.0534155040648785,-0.0050196511423831625,7.098875999450684,3.3694567680358887,10000.0,10.078808091115384,True,False
103,0.0,0.0,0.0,1.1770210019112497,-0.02503495110938695,7.50522518157959,3.1882290840148926,10000.0,11.265681005243273,True,False
104,0.0,0.0,0.0,0.8758270975510278,0.06748278781213159,5.46480131149292,3.1197946071624756,10000.0,5.972810674818945,True,False
105,0.0,0.0,0.0,0.6666741761209342,0.025273862671147323,5.4750213623046875,4.10621976852417,10000.0,5.9951717835385345,True,False
106,0.0,0.0,0.0,0.6488016743133027,0.06953515453973959,4.872910022735596,3.7553155422210693,10000.0,4.749050417935404,True,False
107,0.0,0.0,0.0,0.8427588955878866,-0.031837726213841185,5.530817031860352,3.2813756465911865,10000.0,6.117987407983307,True,False
108,0.0,0.0,0.0,1.0352942494385595,0.029793458823733684,7.535701274871826,3.6394007205963135,10000.0,11.35735874082097,True,False
109,0.0,0.0,0.0,0.5377850883152218,0.10045987085408288,3.9823179244995117,3.7025179862976074,10000.0,3.1717712103580187,True,False
110,0.0,0.0,0.0,0.6274679765000482,0.03393156530068434,4.116237163543701,3.2800376415252686,10000.0,3.388681677307659,True,False
111,0.0,0.0,0.0,0.9530310608626734,0.0522974471226962,6.451780319213867,3.384874105453491,10000.0,8.325093857479075,True,False
112,0.0,0.0,0.0,0.7743064962626955,0.0025888802409166542,4.5831379890441895,2.9595115184783936,10000.0,4.201030765324003,True,False
113,0.0,0.0,0.0,0.806392610520824,0.06046388933615787,6.6538472175598145,4.125687122344971,10000.0,8.854736558925694,True,False
114,0.0,0.0,0.0,0.6980940504781362,0.06745582819029093,5.622350215911865,4.026928901672363,10000.0,6.322164390072839,True,False
115,0.0,0.0,0.0,0.6530540926657193,-0.010664039747783622,4.06516170501709,3.1124234199523926,10000.0,3.30510793758749,True,False
116,0.0,0.0,0.0,0.8690196967529552,-0.04599542863832977,5.066441535949707,2.9150326251983643,10000.0,5.133765967439285,True,False
117,0.0,0.0,0.0,0.8115717529613244,0.018660806685989503,6.9833083152771,4.302335739135742,10000.0,9.753319005243654,True,False
118,0.0,0.0,0.0,0.7165526540662308,0.06556690653552547,5.174864768981934,3.610945224761963,10000.0,5.3558450754500875,True,False
119,0.0,0.0,0.0,1.8614783561335992,0.006392516234462257,11.849421501159668,3.1827986240386963,10000.0,28.081757982428996,True,False
120,0.0,0.0,0.0,1.0480860098358433,-0.007511673140797578,8.937403678894043,4.263678550720215,10000.0,15.975436903901752,True,False
121,0.0,0.0,0.0,0.9354477915498076,0.04813428544550369,6.009302139282227,3.2119922637939453,10000.0,7.222342440236389,True,False
122,0.0,0.0,0.0,0.5779486726870602,0.012255996842207422,4.146602153778076,3.5873446464538574,10000.0,3.438861884343396,True,False
123,0.0,0.0,0.0,0.8390609790680781,0.02848679561780982,5.695647239685059,3.3940603733062744,10000.0,6.488079495786405,True,False
124,0.0,0.0,0.0,0.9776451498677454,-0.0288631188863515,6.298203945159912,3.221109390258789,10000.0,7.933474586965573,True,False
125,0.0,0.0,0.0,0.7580905135855105,0.004942146615325235,4.420111179351807,2.915292501449585,10000.0,3.907476567566164,True,False
126,0.0,0.0,0.0,1.169136131409258,-0.045844962609534204,7.176743507385254,3.0692505836486816,10000.0,10.301129474159275,True,False
127,0.0,0.0,0.0,0.9455322732446971,0.06525869762293392,5.817542552947998,3.0763320922851562,10000.0,6.768760271072139,True,False
128,0.0,0.0,0.0,0.8682273808880944,-0.0036290419903965486,4.722639083862305,2.7197017669677734,10000.0,4.460663983284757,True,False
129,0.0,0.0,0.0,0.870286587810078,0.014203066824699169,5.107949733734131,2.9346365928649902,10000.0,5.218230096470915,True,False
130,0.0,0.0,0.0,0.8625132380986437,-0.020226270562378853,5.819772243499756,3.3737292289733887,10000.0,6.773949793242036,True,False
131,0.0,0.0,0.0,0.7674045257928624,0.03782390164600524,5.514236927032471,3.5927836894989014,10000.0,6.0813617774897,True,False
132,0.0,0.0,0.0,0.7696183990692441,0.054655258674069625,4.829512596130371,3.1376020908355713,10000.0,4.664838383236383,True,False
133,0.0,0.0,0.0,0.79686451656518,-0.0030305450230600304,5.0024094581604,3.138808012008667,10000.0,5.004820077418525,True,False
134,0.0,0.0,0.0,0.5746336741264652,0.08296618287760703,3.782435178756714,3.291170835494995,10000.0,2.8613631762992657,True,False
135,0.0,0.0,0.0,0.8899883177241006,0.040587825098491306,6.176642894744873,3.470069646835327,10000.0,7.630183489840462,True,False
136,0.0,0.0,0.0,1.0216667638671892,-0.020284454011126992,6.348528861999512,3.1069469451904297,10000.0,8.060763742328163,True,False
137,0.0,0.0,0.0,0.699940176743483,0.008648014129090525,5.166208744049072,3.690464496612549,10000.0,5.3379425574178185,True,False
138,0.0,0.0,0.0,0.8340103070667525,0.003699254563089198,5.965538024902344,3.5764174461364746,10000.0,7.117528785311151,True,False
139,0.0,0.0,0.0,0.9247217338324153,0.04587651158659127,5.7007317543029785,3.0824038982391357,10000.0,6.49966850690366,True,False
140,0.0,0.0,0.0,0.6849401587133974,0.04127119217481382,4.753871440887451,3.4702823162078857,10000.0,4.519858735297067,True,False
141,0.0,0.0,0.0,0.8354869431704965,0.00991898078895227,4.988346099853516,2.985292673110962,10000.0,4.976719362384756,True,False
142,0.0,0.0,0.0,0.99910538005923,0.10911598848407163,6.022896766662598,3.0141448974609375,10000.0,7.255057092374955,True,False
143,0.0,0.0,0.0,0.7998625769713754,0.005705937371065176,4.056528091430664,2.5357656478881836,10000.0,3.29108403131322,True,False
144,0.0,0.0,0.0,0.9151105727673757,0.0025932698146622734,6.9311699867248535,3.78706693649292,10000.0,9.608223476975077,True,False
145,0.0,0.0,0.0,1.249501262149185,0.018330341772734373,6.559729099273682,2.62493896484375,10000.0,8.606009171171578,True,False
146,0.0,0.0,0.0,0.870415187520725,-0.021444622791035248,7.174438953399658,4.121273994445801,10000.0,10.294514859211674,True,False
147,0.0,0.0,0.0,1.0665493950038936,-0.0003639054563732787,7.195140361785889,3.3730928897857666,10000.0,10.35400896516007,True,False
148,0.0,0.0,0.0,0.5443537524387777,0.070897632362841,3.6276590824127197,3.332078695297241,10000.0,2.631982083642299,True,False
149,0.0,0.0,0.0,0.6757073254931152,0.027321134166274325,4.778654098510742,3.536038398742676,10000.0,4.5671069986427035,True,False
150,0.0,0.0,0.0,0.6078753167020529,-0.023953208663649396,3.7739810943603516,3.1042394638061523,10000.0,2.8485866601178707,True,False
151,0.0,0.0,0.0,0.9194025129481124,0.056481974225425974,6.502802848815918,3.536428689956665,10000.0,8.45728897811368,True,False
152,0.0,0.0,0.0,0.8560202334136965,0.01896020328333713,6.039029121398926,3.5273869037628174,10000.0,7.293974545820856,True,False
153,0.0,0.0,0.0,1.2587667718675752,0.04343097079856026,9.04820728302002,3.594076156616211,10000.0,16.374011007299302,True,False
154,0.0,0.0,0.0,1.0423050072831757,0.0173619374251986,6.654501914978027,3.192204713821411,10000.0,8.856479147289242,True,False
155,0.0,0.0,0.0,0.6300896375154713,0.05019254826240102,4.054144859313965,3.2171175479888916,10000.0,3.287218108060369,True,False
156,0.0,0.0,0.0,1.6602701304665362,0.06519793389858224,9.943544387817383,2.994556188583374,10000.0,19.77481499849891,True,False
157,0.0,0.0,0.0,0.9601697221866657,0.044670244991777956,7.926231384277344,4.12751579284668,10000.0,12.565028791420623,True,False
158,0.0,0.0,0.0,0.7756748989342154,0.0691221260874037,5.032089710235596,3.243684768676758,10000.0,5.064385370371792,True,False
159,0.0,0.0,0.0,0.5994582118198502,-0.0060989167021961435,4.034402370452881,3.3650405406951904,10000.0,3.255280497343165,True,False
160,0.0,0.0,0.0,0.5845040684498709,0.09104218655306925,4.446553707122803,3.8036978244781494,10000.0,3.954367974065507,True,False
161,0.0,0.0,0.0,0.6688034079921555,0.06433235838220043,5.042387962341309,3.7697086334228516,10000.0,5.085135272552904,True,False
162,0.0,0.0,0.0,0.7658058231792946,-0.05646335456984669,5.082311153411865,3.3182766437530518,10000.0,5.165977332018926,True,False
163,0.0,0.0,0.0,0.7707073537504665,-0.07104925633664953,4.544379711151123,2.9481875896453857,10000.0,4.130277391824393,True,False
164,0.0,0.0,0.0,0.727156238016481,0.0027855896674302606,4.969471454620361,3.4170589447021484,10000.0,4.939129307657321,True,False
165,0.0,0.0,0.0,0.6639722459230822,0.1363054584000009,4.636493682861328,3.4914815425872803,10000.0,4.2994147342426,True,False
166,0.0,0.0,0.0,1.4425395988787135,0.0006226345138304504,8.091444969177246,2.8045833110809326,10000.0,13.094296337844753,True,False
167,0.0,0.0,0.0,1.0223707563109783,-0.012223946879819187,6.045198440551758,2.956460952758789,10000.0,7.308884837129881,True,False
168,0.0,0.0,0.0,0.4075142567869298,0.02907975184554823,3.7126362323760986,4.555222511291504,10000.0,2.7567335587903585,True,False
169,0.0,0.0,0.0,0.892280833042358,0.02213602940806629,5.105616569519043,2.860991954803467,10000.0,5.213464110989477,True,False
170,0.0,0.0,0.0,1.1001485515767722,-0.021532975891776426,7.229083061218262,3.2855031490325928,10000.0,10.451928381198556,True,False
171,0.0,0.0,0.0,1.029505542333696,-0.030497418303586148,7.248495101928711,3.5203769207000732,10000.0,10.5081362485369,True,False
172,0.0,0.0,0.0,1.1287648332548916,0.04439373760256344,7.595804214477539,3.3646531105041504,10000.0,11.539248332934946,True,False
173,0.0,0.0,0.0,0.8614573862038728,-0.05232056784288225,6.603160381317139,3.832551956176758,10000.0,8.720345404279257,True,False
174,0.0,0.0,0.0,0.7579925907195513,0.006757954629399321,5.355963706970215,3.532992124557495,10000.0,5.737269446076425,True,False
175,0.0,0.0,0.0,0.7793500803426782,-0.0919255840527485,5.06836462020874,3.2516610622406006,10000.0,5.137663984676735,True,False
176,0.0,0.0,0.0,0.48901359383313303,0.07783689947087552,4.351977825164795,4.449751377105713,10000.0,3.7879421981452186,True,False
177,0.0,0.0,0.0,0.6246394046380558,0.09809809401673127,4.261636734008789,3.4112775325775146,10000.0,3.6323095305306197,True,False
178,0.0,0.0,0.0,0.6640904598925794,0.08571293612916694,4.003162860870361,3.014019250869751,10000.0,3.205062578130354,True,False
179,0.0,0.0,0.0,0.8193675459685371,0.02082946619332842,5.366371154785156,3.27470326423645,10000.0,5.759587874182031,True,False
180,0.0,0.0,0.0,0.47001570145416904,-0.023096660138669383,3.7551770210266113,3.9947357177734375,10000.0,2.8202708918492583,True,False
181,0.0,0.0,0.0,0.7012864619584773,-0.03320460148402759,4.569463729858398,3.2579152584075928,10000.0,4.175999755698285,True,False
182,0.0,0.0,0.0,0.7643049609583644,0.017937544130598455,6.1033782958984375,3.9927637577056885,10000.0,7.450245324568822,True,False
183,0.0,0.0,0.0,0.8799186820813242,0.06291015458446718,7.482217311859131,4.251652717590332,10000.0,11.196715180376891,True,False
184,0.0,0.0,0.0,0.9350724632600823,0.03336488063364357,5.596628189086914,2.99261736869812,10000.0,6.264449417376454,True,False
185,0.0,0.0,0.0,1.1191654794750039,0.0029797593671421025,7.479544162750244,3.3415720462799072,10000.0,11.188716176506247,True,False
186,0.0,0.0,0.0,0.5741293749255447,0.00039963431151464573,3.9871599674224854,3.472353219985962,10000.0,3.179488921163294,True,False
187,0.0,0.0,0.0,1.0397721513789584,-0.006016936762215602,6.109640598297119,2.9379708766937256,10000.0,7.465541648072076,True,False
188,0.0,0.0,0.0,0.4284711804406406,-0.0004063948823204954,3.393503427505493,3.9600136280059814,10000.0,2.303173102498306,True,False
189,0.0,0.0,0.0,0.6582866960153394,-0.07957834266199877,3.707308053970337,2.8158764839172363,10000.0,2.7488266014066642,True,False
190,0.0,0.0,0.0,0.7960429564236524,0.002554448280546053,4.56106424331665,2.864835500717163,10000.0,4.160661406332338,True,False
191,0.0,0.0,0.0,0.6504597304706569,0.0057449358390471,4.98016357421875,3.8281874656677246,10000.0,4.960405845195055,True,False
192,0.0,0.0,0.0,0.648457914204413,0.010068726726324622,4.702118873596191,3.6256160736083984,10000.0,4.4219843802859025,True,False
193,0.0,0.0,0.0,0.4818600960829629,0.021389052104297996,3.1869633197784424,3.306938409805298,10000.0,2.031347040322645,True,False
194,0.0,0.0,0.0,0.8236477346515664,-0.008171315987384221,5.49437141418457,3.3353891372680664,10000.0,6.03762344740171,True,False
195,0.0,0.0,0.0,0.9756359873386621,-0.033233138182132055,8.1002836227417,4.1512837409973145,10000.0,13.122918953771475,True,False
196,0.0,0.0,0.0,0.8065724967655191,0.08010862658400206,5.336564540863037,3.3081741333007812,9927.284514639667,5.695784219759343,True,False
197,0.0,0.0,0.0,0.8101251852742359,0.0833466800669821,5.134847164154053,3.1691689491271973,10000.0,5.2733310798441835,True,False
198,0.0,0.0,0.0,1.1020813841170278,0.11022892313784605,8.32172679901123,3.7754592895507812,10000.0,13.850227383476337,True,False
199,0.0,0.0,0.0,0.8259724226242938,-0.042180197499261954,6.017975807189941,3.6429641246795654,10000.0,7.243206563184685,True,False
200,0.0,0.0,0.0,0.6420484054156161,0.06000202220347012,4.892162322998047,3.8098080158233643,10000.0,4.7866504389123286,True,False
201,0.0,0.0,0.0,0.6184137806691645,0.0013104658266139058,3.655426025390625,2.9554855823516846,10000.0,2.6724278854206194,True,False
202,0.0,0.0,0.0,0.7816199759699821,-0.0037539702363110624,4.944586277008057,3.1630373001098633,10000.0,4.889786690155276,True,False
203,0.0,0.0,0.0,0.6988523900607352,-0.02665356779370706,4.683712482452393,3.3510026931762695,10000.0,4.38743252365607,True,False
204,0.0,0.0,0.0,0.6579227629483743,0.06610174601389619,4.126138210296631,3.1357314586639404,10000.0,3.4050033060939757,True,False
205,0.0,0.0,0.0,0.7410903812541701,0.002485224827337814,5.220531940460205,3.5221965312957764,10000.0,5.450790748273036,True,False
206,0.0,0.0,0.0,1.2612378264772006,0.11547391669631663,8.334670066833496,3.3041627407073975,10000.0,13.893345024594055,True,False
207,0.0,0.0,0.0,0.5772974634257821,0.03465617855757366,4.401381969451904,3.8120572566986084,10000.0,3.874432648203264,True,False
208,0.0,0.0,0.0,0.5311733817251759,0.028951595472472925,3.595552921295166,3.384537935256958,10000.0,2.5856001619668394,True,False
209,0.0,0.0,0.0,0.7360240838985255,0.056799933317889635,5.2690815925598145,3.5794219970703125,10000.0,5.552644165810534,True,False
210,0.0,0.0,0.0,1.0587426509146018,0.01086002645650649,6.356979846954346,3.002136468887329,10000.0,8.082238554916735,True,False
211,0.0,0.0,0.0,0.9603618118649888,-0.0027362878112887714,5.706118106842041,2.9708168506622314,10000.0,6.511956769846119,True,False
212,0.0,0.0,0.0,0.69945133906445,0.09315313982590036,5.947332859039307,4.251427173614502,10000.0,7.074153627241728,True,False
213,0.0,0.0,0.0,0.9061021105628594,0.029887568889818528,5.746463298797607,3.1709799766540527,9194.891687244555,6.604368088885575,True,False
214,0.0,0.0,0.0,0.6540692482627114,0.042290276299169,4.440833568572998,3.394773244857788,9428.538102422086,3.944200556752957,True,False
215,0.0,0.0,0.0,0.6866903996995589,-0.00522185806030364,4.0385942459106445,2.940622329711914,10000.0,3.2620486966205124,True,False
216,0.0,0.0,0.0,0.8282073644239012,0.022139943523172164,5.313899993896484,3.208073377609253,10000.0,5.6475066290266085,True,False
217,0.0,0.0,0.0,0.7171684412927064,-0.022442786830626362,5.367177963256836,3.7419228553771973,10000.0,5.761319857853959,True,False
218,0.0,0.0,0.0,0.6802325461270229,0.004887667411954843,4.552639007568359,3.346384286880493,10000.0,4.145304386646604,True,False
219,0.0,0.0,0.0,0.701156550561073,-0.0032515363304525665,4.897765159606934,3.492633104324341,10000.0,4.797620711731906,True,False
220,0.0,0.0,0.0,0.6040632238909889,-0.022029441174435477,4.491103172302246,3.717411518096924,10000.0,4.03400154085266,True,False
221,0.0,0.0,0.0,0.621432037965526,0.04026865297823632,3.8301444053649902,3.0817081928253174,10000.0,2.934001233189747,True,False
222,0.0,0.0,0.0,0.6827078792402594,0.017482839395047627,5.076566219329834,3.717963695526123,10000.0,5.154304915848158,True,False
223,0.0,0.0,0.0,0.88997862041203,0.0011422229034563774,5.966770172119141,3.352198600769043,10000.0,7.120469257378133,True,False
224,0.0,0.0,0.0,0.6803420052287803,0.03395014502278744,4.475949287414551,3.289484739303589,10000.0,4.006824404701366,True,False
225,0.0,0.0,0.0,0.9588004972036585,-0.0444637238924002,6.659943103790283,3.473059892654419,10000.0,8.870968429144746,True,False
226,0.0,0.0,0.0,0.7959353661427142,0.017945006943064456,5.266430377960205,3.3083279132843018,10000.0,5.547057785180414,True,False
227,0.0,0.0,0.0,0.6109037020034241,0.027321893409299244,3.624490261077881,2.966498851776123,10000.0,2.6273859305296803,True,False
228,0.0,0.0,0.0,0.6096247293264309,0.0285345196404179,4.114999771118164,3.3750269412994385,10000.0,3.3866446232605085,True,False
229,0.0,0.0,0.0,0.9180544102197198,0.037507613113774124,7.377776145935059,4.018158435821533,10000.0,10.88631617190567,True,False
230,0.0,0.0,0.0,0.841459931961102,0.008070233545439214,4.958252429962158,2.9462201595306396,10000.0,4.9168534318451265,True,False
231,0.0,0.0,0.0,1.010581368393889,-0.044350742344905436,5.729063510894775,2.834538459777832,10000.0,6.564433742373193,True,False
232,0.0,0.0,0.0,0.687959196948498,0.0023299510157071494,4.05972957611084,2.9505598545074463,10000.0,3.29628084622982,True,False
233,0.0,0.0,0.0,1.232717329033706,0.014215986315634392,7.3648834228515625,2.987255573272705,10000.0,10.84830156643875,True,False
234,0.0,0.0,0.0,0.9478124924973365,0.09214205307324327,6.758051872253418,3.5650784969329834,10000.0,9.134253021613581,True,False
235,0.0,0.0,0.0,1.0956571209098778,0.0667781975709683,7.462461471557617,3.405472993850708,10000.0,11.137666242896373,True,False
236,0.0,0.0,0.0,0.5649229240484813,-0.007273633021485249,3.9351162910461426,3.4828789234161377,10000.0,3.097028044811349,True,False
237,0.0,0.0,0.0,0.9409668466170802,-0.07891386637633135,5.771135330200195,3.066598653793335,10000.0,6.661200599896983,True,False
238,0.0,0.0,0.0,0.7971555377255423,0.07488160029023187,5.639516830444336,3.5372750759124756,10000.0,6.360830016172983,True,False
239,0.0,0.0,0.0,0.8085381617763073,0.014915533335632086,6.514481544494629,4.028555393218994,10000.0,8.48769395871222,True,False
240,0.0,0.0,0.0,0.6967867718577758,0.0007246338211150881,6.148689270019531,4.412174224853516,10000.0,7.56127594785066,True,False
241,0.0,0.0,0.0,0.5328266843444147,0.009682816266246048,4.2124528884887695,3.952929735183716,10000.0,3.5489518675474745,True,False
242,0.0,0.0,0.0,0.9813929832182381,-0.01577373513302134,5.076130390167236,2.586186408996582,10000.0,5.153419947595875,True,False
243,0.0,0.0,0.0,0.9654591067855399,-0.011227265767195068,6.6803436279296875,3.459671974182129,10000.0,8.925398197444153,True,False
244,0.0,0.0,0.0,0.7699285068728272,0.14024312060826402,8.891266822814941,5.774085998535156,10000.0,15.810925142897936,True,False
245,0.0,0.0,0.0,0.7552840746582836,0.02515830780580096,4.283779621124268,2.8358731269836426,10000.0,3.670153568471914,True,False
246,0.0,0.0,0.0,0.7132707858128937,-0.021917951811681366,4.666951656341553,3.271514654159546,10000.0,4.356087552525832,True,False
247,0.0,0.0,0.0,1.0519189088297365,0.022262784059135017,7.2477898597717285,3.4450325965881348,10000.0,10.506091570281974,True,False
248,0.0,0.0,0.0,0.8228898562971364,0.00954836958514816,5.471865653991699,3.3247861862182617,10000.0,5.988262747066798,True,False
249,0.0,0.0,0.0,0.7029695733366904,0.013294893584243302,4.2282609939575195,3.0074281692504883,10000.0,3.575638206604525,True,False
250,0.0,0.0,0.0,1.0419801623949387,0.0051076844241104355,7.081136703491211,3.397922992706299,10000.0,10.028499402706075,True,False
251,0.0,0.0,0.0,0.7763277032565155,-0.004783121559972987,4.771555423736572,3.073158025741577,10000.0,4.553548232357979,True,False
252,0.0,0.0,0.0,1.0371198946798494,0.05710435948202721,6.396482467651367,3.0837719440460205,10000.0,8.182997591794262,True,False
253,0.0,0.0,0.0,0.7123815067298348,0.02263620030976667,6.083375930786133,4.269745826721191,9489.848507524226,7.401492543053607,True,False
254,0.0,0.0,0.0,0.6376481945382731,0.011679396149180786,4.301799297332764,3.373176097869873,10000.0,3.701095438906531,True,False
255,0.0,0.0,0.0,0.6825201876199523,-0.009243237724109713,4.255946636199951,3.1178174018859863,10000.0,3.622616354036335,True,False
256,0.0,0.0,0.0,1.0116576901876357,-0.031260324306840795,5.975529670715332,2.953335762023926,10000.0,7.141390969119854,True,False
257,0.0,0.0,0.0,1.0910669049153057,0.019409312656900234,5.630718231201172,2.5803725719451904,10000.0,6.34099755983625,True,False
258,0.0,0.0,0.0,0.656371402551538,0.07654452243327385,4.806619644165039,3.6615090370178223,10000.0,4.620718480734649,True,False
259,0.0,0.0,0.0,0.9833149172178862,-0.010056942192155843,6.275556564331055,3.1910207271575928,10000.0,7.876522038423715,True,False
260,0.0,0.0,0.0,1.0581158053177349,-0.005745002602862545,7.591439723968506,3.5872442722320557,10000.0,11.5259914165294,True,False
261,0.0,0.0,0.0,0.895011213440838,-0.002334332225567111,5.35873556137085,2.9936695098876953,10000.0,5.74320936334011,True,False
262,0.0,0.0,0.0,0.6721352132325309,0.03930396808415136,4.958545207977295,3.6886515617370605,10000.0,4.917434115910918,True,False
263,0.0,0.0,0.0,1.0154231997198007,0.10256969111497452,8.230929374694824,4.052955150604248,10000.0,13.549639674242826,True,False
264,0.0,0.0,0.0,0.5733874137551467,-0.01926696697361773,3.472465753555298,3.0280275344848633,10000.0,2.4116036819228714,True,False
265,0.0,0.0,0.0,0.871504729717388,0.021346097548294172,5.75601863861084,3.302345037460327,10000.0,6.626350113607074,True,False
266,0.0,0.0,0.0,0.8210100606422625,-0.008632914712452729,5.14093017578125,3.130856990814209,10000.0,5.285832614451646,True,False
267,0.0,0.0,0.0,0.685256518024147,0.0864309017456368,4.480029106140137,3.2688701152801514,10000.0,4.014132158372558,True,False
268,0.0,0.0,0.0,0.670910527840176,-0.004832217198979617,4.477851867675781,3.3371453285217285,10000.0,4.010231469769497,True,False
269,0.0,0.0,0.0,0.7917735823214214,-0.026669081476534604,5.005856513977051,3.1611666679382324,10000.0,5.0117198877052935,True,False
270,0.0,0.0,0.0,1.1052150267051566,-0.026662371036503874,7.320537567138672,3.3118159770965576,10000.0,10.718054054377717,True,False
271,0.0,0.0,0.0,1.4791596887355694,-0.001552772639794,9.642460823059082,3.2594387531280518,10000.0,18.595410144845843,True,False
272,0.0,0.0,0.0,1.182107946585455,0.004324676069117567,7.02740478515625,2.9724040031433105,10000.0,9.87688360288739,True,False
273,0.0,0.0,0.0,0.7916628377360441,0.03337339445568883,5.229377746582031,3.302780866622925,10000.0,5.469278323289473,True,False
274,0.0,0.0,0.0,0.9133331586574066,0.04108203858452775,6.100157737731934,3.339503049850464,10000.0,7.442384885042156,True,False
275,0.0,0.0,0.0,0.9600384540996849,-0.041513715045241976,5.633273124694824,2.9338788986206055,10000.0,6.346753219481798,True,False
276,0.0,0.0,0.0,0.6990801315326483,0.010658721640558524,4.58896541595459,3.2821455001831055,10000.0,4.211720717765456,True,False
277,0.0,0.0,0.0,0.8856473262052911,0.04516245849775347,6.832036972045898,3.857086658477783,10000.0,9.335345837480418,True,False
278,0.0,0.0,0.0,0.9112911055401245,0.03730555567250868,5.545459747314453,3.0426390171051025,10000.0,6.150424761816975,True,False
279,0.0,0.0,0.0,1.0646717297498973,0.03001561263883682,6.734062194824219,3.162506341934204,10000.0,9.06951872875215,True,False
280,0.0,0.0,0.0,0.5575393326816893,0.014285146980212958,4.217117786407471,3.7819015979766846,10000.0,3.5568164848868484,True,False
281,0.0,0.0,0.0,0.7370389758495812,-0.03285037846171028,5.798609733581543,3.9337198734283447,10000.0,6.72477496847732,True,False
282,0.0,0.0,0.0,0.6230575354413616,-0.006112603843102753,4.02763032913208,3.232149600982666,10000.0,3.244361213628917,True,False
283,0.0,0.0,0.0,0.5984221255996623,0.043527117076511836,4.060971736907959,3.393066167831421,10000.0,3.298298289593049,True,False
284,0.0,0.0,0.0,0.8135999717171497,0.020550209336529093,5.706254959106445,3.506793975830078,10000.0,6.512269131665377,True,False
285,0.0,0.0,0.0,0.7396797914115774,-0.009943218480600612,5.029208660125732,3.399585008621216,10000.0,5.058587949416733,True,False
286,0.0,0.0,0.0,0.8894116417449264,-0.02260458521998678,5.58348274230957,3.1388630867004395,10000.0,6.235055906733759,True,False
287,0.0,0.0,0.0,0.62976699185149,0.035553700620807475,4.551997661590576,3.6140332221984863,10000.0,4.144136542225215,True,False
288,0.0,0.0,0.0,0.6905299231411892,0.018822401273028845,4.640744209289551,3.3602774143218994,10000.0,4.3073013632109,True,False
289,0.0,0.0,0.0,0.9297817512963742,-0.06818628374966344,6.793917179107666,3.653501033782959,10000.0,9.231462127314849,True,False
290,0.0,0.0,0.0,0.6079890440704431,-0.03823253133308008,3.7906816005706787,3.1173930168151855,10000.0,2.873853399381016,True,False
291,0.0,0.0,0.0,0.906694643406599,0.007949718947678552,5.441988468170166,3.0010039806365967,10000.0,5.923047697539413,True,False
292,0.0,0.0,0.0,1.1188783394669097,-0.006663717732495061,8.854097366333008,3.9566845893859863,10000.0,15.679008034501017,True,False
293,0.0,0.0,0.0,1.3715890097774788,0.05354438769016482,11.558350563049316,4.213489055633545,10000.0,26.71909354766848,True,False
294,0.0,0.0,0.0,0.7263616274216562,0.06386798613214231,5.791473865509033,3.9866325855255127,9899.028053912592,6.708233906974826,True,False
295,0.0,0.0,0.0,0.608031116810181,0.03258630006536657,6.954977512359619,5.719261169433594,10000.0,9.6743424394856,True,False
296,0.0,0.0,0.0,0.8245018049889151,-0.047472778071637016,5.526176452636719,3.3512215614318848,10000.0,6.107725237135309,True,False
297,0.0,0.0,0.0,0.8992103584221536,-0.011069568792016465,5.634622573852539,3.1330947875976562,10000.0,6.349794309953722,True,False
298,0.0,0.0,0.0,0.6642972100721085,-0.008954221535157418,4.651803970336914,3.5012972354888916,10000.0,4.3278560356884554,True,False
299,0.0,0.0,0.0,0.8060696579937722,0.019155181896575807,5.2910332679748535,3.2819950580596924,10000.0,5.599006608563329,True,False
300,0.0,0.0,0.0,0.7939502000756872,-0.05548385943651285,5.136022090911865,3.234473705291748,10000.0,5.275744583666935,True,False
301,0.0,0.0,0.0,0.7853904798741298,-0.08875012000243712,4.637918949127197,2.952619791030884,10000.0,4.302058435734626,True,False
302,0.0,0.0,0.0,0.6513936650702551,0.08514963030233288,3.891855001449585,2.9873294830322266,10000.0,3.0293070704616287,True,False
303,0.0,0.0,0.0,0.7439156214387475,0.05462145606335806,4.778658390045166,3.2118282318115234,10000.0,4.567115201749811,True,False
304,0.0,0.0,0.0,0.6237358361283825,-0.03698486380110681,4.478696823120117,3.590219259262085,10000.0,4.011745046685245,True,False
305,0.0,0.0,0.0,0.9510688854570909,0.07041794529815852,6.183348178863525,3.2507362365722656,10000.0,7.646758940210972,True,False
306,0.0,0.0,0.0,0.543749245890997,0.06635593690083544,3.6552658081054688,3.361168622970581,10000.0,2.6721936255809844,True,False
307,0.0,0.0,0.0,0.5919402764479779,0.043092998387278085,3.403184652328491,2.874601364135742,10000.0,2.316333155568838,True,False
308,0.0,0.0,0.0,0.9760325073357388,-0.02597907282425196,6.749965190887451,3.4578588008880615,10000.0,9.112406015638449,True,False
309,0.0,0.0,0.0,0.7959061325568977,-0.02361851464295568,5.284717559814453,3.3199377059936523,10000.0,5.585647937402243,True,False
310,0.0,0.0,0.0,0.6553770122323026,-0.040681704094506416,4.251762866973877,3.243753433227539,10000.0,3.6154974953955836,True,False
311,0.0,0.0,0.0,0.6006593563184922,0.02097524219762502,3.891294240951538,3.2391855716705322,10000.0,3.0284341739325207,True,False
312,0.0,0.0,0.0,0.711701143108324,0.049032029966884993,5.074652194976807,3.5651566982269287,10000.0,5.150418979996584,True,False
313,0.0,0.0,0.0,0.7889078748972516,0.017039124596315947,5.047396659851074,3.19897723197937,10000.0,5.095242608375155,True,False
314,0.0,0.0,0.0,0.5764522775823915,0.03739619206281097,3.4401497840881348,2.983898162841797,10000.0,2.3669261073923273,True,False
315,0.0,0.0,0.0,1.0690460375125137,0.02615429862479874,6.477103233337402,3.0293846130371094,10000.0,8.390573259061966,True,False
316,0.0,0.0,0.0,0.8153950514403037,0.011550614285871962,5.155149936676025,3.1611363887786865,6827.14102371201,5.315114173922165,True,False
317,0.0,0.0,0.0,0.8615943817489723,0.02576876706365997,6.28544282913208,3.6475648880004883,10000.0,7.9013583116575745,True,False
318,0.0,0.0,0.0,0.8815259273555807,0.007892263420162743,7.674960136413574,4.353224277496338,10000.0,11.78100261910749,True,False
319,0.0,0.0,0.0,0.634898217655172,-0.06229866656522847,4.093272686004639,3.2235660552978516,10000.0,3.350976256398326,True,False
320,0.0,0.0,0.0,0.7174382246172797,-0.026263689755044128,4.921187400817871,3.429694175720215,10000.0,4.84361708679371,True,False
321,0.0,0.0,0.0,0.8004495351397987,-0.0011046481069653974,4.8753252029418945,3.0453670024871826,10000.0,4.753759166888084,True,False
322,0.0,0.0,0.0,1.1741308220774014,-0.0324901765443557,6.963340759277344,2.9653172492980957,10000.0,9.697622905962632,True,False
323,0.0,0.0,0.0,0.8408731753105999,-0.014226765718906841,5.436838626861572,3.2328529357910156,8567.365352471039,5.911842850906805,True,False
324,0.0,0.0,0.0,0.8984228176353717,-0.04149436056569923,6.314291954040527,3.5140981674194336,10000.0,7.974056576172188,True,False
325,0.0,0.0,0.0,0.7755300630152586,-0.023092104371156632,5.811403274536133,3.746729850769043,10000.0,6.754481603857855,True,False
326,0.0,0.0,0.0,0.7187470683576019,0.014990516007183569,4.749288558959961,3.303866386413574,10000.0,4.5111483632535965,True,False
327,0.0,0.0,0.0,0.48811273383501014,-0.0013811541199316608,3.522670269012451,3.608459711074829,10000.0,2.481841164836851,True,False
328,0.0,0.0,0.0,0.624666946318079,0.018056373379202878,3.873513698577881,3.1004631519317627,10000.0,3.000821674614098,True,False
329,0.0,0.0,0.0,0.7740785128624402,-0.03084783790782029,4.696126461029053,3.0333657264709473,10000.0,4.410720747595452,True,False
330,0.0,0.0,0.0,1.0012277306780655,0.028373462492924172,6.698992729187012,3.3453891277313232,10000.0,8.975300717140087,True,False
331,0.0,0.0,0.0,0.8047937146244034,-0.004130970779054456,5.3862504959106445,3.3463547229766846,10000.0,5.80233888093953,True,False
332,0.0,0.0,0.0,1.1720922019069286,0.0573248296220008,9.17833137512207,3.9153623580932617,10000.0,16.848353366310036,True,False
333,0.0,0.0,0.0,1.0001844872377614,0.06639335768242492,5.81914758682251,2.9090371131896973,10000.0,6.772495727444447,True,False
334,0.0,0.0,0.0,0.5803535391261873,-0.024396896169162772,3.600949764251709,3.1023759841918945,10000.0,2.5933678409328866,True,False
335,0.0,0.0,0.0,0.6887026905970209,-0.017089663139426024,4.419611930847168,3.2086501121520996,10000.0,3.9065939238573257,True,False
336,0.0,0.0,0.0,0.7072823246914962,0.0396818032633632,4.628201007843018,3.271820068359375,10000.0,4.284048913799825,True,False
337,0.0,0.0,0.0,0.9947158033365401,-0.016505141908053765,6.688129901885986,3.3618295192718506,10000.0,8.94621631690029,True,False
338,0.0,0.0,0.0,0.6119322058372859,0.011807603794867253,3.701962947845459,3.0248146057128906,10000.0,2.740905933444127,True,False
339,0.0,0.0,0.0,0.909966101811641,0.005107733201673548,6.048507213592529,3.323479413986206,10000.0,7.31688790257617,True,False
340,0.0,0.0,0.0,0.9714457588085552,0.01571105229886172,5.749857425689697,2.959433078765869,10000.0,6.6121720831517905,True,False
341,0.0,0.0,0.0,0.3916123330522128,0.08050409473879518,3.234914779663086,4.130251407623291,10000.0,2.0929347263365337,True,False
342,0.0,0.0,0.0,1.4775214714016542,0.09556960214105197,13.294276237487793,4.498843669891357,10000.0,35.34755613572651,True,False
343,0.0,0.0,0.0,0.6977320021733842,-0.005063625426921426,5.129449367523193,3.675801992416382,10000.0,5.262250162796818,True,False
344,0.0,0.0,0.0,0.7367681516220566,0.02792171419594364,4.920041084289551,3.3389344215393066,10000.0,4.841360854219417,True,False
345,0.0,0.0,0.0,0.8656033188971459,-0.07667670367572645,6.04966926574707,3.494481325149536,10000.0,7.3196996449849365,True,False
346,0.0,0.0,0.0,0.6746668034906375,0.0394914830039037,4.58962345123291,3.401400089263916,8420.540746966964,4.212928684821417,True,False
347,0.0,0.0,0.0,0.477249213560158,0.09880746265083627,5.186189651489258,5.4334187507629395,10000.0,5.379312620242853,True,False
348,0.0,0.0,0.0,0.9038992634712849,0.01271363704261738,5.72800350189209,3.168496608734131,10000.0,6.562004823537606,True,False
349,0.0,0.0,0.0,0.7096222405276719,0.051532702883446586,4.67421293258667,3.2934515476226807,10000.0,4.369653307832095,True,False
350,0.0,0.0,0.0,0.8971023027154312,0.038215335504115766,6.022778034210205,3.3567955493927,10000.0,7.254771049872986,True,False
351,0.0,0.0,0.0,0.9735510005006672,-0.0010970744451780673,5.455722332000732,2.8019704818725586,10000.0,5.952981232778299,True,False
352,0.0,0.0,0.0,0.7231490491543141,-0.014054775257558223,4.400814056396484,3.0428125858306885,8506.420917319478,3.8734328717953748,True,False
353,0.0,0.0,0.0,0.6041758401624312,0.10707030653434221,4.661677360534668,3.8578813076019287,10000.0,4.3462471627442945,True,False
354,0.0,0.0,0.0,0.9337920225373771,0.04104477942562243,5.425062656402588,2.904855966567993,10000.0,5.886260965178778,True,False
355,0.0,0.0,0.0,1.003721429508656,-0.00370617315472584,8.061251640319824,4.015681743621826,10000.0,12.996755601711811,True,False
356,0.0,0.0,0.0,0.8123753632813677,-0.006904469523846317,5.293698787689209,3.2581605911254883,10000.0,5.604649370956437,True,False
357,0.0,0.0,0.0,0.8496526012356206,0.06704300542710512,6.714962005615234,3.9515926837921143,10000.0,9.018142947371231,True,False
358,0.0,0.0,0.0,0.7216765139561288,-0.03467298370859798,4.16001558303833,2.882188558578491,10000.0,3.4611459302243475,True,False
359,0.0,0.0,0.0,0.8181095604365192,0.011283090244715913,5.13082218170166,3.13577938079834,10000.0,5.265067252048354,True,False
360,0.0,0.0,0.0,0.8804909876186465,0.07392320772665247,9.14781379699707,5.194723129272461,10000.0,16.73649945290599,True,False
361,0.0,0.0,0.0,0.718428578150864,0.03850210977112173,5.751290798187256,4.002687931060791,10000.0,6.615469169062678,True,False
362,0.0,0.0,0.0,0.8377787686439699,-0.052853414256866876,6.389740943908691,3.8135013580322266,10000.0,8.165757866052623,True,False
363,0.0,0.0,0.0,0.6731590437373928,0.0299573479575464,4.3098225593566895,3.2011919021606445,10000.0,3.7149140986279683,True,False
364,0.0,0.0,0.0,1.226777807205857,-0.041477037751798014,8.790521621704102,3.582768440246582,10000.0,15.454654076329462,True,False
365,0.0,0.0,0.0,0.8749853472077949,0.06026268627172694,4.986532211303711,2.849494695663452,8375.398470244121,4.973100698873893,True,False
366,0.0,0.0,0.0,0.8645816939397778,-0.03429243030038914,5.155214786529541,2.981334686279297,10000.0,5.315247899050561,True,False
367,0.0,0.0,0.0,0.6842709105078377,-0.07217281199155623,5.2632904052734375,3.8459112644195557,10000.0,5.540445178048685,True,False
368,0.0,0.0,0.0,0.5646730742384575,0.01551175432241211,3.4525034427642822,3.057081699371338,10000.0,2.3839560044598436,True,False
369,0.0,0.0,0.0,0.83222049704817,0.07383391592435701,8.015103340148926,4.815492630004883,10000.0,12.848376310653293,True,False
370,0.0,0.0,0.0,0.9896427040213689,-0.00853493881975069,5.911660671234131,2.986765146255493,8569.452294410868,6.989546378363272,True,False
371,0.0,0.0,0.0,0.7311595330085492,0.049902299912422864,5.560757637023926,3.8026978969573975,10000.0,6.18440509954398,True,False
372,0.0,0.0,0.0,0.9352270279186903,0.08252606146085048,7.775053977966309,4.156773567199707,10000.0,12.090292872057944,True,False
373,0.0,0.0,0.0,0.4978815178716249,0.055009348894512325,3.5377345085144043,3.5527875423431396,10000.0,2.50311309054673,True,False
374,0.0,0.0,0.0,0.753039180145918,-0.0408090123837159,5.009088039398193,3.3259146213531494,10000.0,5.0181925972884045,True,False
375,0.0,0.0,0.0,0.6225300467468883,-0.0065723980315906755,3.999647617340088,3.2124133110046387,10000.0,3.1994362125788474,True,False
376,0.0,0.0,0.0,0.9058508868828992,0.0006123883334107661,6.3169708251953125,3.4867608547210693,10000.0,7.980824081273749,True,False
377,0.0,0.0,0.0,0.737681391707636,-0.020273115382385454,4.801883220672607,3.254713535308838,10000.0,4.611616492995427,True,False
378,0.0,0.0,0.0,0.4732891556473703,0.02233159883571954,3.293520212173462,3.4793953895568848,10000.0,2.169455077599025,True,False
379,0.0,0.0,0.0,0.9591893051153219,0.0032823759187353813,5.854147911071777,3.051612377166748,10000.0,6.85420955294121,True,False
380,0.0,0.0,0.0,0.8622930684670695,0.036022955937328315,4.6746954917907715,2.710618734359741,10000.0,4.370555588193792,True,False
381,0.0,0.0,0.0,0.8995879741281729,0.0022215256248435205,5.731733798980713,3.1857550144195557,10000.0,6.570554468475574,True,False
382,0.0,0.0,0.0,0.8821656680744924,-0.010370139624940666,6.466492176055908,3.665123462677002,10000.0,8.36310421259845,True,False
383,0.0,0.0,0.0,0.8425888210529777,-0.015113804688619427,6.549549579620361,3.886563301086426,10000.0,8.579319939181048,True,False
384,0.0,0.0,0.0,0.9415478766553739,0.07484982041807733,5.299845218658447,2.814432144165039,10000.0,5.617671868347358,True,False
385,0.0,0.0,0.0,0.5958510896143993,-0.03725782283424775,4.111072540283203,3.4497482776641846,10000.0,3.3801834862941167,True,False
386,0.0,0.0,0.0,0.8433447266853887,-0.06121288609356168,5.959940433502197,3.5335137844085693,10000.0,7.104177994178869,True,False
387,0.0,0.0,0.0,0.7385766289099207,0.04617828667427071,4.864325523376465,3.2930405139923096,10000.0,4.732332559474344,True,False
388,0.0,0.0,0.0,0.6483524735529413,-0.06708588840832419,5.1668243408203125,3.9845798015594482,10000.0,5.3392147537786485,True,False
389,0.0,0.0,0.0,0.5733548251116936,0.04457891409806802,3.351813554763794,2.9229836463928223,10000.0,2.24693082117966,True,False
390,0.0,0.0,0.0,0.9931038474422481,0.05125190343837261,7.821691513061523,3.938002824783325,10000.0,12.23577162509973,True,False
391,0.0,0.0,0.0,1.0505423350201732,0.0011235420747233282,9.961299896240234,4.741027355194092,10000.0,19.84549912456714,True,False
392,0.0,0.0,0.0,0.7660101415592324,0.03488356660402509,4.7728166580200195,3.1153743267059326,10000.0,4.555955770214677,True,False
393,0.0,0.0,0.0,0.6786784604567963,-0.023253979090574865,4.306437015533447,3.172663688659668,10000.0,3.709079953751324,True,False
394,0.0,0.0,0.0,0.6364125504253216,0.06480038796947783,4.603403091430664,3.6166815757751465,10000.0,4.23826400443868,True,False
395,0.0,0.0,0.0,0.6464939439361372,0.0038047677988089145,4.0575103759765625,3.1380884647369385,10000.0,3.292678090231492,True,False
396,0.0,0.0,0.0,1.1900778421543037,0.06804801198486368,7.8954176902771,3.317185401916504,10000.0,12.467524100788111,True,False
397,0.0,0.0,0.0,0.914881166780104,0.051213451637808466,5.881405353546143,3.2143001556396484,10000.0,6.918185786544242,True,False
398,0.0,0.0,0.0,1.3745028013209413,0.05032003126390537,7.714679718017578,2.8063528537750244,10000.0,11.903256630318353,True,False
399,0.0,0.0,0.0,0.8994479621243344,0.02252140020121027,5.141745567321777,2.858278512954712,9357.255489768306,5.2875094958146285,True,False
400,0.0,0.0,0.0,0.5288630316913552,0.04188522778494644,3.757949113845825,3.552856683731079,10000.0,2.824436308450924,True,False
401,0.0,0.0,0.0,0.6959225596247944,-0.011731135800972448,4.308642387390137,3.0956335067749023,10000.0,3.7128798444829947,True,False
402,0.0,0.0,0.0,0.6872183071135674,-0.041439068868517816,4.3916473388671875,3.195234537124634,10000.0,3.857313269795849,True,False
403,0.0,0.0,0.0,0.5046328917787247,0.015318522537208385,3.8917105197906494,3.8559818267822266,10000.0,3.0290821539698403,True,False
404,0.0,0.0,0.0,0.7925343322565905,0.1378226759697977,5.9903244972229,3.7792208194732666,10000.0,7.176797516405756,True,False
405,0.0,0.0,0.0,1.0095017983038854,0.010738832755919945,6.49161434173584,3.215256452560425,10000.0,8.428211352366084,True,False
406,0.0,0.0,0.0,1.2755063265632773,-0.050052346333931526,7.455422401428223,2.922534465789795,10000.0,11.11666463674355,True,False
407,0.0,0.0,0.0,0.9467710146393407,0.0178271496518189,6.427364349365234,3.3943605422973633,10000.0,8.262202495898237,True,False
408,0.0,0.0,0.0,0.8482878800275544,0.04941975507510309,5.517286777496338,3.2520132064819336,10000.0,6.088090677027182,True,False
409,0.0,0.0,0.0,1.1728046277853683,-0.030310018550270636,7.338184833526611,3.128477096557617,10000.0,10.769791330199993,True,False
410,0.0,0.0,0.0,0.5863448548883408,-0.0005877482327719491,5.068051815032959,4.321732997894287,10000.0,5.137029839971774,True,False
411,0.0,0.0,0.0,0.9653121524945789,0.010726600717812887,5.528441429138184,2.863551139831543,10000.0,6.112732927082288,True,False
412,0.0,0.0,0.0,1.22827854254383,0.0795886550248493,8.272481918334961,3.3675105571746826,10000.0,13.68679141783577,True,False
413,0.0,0.0,0.0,0.9108886285917552,-0.03257602915386682,6.470293998718262,3.55163836479187,10000.0,8.37294088596991,True,False
414,0.0,0.0,0.0,0.432703693791537,0.003960084710735008,4.4591965675354,5.152713775634766,10000.0,3.9768868055838986,True,False
415,0.0,0.0,0.0,0.804556575262596,-0.03026703013275548,5.052074909210205,3.1396641731262207,10000.0,5.1046921776542575,True,False
416,0.0,0.0,0.0,1.006363404806088,-0.03887953693255572,8.236703872680664,4.092310905456543,10000.0,13.56865813724653,True,False
417,0.0,0.0,0.0,0.6186443572728388,0.03623398511549492,4.8534722328186035,3.9226675033569336,10000.0,4.711238542948241,True,False
418,0.0,0.0,0.0,0.5995367807248585,0.04732136732589747,3.601696729660034,3.003732919692993,10000.0,2.5944438664887564,True,False
419,0.0,0.0,0.0,0.5558533866448181,0.03128756619930003,3.7312676906585693,3.356341600418091,10000.0,2.784471715870506,True,False
420,0.0,0.0,0.0,0.84754679790135,0.029430152410248534,5.900799751281738,3.4811055660247803,10000.0,6.963887540945322,True,False
421,0.0,0.0,0.0,0.6746139012302513,0.002731979659802769,4.802526473999023,3.5594630241394043,10000.0,4.612852106692298,True,False
422,0.0,0.0,0.0,0.5064244056044334,0.050694354399757814,4.029851913452148,3.9787299633026123,10000.0,3.2479412888707877,True,False
423,0.0,0.0,0.0,0.7472922413426983,0.054611899196393116,4.748925685882568,3.177422046661377,10000.0,4.510459034007045,True,False
424,0.0,0.0,0.0,0.6445006759612008,0.02790374657405138,5.117702960968018,3.970285177230835,10000.0,5.23817671934016,True,False
425,0.0,0.0,0.0,0.5651981192311215,0.09144771198885282,3.942371368408203,3.4876012802124023,10000.0,3.108458401288953,True,False
426,0.0,0.0,0.0,1.0564828732332634,-0.011069661903516662,6.510070323944092,3.0810108184814453,10000.0,8.476203124539502,True,False
427,0.0,0.0,0.0,0.5778329558872989,-0.08474442425046685,4.392842769622803,3.801135540008545,9253.294696192555,3.859413519725466,True,False
428,0.0,0.0,0.0,0.7022317342346637,0.025490681556008966,4.495328903198242,3.20074462890625,10000.0,4.0415963895859015,True,False
429,0.0,0.0,0.0,1.1353252954056672,0.0542170472277372,6.775366306304932,2.9838876724243164,10000.0,9.181117716922422,True,False
430,0.0,0.0,0.0,0.8978675242228769,0.051720475582084695,5.757373332977295,3.2061374187469482,10000.0,6.629469539055616,True,False
431,0.0,0.0,0.0,0.6829983851495178,-0.07185636836374197,4.941703796386719,3.6176540851593018,10000.0,4.884087282244579,True,False
432,0.0,0.0,0.0,1.089930394819111,-0.04127831999691949,7.716286659240723,3.539807081222534,10000.0,11.908215961515268,True,False
433,0.0,0.0,0.0,0.570190094393358,-0.04214058301034918,3.5824029445648193,3.141411066055298,10000.0,2.5667221714453365,True,False
434,0.0,0.0,0.0,1.2646215306999686,-0.005565614159235096,7.994953632354736,3.161006450653076,10000.0,12.783856716700434,True,False
435,0.0,0.0,0.0,0.5821605524269011,0.007360060934250859,3.884463310241699,3.336247444152832,10000.0,3.01781104172278,True,False
436,0.0,0.0,0.0,0.4773807191085229,0.03872121601951107,3.358461380004883,3.517592191696167,10000.0,2.2558525681968593,True,False
437,0.0,0.0,0.0,0.5469488504039128,-0.0018482454893960162,3.915703535079956,3.5795884132385254,10000.0,3.066546834927532,True,False
438,0.0,0.0,0.0,0.8200836020805168,-0.009517700977656533,4.831079483032227,2.9454798698425293,10000.0,4.667865794274984,True,False
439,0.0,0.0,0.0,0.9617281552417326,-0.006606428112662262,5.720123767852783,2.9738776683807373,10000.0,6.543963183910861,True,False
440,0.0,0.0,0.0,0.5444490800998036,-0.009536160125521836,4.325969696044922,3.9727954864501953,10000.0,3.7428027622197977,True,False
441,0.0,0.0,0.0,0.7850207120204129,-0.0034636098390262993,5.3424506187438965,3.402745008468628,10000.0,5.708355722743406,True,False
442,0.0,0.0,0.0,0.9380588709610014,0.04591519585814285,5.672694206237793,3.023634433746338,10000.0,6.435891911496764,True,False
443,0.0,0.0,0.0,1.190085052426702,0.016479507608917192,7.8651838302612305,3.3044629096984863,10000.0,12.372223336760541,True,False
444,0.0,0.0,0.0,0.6613231635661266,-0.07494246150642953,4.2859578132629395,3.24044132232666,10000.0,3.6738868754139276,True,False
445,0.0,0.0,0.0,1.0902282687183362,0.016616615991005026,7.176390647888184,3.2912330627441406,10000.0,10.300116546219392,True,False
446,0.0,0.0,0.0,0.6296766963087916,-0.04447045365714987,4.253350257873535,3.377408027648926,9035.142847050663,3.618197683230573,True,False
447,0.0,0.0,0.0,0.5930135216035817,-0.0327950791396104,5.032264709472656,4.242959499359131,10000.0,5.064737621240781,True,False
448,0.0,0.0,0.0,0.6817757350748495,-0.03673516880309756,4.360707759857178,3.1980514526367188,10000.0,3.8031544333757203,True,False
449,0.0,0.0,0.0,0.6945853733460334,-0.02299225312661861,4.644811153411865,3.34358549118042,10000.0,4.314854130171852,True,False
450,0.0,0.0,0.0,0.7267625546002844,0.07481883254274493,5.250546455383301,3.6122846603393555,10000.0,5.513647616027626,True,False
451,0.0,0.0,0.0,0.6714314775698789,-0.08596777546943,3.9298462867736816,2.92646861076355,10000.0,3.0887383675337787,True,False
452,0.0,0.0,0.0,1.0302397065084532,0.03440083970737293,6.867814064025879,3.3331146240234375,10000.0,9.433374003606332,True,False
453,0.0,0.0,0.0,1.2236635725880816,0.039995579920053266,8.0450439453125,3.2872776985168457,10000.0,12.944546416401863,True,False
454,0.0,0.0,0.0,0.8832070110536961,0.034668421478541066,5.794096946716309,3.280146598815918,10000.0,6.714311885589449,True,False
455,0.0,0.0,0.0,0.7534182870512572,0.023648321671495914,6.5030927658081055,4.315725326538086,10000.0,8.45804310414114,True,False
456,0.0,0.0,0.0,0.6995007836738623,0.020860238755334243,4.865485191345215,3.4778268337249756,9430.818210589208,4.734589229439916,True,False
457,0.0,0.0,0.0,1.0186605170055099,-0.040748271883925866,7.74986457824707,3.8039486408233643,10000.0,12.012080196233725,True,False
458,0.0,0.0,0.0,1.4374477523210238,0.0047771120288997385,8.95278263092041,3.1141245365142822,10000.0,16.030463367302033,True,False
459,0.0,0.0,0.0,0.9580686790495684,0.07789614961135995,8.68156909942627,4.530765533447266,10000.0,15.07392840562261,True,False
460,0.0,0.0,0.0,0.8156699608493376,0.01363041451567016,5.712230682373047,3.5015575885772705,10000.0,6.525915873728806,True,False
461,0.0,0.0,0.0,0.6197502864245973,-0.02343830715056999,4.420037746429443,3.5659828186035156,10000.0,3.9073467359722134,True,False
462,0.0,0.0,0.0,0.8732032395440253,-0.07373548849847741,7.622291088104248,4.364557266235352,10000.0,11.619864286358684,True,False
463,0.0,0.0,0.0,0.8674587405242804,0.010777434209079896,5.9705376625061035,3.4413957595825195,10000.0,7.129463995880769,True,False
464,0.0,0.0,0.0,0.7712362993352307,0.10459776661717278,5.127773761749268,3.324385643005371,10000.0,5.258812750336844,True,False
465,0.0,0.0,0.0,0.9430853003149053,0.000372389660437979,6.989838123321533,3.7058355808258057,10000.0,9.771567398047814,True,False
466,0.0,0.0,0.0,0.5808658535204948,-0.028923174689852144,4.037435531616211,3.4753596782684326,10000.0,3.260177134391414,True,False
467,0.0,0.0,0.0,1.2117332668562804,0.04934480436836729,8.047367095947266,3.32060170173645,10000.0,12.952023435386941,True,False
468,0.0,0.0,0.0,1.2296003057242904,0.05616016317448945,8.685348510742188,3.5317771434783936,8245.565032731787,15.087055750610304,True,False
469,0.0,0.0,0.0,1.0082166714350638,-0.0006929509826109366,6.504642963409424,3.225816011428833,10000.0,8.462076016286346,True,False
470,0.0,0.0,0.0,1.0984322381997538,-0.017925358457433174,7.744570255279541,3.5252835750579834,10000.0,11.99567368779212,True,False
471,0.0,0.0,0.0,0.7634006767706816,0.04675944610310411,5.218997955322266,3.4182560443878174,10000.0,5.447587931531597,True,False
472,0.0,0.0,0.0,0.7186245446821378,0.07464564204229832,4.968305587768555,3.4568159580230713,10000.0,4.936812082690448,True,False
473,0.0,0.0,0.0,1.0853177915460468,-0.005070947287986034,7.638522624969482,3.5190258026123047,10000.0,11.66940557843413,True,False
474,0.0,0.0,0.0,1.1574244571316237,0.025746850786201498,6.737797260284424,2.9106855392456055,10000.0,9.079582384139258,True,False
475,0.0,0.0,0.0,0.6658956519051726,0.05426822440427328,4.787749767303467,3.5949699878692627,8513.8244680667,4.584509566862881,True,False
476,0.0,0.0,0.0,0.7719119419106307,0.04151592930697794,5.895367622375488,3.818678855895996,10000.0,6.951071880590643,True,False
477,0.0,0.0,0.0,0.7614033942395894,0.002084069443216995,5.23881196975708,3.4402341842651367,10000.0,5.4890301708940115,True,False
478,0.0,0.0,0.0,0.9078632690607402,-0.021701269706642743,6.179074764251709,3.4030866622924805,10000.0,7.63619298844246,True,False
479,0.0,0.0,0.0,0.6395975013770027,0.028931025551145732,4.340529918670654,3.3931729793548584,10000.0,3.7680399949750143,True,False
480,0.0,0.0,0.0,0.8216523277641901,0.05866306848145277,5.402294158935547,3.2874574661254883,10000.0,5.836956435933825,True,False
481,0.0,0.0,0.0,1.2168442491380824,-0.0033980629028669503,7.656219005584717,3.145932197570801,10000.0,11.723537892295326,True,False
482,0.0,0.0,0.0,1.6981942479015357,0.11069317886967533,11.168134689331055,3.288238286972046,9627.079244790068,24.945446487807928,True,False
483,0.0,0.0,0.0,1.3185515973068636,0.029790522711958776,8.995885848999023,3.411275625228882,9061.898519856688,16.185192441644176,True,False
484,0.0,0.0,0.0,0.6684243760981263,0.033452373651582434,5.2574896812438965,3.932748317718506,10000.0,5.52823954967721,True,False
485,0.0,0.0,0.0,0.8350654277115078,-0.061439054845668195,5.674667835235596,3.397738456726074,10000.0,6.4403710080514855,True,False
486,0.0,0.0,0.0,0.8905193248751627,-0.026501083091847243,6.625334739685059,3.7199275493621826,10000.0,8.779012082575534,True,False
487,0.0,0.0,0.0,0.6058525505540059,0.047744175521106574,4.042581558227539,3.336275100708008,10000.0,3.268493130984279,True,False
488,0.0,0.0,0.0,0.8270245335211991,0.049580337124307296,5.829442977905273,3.5243470668792725,10000.0,6.79648108652982,True,False
489,0.0,0.0,0.0,0.6265775534418185,-0.09059116286628957,5.468400001525879,4.363705635070801,10000.0,5.980679715337644,True,False
490,0.0,0.0,0.0,0.8717143430743274,-0.017903895873042402,5.455661296844482,3.1292712688446045,10000.0,5.952848037177361,True,False
491,0.0,0.0,0.0,0.6505800369917434,0.022351347409230535,4.267241954803467,3.279567241668701,10000.0,3.6418707801669825,True,False
492,0.0,0.0,0.0,0.6237316362322828,0.05807640244063086,4.467588424682617,3.58133864402771,10000.0,3.991869266471621,True,False
493,0.0,0.0,0.0,0.7927713399166354,0.02859843688008406,4.868497848510742,3.070556163787842,10000.0,4.740454260190745,True,False
494,0.0,0.0,0.0,0.7937827220026997,-0.027988901600283275,6.503567695617676,4.096566677093506,10000.0,8.459278554296361,True,False
495,0.0,0.0,0.0,0.9756332583703835,0.017643902416483302,6.1488800048828125,3.1512250900268555,10000.0,7.561745062889528,True,False
496,0.0,0.0,0.0,0.9128116873274703,0.022915035212054936,6.200002670288086,3.396101713180542,10000.0,7.6880066223158785,True,False
497,0.0,0.0,0.0,1.0236604688644824,-0.005234197175786034,6.403561592102051,3.1277761459350586,10000.0,8.201120212768906,True,False
498,0.0,0.0,0.0,0.971881055762528,-0.03038490515441101,7.396568298339844,3.8052847385406494,10000.0,10.94184451840119,True,False
499,0.0,0.0,0.0,0.5325127531098217,0.0029861948559339927,3.7830607891082764,3.5520846843719482,10000.0,2.862309786817706,True,False
500,0.0,0.0,0.0,0.6042716060482063,0.022298841249602176,4.986886024475098,4.12636137008667,10000.0,4.973806444221008,True,False
501,0.0,0.0,0.0,0.8613104168405495,0.06980955261536012,5.993480205535889,3.4792799949645996,10000.0,7.184360994830101,True,False
502,0.0,0.0,0.0,0.62394804783233,0.016404770340002366,3.879199266433716,3.1085915565490723,10000.0,3.009637389739975,True,False
503,0.0,0.0,0.0,0.7637594392508502,0.10605336117190893,5.4960618019104,3.598031997680664,10000.0,6.041339066083719,True,False
504,0.0,0.0,0.0,0.5389278864505612,-0.014486650097766155,3.790924072265625,3.5170977115631104,10000.0,2.874221064336597,True,False
505,0.0,0.0,0.0,0.8822868188620121,-0.007119617701972786,7.053832530975342,3.997471332550049,10000.0,9.951310675009196,True,False
506,0.0,0.0,0.0,0.7001198225415635,0.06477795940994582,5.117593765258789,3.6547985076904297,10000.0,5.237953189243125,True,False
507,0.0,0.0,0.0,0.5885313925869471,0.07329906590652716,4.405352592468262,3.7426657676696777,10000.0,3.881426292793366,True,False
508,0.0,0.0,0.0,0.9986939591090648,0.0318976837690124,6.8246750831604,3.416800022125244,10000.0,9.31523799814208,True,False
509,0.0,0.0,0.0,0.560697331027562,0.04035722425783587,3.9266357421875,3.5015645027160645,10000.0,3.083693650364875,True,False
510,0.0,0.0,0.0,0.7587921665578318,0.011495013661854632,5.36295223236084,3.533874273300171,10000.0,5.75225132931682,True,False
511,0.0,0.0,0.0,0.5092929251873491,-0.020347787319764814,3.584918260574341,3.519505262374878,10000.0,2.5703277869998704,True,False
512,0.0,0.0,0.0,0.6794708439089867,0.027504727511989444,4.863100528717041,3.5785939693450928,10000.0,4.7299493504815935,True,False
513,0.0,0.0,0.0,0.6526294384760849,0.012439893273538396,4.800851345062256,3.678083658218384,10000.0,4.609634727477214,True,False
514,0.0,0.0,0.0,0.6460180773003328,0.05145659284717296,4.38263463973999,3.3920371532440186,10000.0,3.8414972770897737,True,False
515,0.0,0.0,0.0,1.1366368346730202,-0.09616630356905544,8.013222694396973,3.524970531463623,10000.0,12.842347589999733,True,False
516,0.0,0.0,0.0,0.6564470590885833,0.03120039753513298,5.501891613006592,4.190659046173096,10000.0,6.054162264254455,True,False
517,0.0,0.0,0.0,0.8467628758322857,0.044599239590803814,7.510320663452148,4.434724807739258,9879.713000895475,11.280983293575261,True,False
518,0.0,0.0,0.0,0.6454514738090754,0.12202047324395232,5.082812786102295,3.937408924102783,9674.161838375818,5.166997163712992,True,False
519,0.0,0.0,0.0,0.7840812878453819,0.02731223315692844,5.536629676818848,3.5306477546691895,10000.0,6.130853635646233,True,False
520,0.0,0.0,0.0,0.5579630548209621,-0.051155072424398214,4.279699325561523,3.8351099491119385,10000.0,3.6631652634423517,True,False
521,0.0,0.0,0.0,0.8414906659510484,-0.005594324241888416,5.509905815124512,3.2738959789276123,10000.0,6.071812418308582,True,False
522,0.0,0.0,0.0,0.7903444355798493,0.004073750755373366,5.577308177947998,3.5284035205841064,10000.0,6.221273302361123,True,False
523,0.0,0.0,0.0,0.6898277587642021,-0.05279642037202865,5.467291355133057,3.962794542312622,10000.0,5.978254952382528,True,False
524,0.0,0.0,0.0,0.7667463599094205,0.032060124190905315,5.418598651885986,3.533501386642456,10000.0,5.872242270044126,True,False
525,0.0,0.0,0.0,0.6836244308988295,0.034584154419597106,4.417456150054932,3.2309086322784424,10000.0,3.902783767531627,True,False
526,0.0,0.0,0.0,0.9447542727772669,-0.07498508253814004,6.732800006866455,3.5632545948028564,10000.0,9.066119186492188,True,False
527,0.0,0.0,0.0,1.1469986649255142,0.0025665533727203824,8.725427627563477,3.803591012954712,9050.923615425168,15.226617456769596,True,False
528,0.0,0.0,0.0,1.3682989696086234,-0.007936365422185019,9.403825759887695,3.4363198280334473,10000.0,17.68638778446548,True,False
529,0.0,0.0,0.0,0.6448843821785628,0.010418132782799322,5.359387397766113,4.155308723449707,7607.5401200807955,5.744606655866846,True,False
530,0.0,0.0,0.0,1.1236430108354847,-0.0003196905979867645,8.182977676391602,3.6412711143493652,10000.0,13.392224730464655,True,False
531,0.0,0.0,0.0,0.8005225098152681,0.03905760197004558,6.079334259033203,3.7971038818359375,10000.0,7.391661006610956,True,False
532,0.0,0.0,0.0,0.9263567648351322,0.07191042262176728,6.422030448913574,3.4662835597991943,10000.0,8.248495017354614,True,False
533,0.0,0.0,0.0,0.5171938186284802,-0.10257888810093267,4.4327311515808105,4.285367488861084,10000.0,3.9298210924389867,True,False
534,0.0,0.0,0.0,1.2731184603124894,0.04311610927132556,8.624417304992676,3.387122869491577,10000.0,14.876114770131423,True,False
535,0.0,0.0,0.0,0.7047840583942254,0.07472070094181553,6.053491592407227,4.294571876525879,10000.0,7.328952091868995,True,False
536,0.0,0.0,0.0,0.7628345459526165,0.006229129111677789,4.655414581298828,3.051392078399658,10000.0,4.334576984753948,True,False
537,0.0,0.0,0.0,1.0251931628310935,-0.05406626077272853,6.945691108703613,3.3875036239624023,10000.0,9.648524995504886,True,False
538,0.0,0.0,0.0,1.0008326175987388,0.036186425197198696,9.26706600189209,4.629678249359131,10000.0,17.175702456684846,True,False
539,0.0,0.0,0.0,0.5801798359599196,-0.04679149815443228,3.865021228790283,3.3308820724487305,10000.0,2.9876778197999094,True,False
540,0.0,0.0,0.0,0.8427026971367528,-0.04647256252441447,7.336540222167969,4.352982521057129,10000.0,10.764964486297686,True,False
541,0.0,0.0,0.0,0.741735487353133,0.0456165164412989,5.029403209686279,3.390294313430786,10000.0,5.058979329120529,True,False
542,0.0,0.0,0.0,0.5297780916933952,0.03276850171665494,3.773655652999878,3.5615437030792236,10000.0,2.8480953974835863,True,False
543,0.0,0.0,0.0,0.5692514784182843,0.03437397632848056,4.210448265075684,3.6982321739196777,10000.0,3.545574918575767,True,False
544,0.0,0.0,0.0,0.9187467089920608,-0.04148717873174737,6.5261125564575195,3.551638603210449,10000.0,8.5180290199105,True,False
545,0.0,0.0,0.0,0.7648629557546428,-0.03174101826660976,5.088873863220215,3.326657295227051,10000.0,5.179327439153166,True,False
546,0.0,0.0,0.0,0.617557253645871,0.01145677737880527,4.140069961547852,3.3519725799560547,10000.0,3.4280358573021648,True,False
547,0.0,0.0,0.0,0.7441718160400643,-0.07905499649835891,5.463268756866455,3.670703887939453,10000.0,5.969461101950628,True,False
548,0.0,0.0,0.0,0.8757656510203313,0.0069535707565470785,6.12064790725708,3.494455337524414,8806.479057658216,7.492466160922092,True,False
549,0.0,0.0,0.0,1.1144770887108442,-0.009974333150149258,9.234638214111328,4.143036365509033,10000.0,17.055708589105052,True,False
550,0.0,0.0,0.0,0.7537749544337246,0.05143333460480238,5.474486351013184,3.6313798427581787,10000.0,5.994000161485928,True,False
551,0.0,0.0,0.0,0.8749068655969542,0.021523708328608115,6.029299259185791,3.445680618286133,10000.0,7.270489911363665,True,False
552,0.0,0.0,0.0,0.8274695540243296,-0.0710282821390363,5.5837812423706055,3.3740100860595703,10000.0,6.235722592529964,True,False
553,0.0,0.0,0.0,0.9608604119433426,0.0839848487566278,7.4295783042907715,3.8661069869995117,10000.0,11.039726755917627,True,False
554,0.0,0.0,0.0,0.6568996116699688,-0.031611817811270856,5.356914043426514,4.077422142028809,10000.0,5.739305613732039,True,False
555,0.0,0.0,0.0,0.7552639285110055,-0.003220228124305547,5.615429401397705,3.7175278663635254,10000.0,6.306609472416355,True,False
556,0.0,0.0,0.0,0.8106790335507621,-0.017663020423100643,6.46928596496582,3.990041494369507,10000.0,8.370332179300746,True,False
557,0.0,0.0,0.0,0.7192080024994688,0.020871659342113894,6.010772705078125,4.178744316101074,10000.0,7.225877702422437,True,False
558,0.0,0.0,0.0,0.9419744566221335,0.01478746565423923,7.644771099090576,4.057844161987305,10000.0,11.688505031498103,True,False
559,0.0,0.0,0.0,0.7303363489874475,0.040343331963226765,5.630788803100586,3.854928493499756,10000.0,6.341156509024586,True,False
560,0.0,0.0,0.0,0.6378995662420539,0.0532216344836461,5.321671485900879,4.171245574951172,10000.0,5.664037480770091,True,False
561,0.0,0.0,0.0,0.8638382918089879,0.027131692540115257,6.533843517303467,3.781867265701294,10000.0,8.538222221721703,True,False
562,0.0,0.0,0.0,0.6202114896139804,-0.02221490388842699,5.555092811584473,4.478385925292969,10000.0,6.171811229063493,True,False
563,0.0,0.0,0.0,0.8563605031196898,-0.022420299933249975,6.633378505706787,3.8730058670043945,10000.0,8.800342079994557,True,False
564,0.0,0.0,0.0,0.6659308295527337,-0.04815067773165984,4.454031944274902,3.344215154647827,10000.0,3.9676801121242526,True,False
565,0.0,0.0,0.0,0.8016159983525089,0.03179829794306649,5.393851280212402,3.364361047744751,10000.0,5.8187263266097915,True,False
566,0.0,0.0,0.0,0.8029185373924783,0.018132121005084892,6.066015720367432,3.7774789333343506,10000.0,7.359309343948961,True,False
567,0.0,0.0,0.0,0.77344007896197,-0.030725833044666594,5.1459527015686035,3.3266654014587402,10000.0,5.296165841356242,True,False
568,0.0,0.0,0.0,0.44145813549212126,-0.016702982394999667,3.4214346408843994,3.8751518726348877,10000.0,2.3412430003687508,True,False
569,0.0,0.0,0.0,1.042991072391619,-0.02822894158780738,7.515754222869873,3.6029810905456543,10000.0,11.297312307717263,True,False
570,0.0,0.0,0.0,0.8352017784093291,0.14041325708860763,6.8227949142456055,4.084518909454346,7346.488387363895,9.310106088371136,True,False
571,0.0,0.0,0.0,0.5421222223623504,-0.007578266008794632,3.5665504932403564,3.2894339561462402,10000.0,2.544056484166605,True,False
572,0.0,0.0,0.0,0.6099028630442783,-0.06825410497986692,4.5675883293151855,3.744521141052246,10000.0,4.172572629219257,True,False
573,0.0,0.0,0.0,0.6657483322997384,-0.0023690098670235238,4.147862911224365,3.1151883602142334,10000.0,3.440953346062132,True,False
574,0.0,0.0,0.0,0.4461394166154162,0.08655597948083761,4.113546371459961,4.6101579666137695,10000.0,3.3842527500302815,True,False
575,0.0,0.0,0.0,0.5726794164614272,0.014476078841614193,5.025143146514893,4.387396335601807,10000.0,5.050412728593116,True,False
576,0.0,0.0,0.0,0.9366130836591974,0.02150200649138958,6.207207202911377,3.313645362854004,10000.0,7.705884251974975,True,False
577,0.0,0.0,0.0,0.9352663417037208,0.06615221679998594,6.315285682678223,3.3761963844299316,10000.0,7.976566650768106,True,False
578,0.0,0.0,0.0,0.5984908178327384,-0.03237698595136461,4.211089134216309,3.518090009689331,10000.0,3.546654339262931,True,False
579,0.0,0.0,0.0,0.9006388504451996,0.02605549734342448,6.236263275146484,3.4621331691741943,10000.0,7.7781959273881505,True,False
580,0.0,0.0,0.0,0.7546128248165951,-0.0022575515451989515,5.445629119873047,3.608227252960205,10000.0,5.930975302241858,True,False
581,0.0,0.0,0.0,0.8204002323896169,-0.01528223969236787,6.414979934692383,3.9096648693084717,10000.0,8.230393512501173,True,False
582,0.0,0.0,0.0,1.6946418622290844,-0.05818118490782285,11.437505722045898,3.3746085166931152,10000.0,26.163307428366522,True,False
583,0.0,0.0,0.0,0.7535115686572728,-0.023110326842349975,5.093367576599121,3.379754066467285,10000.0,5.188478654070238,True,False
584,0.0,0.0,0.0,0.7756483277454391,0.046615935916232476,5.5608811378479,3.5846664905548096,10000.0,6.184679805854511,True,False
585,0.0,0.0,0.0,0.7712502115644349,0.08873181299198728,5.410433769226074,3.5075736045837402,10000.0,5.854558714236372,True,False
586,0.0,0.0,0.0,0.5879948612917844,0.000755303507439766,5.895306587219238,5.013059616088867,10000.0,6.950927951462106,True,False
587,0.0,0.0,0.0,0.7598181576202032,-0.05707389300704281,8.128825187683105,5.349191188812256,10000.0,13.21555978638225,True,False
588,0.0,0.0,0.0,0.5845198230975197,0.06097109184208292,4.6304497718811035,3.9609005451202393,10000.0,4.288213017982752,True,False
589,0.0,0.0,0.0,0.586955790707729,0.0019374344634496,4.303008079528809,3.66552996635437,10000.0,3.7031757064980404,True,False
590,0.0,0.0,0.0,1.8320877693340423,-0.06751484134777325,12.454550743103027,3.3990049362182617,10000.0,31.02316684250563,True,False
591,0.0,0.0,0.0,1.164370858450028,-0.0335729337414677,8.134244918823242,3.492978572845459,10000.0,13.233188079880343,True,False
592,0.0,0.0,0.0,0.7014963510389508,0.06676230683188886,7.9697723388671875,5.680551528930664,10000.0,12.70345422667451,True,False
593,0.0,0.0,0.0,0.6513630800081935,0.029212014377927722,5.54053258895874,4.2530293464660645,10000.0,6.139500273862765,True,False
594,0.0,0.0,0.0,0.6444902447211847,-0.043366663751516286,4.777026653289795,3.706050395965576,10000.0,4.56399672924822,True,False
595,0.0,0.0,0.0,0.6920399931175718,0.010039082930981059,5.101539134979248,3.6858701705932617,10000.0,5.205140309144962,True,False
596,0.0,0.0,0.0,0.610137107690615,-0.012108812436215949,4.9076948165893555,4.021796703338623,10000.0,4.817093682555605,True,False
597,0.0,0.0,0.0,0.6650184458934183,-0.016888559785611656,5.006568908691406,3.764233112335205,10000.0,5.013146447495089,True,False
598,0.0,0.0,0.0,0.4843641266303835,-0.07647092226828468,3.8177638053894043,3.9410059452056885,10000.0,2.915064094748276,True,False
599,0.0,0.0,0.0,0.5510483301215364,-0.07172069462071559,4.1926774978637695,3.804273843765259,10000.0,3.515708920218639,True,False
600,0.0,0.0,0.0,0.6664187474513192,-0.010495918697979605,5.769634246826172,4.328835487365723,10000.0,6.6577358684298815,True,False
601,0.0,0.0,0.0,0.6679794787179979,-0.004997652254246142,5.042256832122803,3.7742602825164795,10000.0,5.084870792217814,True,False
602,0.0,0.0,0.0,0.9562883505303883,-0.06340768104287854,7.172216892242432,3.750028371810913,10000.0,10.288139029873534,True,False
603,0.0,0.0,0.0,0.6284598390591059,0.03150376138978021,5.353417873382568,4.259156703948975,9983.429038805054,5.731816585410385,True,False
604,0.0,0.0,0.0,0.5677186265842845,0.043533301754460116,4.422457695007324,3.8949379920959473,10000.0,3.911626412825898,True,False
605,0.0,0.0,0.0,0.8701063913836935,-0.08745784991162353,6.385751247406006,3.669523239135742,10000.0,8.15556379874947,True,False
606,0.0,0.0,0.0,0.6005623717313874,-0.008988848950246184,5.192711353302002,4.323207378387451,10000.0,5.392850239742302,True,False
607,0.0,0.0,0.0,1.0402537793290874,0.07655741488358526,7.485567092895508,3.597952365875244,10000.0,11.206742940448017,True,False
608,0.0,0.0,0.0,0.7248021926789472,0.021404367358914364,5.1677045822143555,3.5649068355560303,10000.0,5.3410341298078485,True,False
609,0.0,0.0,0.0,0.7377592046791085,0.05490413166822183,6.133396625518799,4.156774044036865,10000.0,7.523710833185078,True,False
610,0.0,0.0,0.0,1.449974500576041,0.05100811591350245,12.529566764831543,4.320616245269775,10000.0,31.398008662874233,True,False
611,0.0,0.0,0.0,0.5016580818779289,0.03629613860629755,4.271505832672119,4.257387638092041,10000.0,3.649152415710386,True,False
612,0.0,0.0,0.0,0.7372684503946669,-0.010717686335185094,6.0923237800598145,4.131686210632324,10000.0,7.423281808216458,True,False
613,0.0,0.0,0.0,0.592181691198828,0.0017135400054952665,4.966570854187012,4.193451881408691,10000.0,4.933365209931978,True,False
614,0.0,0.0,0.0,0.8521248291453045,-0.01736857133873579,7.173213005065918,4.209015369415283,10000.0,10.29099696320936,True,False
615,0.0,0.0,0.0,0.7759292698278882,0.031018686588458723,6.235559463500977,4.018123626708984,10000.0,7.7764403645713145,True,False
616,0.0,0.0,0.0,0.8604532631660182,-0.004822455166989671,6.209778785705566,3.6084346771240234,10000.0,7.71227051347978,True,False
617,0.0,0.0,0.0,1.4224013264794908,-0.049011674867073717,9.903221130371094,3.4811627864837646,10000.0,19.614757751405705,True,False
618,0.0,0.0,0.0,0.6269505438332353,0.03048966667700324,4.724003791809082,3.7674453258514404,10000.0,4.463242365005318,True,False
619,0.0,0.0,0.0,0.7121201358979563,0.012001487699576364,5.421133518218994,3.806333541870117,10000.0,5.877737724471487,True,False
620,0.0,0.0,0.0,0.8720075710833791,0.08432316134600572,6.338233470916748,3.6342766284942627,10000.0,8.03464070636987,True,False
621,0.0,0.0,0.0,0.7600660496125885,0.031287617435750446,6.279337406158447,4.130784034729004,10000.0,7.886015652076139,True,False
622,0.0,0.0,0.0,0.7586850652890571,0.001505855770494781,5.889598369598389,3.881451368331909,10000.0,6.937473791035199,True,False
623,0.0,0.0,0.0,0.6257282667270582,-0.027896145518539344,4.391210079193115,3.5088794231414795,10000.0,3.856545191921441,True,False
624,0.0,0.0,0.0,1.0993764822405183,-0.057978881894181086,7.976799011230469,3.6278741359710693,10000.0,12.725864493113477,True,False
625,0.0,0.0,0.0,0.5473445939977131,0.03459689833752052,4.437629222869873,4.0537800788879395,10000.0,3.938510623933734,True,False
626,0.0,0.0,0.0,0.5720773513413346,-0.014166804707379162,4.263131141662598,3.7260093688964844,10000.0,3.6348574262026876,True,False
627,0.0,0.0,0.0,1.133063604232533,0.016518057474857364,8.376046180725098,3.6961941719055176,10000.0,14.031629924327895,True,False
628,0.0,0.0,0.0,0.7071831828965397,0.0014613587455862948,5.426338195800781,3.8365859985351562,10000.0,5.889029243041293,True,False
629,0.0,0.0,0.0,1.1247931850152806,0.012773371976781269,7.731418132781982,3.4368176460266113,10000.0,11.954965268782004,True,False
630,0.0,0.0,0.0,0.6764388453018361,0.1314768855298446,5.289881229400635,3.910095691680908,10000.0,5.596568684233034,True,False
631,0.0,0.0,0.0,0.723736330770027,0.0023010621897858632,5.1210618019104,3.537933349609375,10000.0,5.245054795797159,True,False
632,0.0,0.0,0.0,0.6884903935332445,0.02474011608539136,6.275289058685303,4.557281494140625,10000.0,7.875850554011095,True,False
633,0.0,0.0,0.0,0.4719787913243805,-0.0336731614041528,5.0832743644714355,5.385066509246826,10000.0,5.1679356528984925,True,False
634,0.0,0.0,0.0,1.064035528879171,-0.015625566826382154,8.147449493408203,3.8285608291625977,10000.0,13.276186649527517,True,False
635,0.0,0.0,0.0,0.8210712236245293,-0.06721519016085178,5.825839996337891,3.5477068424224854,10000.0,6.788082332586054,True,False
636,0.0,0.0,0.0,0.7034763492386255,-0.016693065628607905,9.092967987060547,6.462881088256836,10000.0,16.536413362741584,True,False
637,0.0,0.0,0.0,0.8433066624605736,0.025144041355919192,6.975278854370117,4.135671615600586,10000.0,9.730903019244579,True,False
638,0.0,0.0,0.0,0.9026543350744337,0.010604689222543576,6.871064186096191,3.80603289604187,10000.0,9.44230460989074,True,False
639,0.0,0.0,0.0,0.8657925883310346,0.0500083136645657,8.395907402038574,4.848682880401611,10000.0,14.098252220721221,True,False
640,0.0,0.0,0.0,0.5832412521376523,0.0015684644583143278,4.362292766571045,3.7396984100341797,10000.0,3.805919636255611,True,False
641,0.0,0.0,0.0,0.7062614718840478,-0.020515808725595296,5.424488067626953,3.840283155441284,10000.0,5.885014159165436,True,False
642,0.0,0.0,0.0,0.6223358508290365,0.0334019099424893,7.352882385253906,5.907487392425537,10000.0,10.81297587427543,True,False
643,0.0,0.0,0.0,0.7769398542410032,0.03810896334112659,6.202784538269043,3.991804838180542,10000.0,7.6949072056379,True,False
644,0.0,0.0,0.0,0.4947201913650496,0.15289710844812998,4.368391990661621,4.415012836456299,10000.0,3.8165697168153194,True,False
645,0.0,0.0,0.0,0.6535944760377301,0.003105453905656345,5.402893543243408,4.133215427398682,10000.0,5.838251727924259,True,False
646,0.0,0.0,0.0,0.5474760462010069,-0.021363803760429033,4.391763210296631,4.010918140411377,10000.0,3.857516819062994,True,False
647,0.0,0.0,0.0,0.650193919911374,0.13485752224322778,5.525567531585693,4.249168872833252,10000.0,6.1063793092228025,True,False
648,0.0,0.0,0.0,0.6786065424088422,0.06482099530354316,5.500222206115723,4.052585601806641,10000.0,6.050488863329701,True,False
649,0.0,0.0,0.0,1.12177939399415,0.012646504169372845,8.525579452514648,3.80002498626709,10000.0,14.537101000227992,True,False
650,0.0,0.0,0.0,1.0420119563076526,0.055295599797515825,8.208866119384766,3.9389500617980957,10000.0,13.47709659319662,True,False
651,0.0,0.0,0.0,0.8947769381159263,-0.023620194533329926,6.335333824157715,3.540174961090088,10000.0,8.027290932703359,True,False
652,0.0,0.0,0.0,0.9526141255678596,0.011493225957617073,7.275365352630615,3.818631887435913,10000.0,10.586188202851595,True,False
653,0.0,0.0,0.0,0.9022976332980542,0.035258244686378386,6.546989917755127,3.6279547214508057,10000.0,8.572615396637453,True,False
654,0.0,0.0,0.0,0.7969468187063586,0.08826508808329725,6.566991329193115,4.120093822479248,9666.290353439737,8.625075023539509,True,False
655,0.0,0.0,0.0,0.9517426262983307,0.01787698580676131,6.969028949737549,3.661194086074829,10000.0,9.713472900456004,True,False
656,0.0,0.0,0.0,0.7507055845882117,-0.01720188960674262,5.524190902709961,3.6793324947357178,10000.0,6.103337025916698,True,False
657,0.0,0.0,0.0,0.7355252097882835,0.04112204134678293,6.328044414520264,4.301718235015869,10000.0,8.008829222428218,True,False
658,0.0,0.0,0.0,0.6613503950459563,0.049265267336848294,5.617241859436035,4.24679708480835,10000.0,6.310681221480081,True,False
659,0.0,0.0,0.0,0.6103113570698566,0.04199862425106366,4.84050989151001,3.965606927871704,10000.0,4.686107201961249,True,False
660,0.0,0.0,0.0,0.8287941192900131,0.01123046185305802,6.374368190765381,3.8455679416656494,10000.0,8.1265139662883,True,False
661,0.0,0.0,0.0,0.5366867151106691,-0.0009407890848716819,4.728806972503662,4.4055562019348145,10000.0,4.472323076639849,True,False
662,0.0,0.0,0.0,0.5846415185835077,-0.04032354370377268,4.560023307800293,3.899845600128174,10000.0,4.158762513536384,True,False
663,0.0,0.0,0.0,0.5427436773351046,-0.018541833961106386,4.58194637298584,4.221096038818359,10000.0,4.198846512983618,True,False
664,0.0,0.0,0.0,0.5473924297146465,-0.005815571644245476,4.484097003936768,4.095870494842529,10000.0,4.021425188142938,True,False
665,0.0,0.0,0.0,1.1123456946069932,0.06678164240912934,9.65777587890625,4.341175556182861,10000.0,18.654526985436675,True,False
666,0.0,0.0,0.0,0.9845903960875185,0.01960900350279167,8.211307525634766,4.169910430908203,10000.0,13.485114256109227,True,False
667,0.0,0.0,0.0,0.9879008036810543,-0.01955246767670285,8.268762588500977,4.185016632080078,10000.0,13.67448694899867,True,False
668,0.0,0.0,0.0,0.8699974206627139,0.07442799849901162,7.504549980163574,4.312972545623779,10000.0,11.263654080954616,True,False
669,0.0,0.0,0.0,0.9699033610878602,-0.02888188452865989,7.7674970626831055,4.004263401031494,10000.0,12.06680212375813,True,False
670,0.0,0.0,0.0,0.5495814956998138,-0.014727543238156953,4.342526435852051,3.9507575035095215,10000.0,3.7715071692147824,True,False
671,0.0,0.0,0.0,0.6149382883640373,0.04087864114269228,5.102063179016113,4.148435115814209,10000.0,5.206209736534401,True,False
672,0.0,0.0,0.0,0.5744506254575512,-0.11817726944604647,4.811761379241943,4.188141822814941,10000.0,4.630609514152866,True,False
673,0.0,0.0,0.0,0.9253233010279479,0.05119516696661575,8.241175651550293,4.4531331062316895,10000.0,13.583395223941075,True,False
674,0.0,0.0,0.0,0.8930718093940363,0.034376144203514106,8.269360542297363,4.6297287940979,10000.0,13.676464755700906,True,False
675,0.0,0.0,0.0,0.8348473620164711,0.029373911175108305,7.011250972747803,4.199121475219727,8472.587337442466,9.8315280405714,True,False
676,0.0,0.0,0.0,0.9580729286877123,-0.09349736314890358,7.1059088706970215,3.7084383964538574,10000.0,10.098788175730121,True,False
677,0.0,0.0,0.0,0.6987076386676678,-0.05575513617884508,5.2617597579956055,3.7653515338897705,10000.0,5.5372231501723945,True,False
678,0.0,0.0,0.0,0.8837920235282536,-0.00801137975649044,8.21920108795166,4.64996337890625,10000.0,13.511053304837148,True,False
679,0.0,0.0,0.0,0.8328462715475475,-0.010009535454261566,6.717502117156982,4.032858371734619,10000.0,9.024966938801704,True,False
680,0.0,0.0,0.0,0.4803738768176947,0.050048430817594226,3.716677188873291,3.868525505065918,10000.0,2.762737865258213,True,False
681,0.0,0.0,0.0,0.7552842854961608,0.05407455553892431,5.417989730834961,3.5867221355438232,10000.0,5.870922544686618,True,False
682,0.0,0.0,0.0,0.7084899700046271,-0.026542273970348293,7.144947052001953,5.04237699508667,10000.0,10.21005367518228,True,False
683,0.0,0.0,0.0,0.6678702336730928,0.011686074820237955,5.10336446762085,3.8206257820129395,10000.0,5.208865777875005,True,False
684,0.0,0.0,0.0,0.5021022346997644,0.02167397995302369,4.6447272300720215,4.625280380249023,10000.0,4.314698208354503,True,False
685,0.0,0.0,0.0,0.7455195253562247,-0.023742127734938296,7.9810872077941895,5.352701663970947,10000.0,12.739550603683206,True,False
686,0.0,0.0,0.0,0.6471150245004526,-0.0029429554348325963,5.277935028076172,4.078050136566162,10000.0,5.5713196321186835,True,False
687,0.0,0.0,0.0,0.8560323440357237,0.018106144758512258,6.958674430847168,4.064492702484131,10000.0,9.684629966905227,True,False
688,0.0,0.0,0.0,1.2910661524814302,0.03681824471840431,9.584856986999512,3.7119929790496826,10000.0,18.373896692246674,True,False
689,0.0,0.0,0.0,0.9638745605542187,0.025668059991971266,7.823244571685791,4.0582275390625,10000.0,12.240631125682235,True,False
690,0.0,0.0,0.0,0.637784760708618,0.04375544142914788,5.731034755706787,4.492922306060791,10000.0,6.568951874223828,True,False
691,0.0,0.0,0.0,0.6868779548578361,-0.03129108036924764,5.495518207550049,4.000360012054443,10000.0,6.04014407390282,True,False
692,0.0,0.0,0.0,1.0073381337404417,0.04389340771698285,7.670119285583496,3.8071224689483643,10000.0,11.766145971015973,True,False
693,0.0,0.0,0.0,0.8108239178582062,-0.10026470391727245,6.511073589324951,4.015097141265869,8675.374645777707,8.478815857120978,True,False
694,0.0,0.0,0.0,1.2320085675996901,-0.03859243276790523,9.922136306762695,4.02681303024292,10000.0,19.68975777799568,True,False
695,0.0,0.0,0.0,0.5682199099121203,0.060867532948949296,5.057701587677002,4.450479030609131,10000.0,5.11606906999809,True,False
696,0.0,0.0,0.0,0.8086828469989319,-0.10261029402010509,7.021708011627197,4.341447353363037,10000.0,9.86087668010991,True,False
697,0.0,0.0,0.0,0.7290738905529693,0.01913684265263849,7.107946872711182,4.874640941619873,10000.0,10.104581749056933,True,False
698,0.0,0.0,0.0,0.7070552511531177,-0.06187955170270178,5.990164756774902,4.235994815826416,10000.0,7.176414762661622,True,False
699,0.0,0.0,0.0,0.47411137946697807,0.07426324087552287,4.118973731994629,4.343888282775879,10000.0,3.393188920972351,True,False
700,0.0,0.0,0.0,0.5171704148890609,0.004354946284621803,4.436101913452148,4.288820266723633,10000.0,3.9358000373067625,True,False
701,0.0,0.0,0.0,0.6815140394802549,0.09069608691367004,4.900893211364746,3.5955922603607178,10000.0,4.80375085384021,True,False
702,0.0,0.0,0.0,0.6243905592475995,0.08139213274302186,5.010894775390625,4.012628555297852,10000.0,5.021813290007412,True,False
703,0.0,0.0,0.0,0.7446327568357884,-0.01557838376390883,5.882810115814209,3.9501419067382812,10000.0,6.921490971745197,True,False
704,0.0,0.0,0.0,0.8221491805290406,0.051949216138596925,6.216798305511475,3.7808213233947754,10000.0,7.729716234282066,True,False
705,0.0,0.0,0.0,1.0542829977200545,0.06633258284389458,8.06534194946289,3.8250365257263184,10000.0,13.009948152353168,True,False
706,0.0,0.0,0.0,0.5825811532991478,-0.009904746892892943,4.335466384887695,3.720911979675293,10000.0,3.7592537548982357,True,False
707,0.0,0.0,0.0,1.0658892464653553,0.04065566286069182,8.4403715133667,3.9593098163604736,10000.0,14.247974256730409,True,False
708,0.0,0.0,0.0,0.9059015165655647,0.1282549459837071,8.150830268859863,4.498739719390869,7821.206435232683,13.28720681435243,True,False
709,0.0,0.0,0.0,1.4559427256974213,-0.05469849395337368,12.170711517333984,4.179666996002197,10000.0,29.625243767633208,True,False
710,0.0,0.0,0.0,0.8778429952698399,0.07366195413475282,7.706717014312744,4.389575958251953,10000.0,11.878697427739503,True,False
711,0.0,0.0,0.0,1.0230819072849942,-0.015511700953989798,8.694562911987305,4.249201774597168,10000.0,15.119084846101032,True,False
712,0.0,0.0,0.0,0.8204512990976776,-0.01376263896176845,6.2712273597717285,3.8218157291412354,10000.0,7.865658519589896,True,False
713,0.0,0.0,0.0,1.1366458580722492,-0.060594704765055275,10.09986400604248,4.442836761474609,10000.0,20.401450588110492,True,False
714,0.0,0.0,0.0,0.930340987026562,0.01846414345757377,6.9398908615112305,3.7297565937042236,10000.0,9.632417033937415,True,False
715,0.0,0.0,0.0,0.6216410493957645,0.06197306415277409,4.86594295501709,3.913788318634033,10000.0,4.735480168296089,True,False
716,0.0,0.0,0.0,0.9603977951129385,0.0020065099619982684,8.332228660583496,4.337904930114746,10000.0,13.885206890449808,True,False
717,0.0,0.0,0.0,1.07306997897222,0.0029517277982386626,8.38484001159668,3.90693998336792,10000.0,14.061108404014519,True,False
718,0.0,0.0,0.0,0.7439895445091538,0.01823765957153957,5.828204154968262,3.9168589115142822,10000.0,6.793592734397862,True,False
719,0.0,0.0,0.0,0.47800309068006236,-0.032311586125523796,4.608327865600586,4.820395469665527,10000.0,4.247337143374171,True,False
720,0.0,0.0,0.0,0.4805513850991375,0.018264861495808166,4.8201823234558105,5.015262126922607,10000.0,4.646831526271171,True,False
721,0.0,0.0,0.0,0.9462804724080798,-0.020345655863673096,7.435555458068848,3.928832769393921,10000.0,11.057496994003486,True,False
722,0.0,0.0,0.0,0.6588107330825476,-0.04304094107444334,5.117302894592285,3.8837428092956543,10000.0,5.237357783000515,True,False
723,0.0,0.0,0.0,1.2844329753733383,0.07401493725612415,11.395638465881348,4.436058044433594,10000.0,25.972115209014916,True,False
724,0.0,0.0,0.0,0.7160399855915656,-0.0007997760979469129,5.622787952423096,3.9263086318969727,10000.0,6.323148871582859,True,False
725,0.0,0.0,0.0,1.6343789304837446,0.03510280527570663,16.66287612915039,5.097617149353027,10000.0,55.530288179081964,True,False
726,0.0,0.0,0.0,0.7882259347476059,0.007170596172883103,6.754136085510254,4.284390926361084,10000.0,9.123670852318355,True,False
727,0.0,0.0,0.0,0.7948005644249005,0.06812172580759847,6.869335174560547,4.321420669555664,10000.0,9.437553148090956,True,False
728,0.0,0.0,0.0,0.6015322225942131,-0.01647214958036501,4.680425643920898,3.8904197216033936,10000.0,4.381276841654472,True,False
729,0.0,0.0,0.0,0.7189504467214649,-0.04102096401202981,6.7385478019714355,4.686378479003906,10000.0,9.08160529589081,True,False
730,0.0,0.0,0.0,0.8591821897464272,0.01627208488056704,7.835130214691162,4.5596442222595215,10000.0,12.277853096233272,True,False
731,0.0,0.0,0.0,0.8508827675295677,0.027117505978164116,7.025479316711426,4.128347396850586,10000.0,9.871471925908004,True,False
732,0.0,0.0,0.0,0.8949414433348172,-0.06954305265320013,6.671237468719482,3.7271921634674072,10000.0,8.901081872809343,True,False
733,0.0,0.0,0.0,0.6111178889368238,-0.06304297790616296,5.746822834014893,4.7018938064575195,10000.0,6.6051945371109895,True,False
734,0.0,0.0,0.0,0.9030822882885732,-0.08192440255304312,9.422277450561523,5.216732501983643,10000.0,17.755862471072035,True,False
735,0.0,0.0,0.0,0.6898807030964421,0.0178415393119938,5.9791340827941895,4.3334550857543945,10000.0,7.150008876006222,True,False
736,0.0,0.0,0.0,0.5720490063693128,-0.0020144708391963083,4.939844608306885,4.317676067352295,10000.0,4.88041295084372,True,False
737,0.0,0.0,0.0,0.48357075185824705,-0.05713186619332981,4.296267986297607,4.442233085632324,10000.0,3.691583722017139,True,False
738,0.0,0.0,0.0,0.4615879901135312,0.052037272975022926,4.229610919952393,4.581586837768555,10000.0,3.577921706836104,True,False
739,0.0,0.0,0.0,1.0781449662476725,0.009302116457480934,8.205301284790039,3.8052866458892822,10000.0,13.46539383483541,True,False
740,0.0,0.0,0.0,0.5736445675358424,0.04684203968151343,5.121949195861816,4.46439266204834,10000.0,5.246872712997899,True,False
741,0.0,0.0,0.0,0.7643297835174102,-0.018035381753519444,6.087153911590576,3.982020616531372,10000.0,7.41068854867849,True,False
742,0.0,0.0,0.0,0.6001369074903323,0.08934676648645344,5.2953782081604,4.411808490753174,10000.0,5.60820607349201,True,False
743,0.0,0.0,0.0,0.774225264703822,-0.004986378810242762,7.051614761352539,4.553981304168701,10000.0,9.945054148505001,True,False
744,0.0,0.0,0.0,0.7347085423702737,-0.016023369787231734,6.10256814956665,4.1530537605285645,10000.0,7.448267604021066,True,False
745,0.0,0.0,0.0,0.5906752883639202,-0.009314698878353664,5.156882286071777,4.365242958068848,10000.0,5.318686982480173,True,False
746,0.0,0.0,0.0,0.9605924269976222,0.040131018195327564,8.335070610046387,4.338505268096924,10000.0,13.894680414891809,True,False
747,0.0,0.0,0.0,0.5587230501148521,-0.09571883378974626,5.671382427215576,5.075307369232178,10000.0,6.432915727145925,True,False
748,0.0,0.0,0.0,0.4450135660177853,-0.06432486623994675,3.9394257068634033,4.4261860847473145,10000.0,3.1038149799792443,True,False
749,0.0,0.0,0.0,0.5901250418883724,-0.04223592681163915,5.797375679016113,4.911989212036133,10000.0,6.721912952729507,True,False
750,0.0,0.0,0.0,0.9509829303146945,-0.03908873232193292,9.125606536865234,4.7979865074157715,10000.0,16.655338933135496,True,False
751,0.0,0.0,0.0,0.711709187173922,0.019621019348691135,6.3907952308654785,4.489751815795898,10000.0,8.168452736570586,True,False
752,0.0,0.0,0.0,0.8210313956379259,-0.012050068812337469,6.679913520812988,4.0680012702941895,10000.0,8.924248929108032,True,False
753,0.0,0.0,0.0,0.5976064116382054,0.008578179172157393,5.595576286315918,4.681656837463379,10000.0,6.262094795196205,True,False
754,0.0,0.0,0.0,0.7814825810180843,0.06432762704337816,6.25847053527832,4.0042290687561035,10000.0,7.833690688189378,True,False
755,0.0,0.0,0.0,0.5914021911543853,-0.014760769389092005,5.599859237670898,4.734391689300537,10000.0,6.271684696345616,True,False
756,0.0,0.0,0.0,0.9571364140934748,-0.03259957250855942,8.06920337677002,4.2152838706970215,10000.0,13.022408627135334,True,False
757,0.0,0.0,0.0,0.5598966377675202,0.04057655167272366,5.087172508239746,4.542956829071045,10000.0,5.175864825718051,True,False
758,0.0,0.0,0.0,0.5891221286941616,0.006630540594496692,5.883869171142578,4.993760108947754,10000.0,6.923983284624409,True,False
759,0.0,0.0,0.0,0.5123849629264896,0.027068499397433013,4.506487846374512,4.3975605964660645,10000.0,4.061686541904237,True,False
760,0.0,0.0,0.0,0.6530558124711707,0.03681296625452134,5.150313377380371,3.9432413578033447,10000.0,5.305145577044641,True,False
761,0.0,0.0,0.0,1.0146813742577299,0.045882724292719494,8.7723970413208,4.322734832763672,10000.0,15.390989970114788,True,False
762,0.0,0.0,0.0,1.167361933910369,-0.022985712205413938,9.297945022583008,3.9824602603912354,10000.0,17.290356328595223,True,False
763,0.0,0.0,0.0,0.6135675283511997,-0.14382463297156076,5.609452724456787,4.571177959442139,10000.0,6.293191973583134,True,False
764,0.0,0.0,0.0,0.6551191007893047,-0.048810296022237104,5.325436115264893,4.064479351043701,10000.0,5.672053963553523,True,False
765,0.0,0.0,0.0,1.3912646992885633,0.028538322953442465,12.33962345123291,4.434678554534912,10000.0,30.453261383643436,True,False
766,0.0,0.0,0.0,1.0740926984729036,0.11466852762184192,10.370481491088867,4.827554225921631,10000.0,21.509377271403352,True,False
767,0.0,0.0,0.0,0.5425250502344563,0.020410329711573225,4.788259983062744,4.412939071655273,10000.0,4.585486733080007,True,False
768,0.0,0.0,0.0,0.695883511484967,0.006003873313203899,5.7478227615356445,4.129874229431152,10000.0,6.607493299605448,True,False
769,0.0,0.0,0.0,0.4987606571944093,0.022107166650805418,4.205256462097168,4.215705871582031,10000.0,3.5368363824019973,True,False
770,0.0,0.0,0.0,0.648185095984166,0.006655136347034584,5.473367214202881,4.222071170806885,10000.0,5.9915497323022,True,False
771,0.0,0.0,0.0,0.4997810623312905,-0.05969994901178659,4.607630729675293,4.609649181365967,10000.0,4.246052188209614,True,False
772,0.0,0.0,0.0,0.44493645025225753,-0.02672291449601442,4.095765590667725,4.6026411056518555,10000.0,3.3550591547395463,True,False
773,0.0,0.0,0.0,0.54216467294684,0.01542331755575597,5.0849385261535645,4.689477920532227,10000.0,5.171319962952154,True,False
774,0.0,0.0,0.0,0.6436917361187136,-0.05275795174325943,5.680324077606201,4.412301540374756,10000.0,6.453216325326547,True,False
775,0.0,0.0,0.0,0.5347711237509509,0.07639079213764685,5.743013858795166,5.36959981918335,10000.0,6.596441636462668,True,False
776,0.0,0.0,0.0,0.5894904119921018,-0.05228117103440923,6.010644435882568,5.098169803619385,10000.0,7.225569306921216,True,False
777,0.0,0.0,0.0,0.47245547737854143,0.04984461855643096,4.85569953918457,5.138790607452393,10000.0,4.71556360296745,True,False
778,0.0,0.0,0.0,0.6733828558307977,-0.0475387993203475,6.3153076171875,4.689239978790283,10000.0,7.976622059941292,True,False
779,0.0,0.0,0.0,0.9886335786544641,0.072816914754879,8.675148963928223,4.387444019317627,10000.0,15.05164190926898,True,False
780,0.0,0.0,0.0,0.5971045420417878,0.037165043058350035,5.463057041168213,4.5746235847473145,10000.0,5.968998447011515,True,False
781,0.0,0.0,0.0,0.7047507937528282,0.0037026510156462143,6.346532344818115,4.502678394317627,10000.0,8.0556945607645,True,False
782,0.0,0.0,0.0,0.8968749978337268,0.013785396029388079,7.403209686279297,4.127224922180176,10000.0,10.961502731803918,True,False
783,0.0,0.0,0.0,0.6074666935257766,0.018425068121579777,6.804315090179443,5.600566387176514,10000.0,9.259740769288733,True,False
784,0.0,0.0,0.0,0.6150885563210585,0.019270877580404435,5.4832868576049805,4.457314968109131,10000.0,6.013286952556697,True,False
785,0.0,0.0,0.0,0.943682226938419,0.02989501807780959,8.30807113647461,4.401943206787109,10000.0,13.804809201744497,True,False
786,0.0,0.0,0.0,0.8193549972812145,-0.08252456253454524,7.741305828094482,4.724024295806885,10000.0,11.98556318481792,True,False
787,0.0,0.0,0.0,0.40281916281769975,0.049861177932222986,3.946497678756714,4.898597240447998,10000.0,3.1149687856864254,True,False
788,0.0,0.0,0.0,0.7026419126732164,-0.04139752558262386,6.97818660736084,4.965677738189697,10000.0,9.739017665430033,True,False
789,0.0,0.0,0.0,1.1109696406184122,-0.028321913294449646,9.48634147644043,4.269397258758545,10000.0,17.9981349215268,True,False
790,0.0,0.0,0.0,0.6812584575121882,-0.01620517720695675,5.76047420501709,4.227818489074707,10000.0,6.636612613333455,True,False
791,0.0,0.0,0.0,0.5402642280849814,0.038866332353164536,5.038559436798096,4.663051128387451,10000.0,5.077416239629429,True,False
792,0.0,0.0,0.0,0.7754900126057407,-0.02430774338643321,6.5245680809021,4.2067389488220215,10000.0,8.513997728465299,True,False
793,0.0,0.0,0.0,0.713501524333398,0.036357982883154887,6.295223236083984,4.411499500274658,10000.0,7.9259671184263425,True,False
794,0.0,0.0,0.0,0.8637456514003686,-0.07311249152003017,7.8199238777160645,4.526751518249512,10000.0,12.230241890654767,True,False
795,0.0,0.0,0.0,1.1488623936823226,0.07964722935361276,9.934869766235352,4.323785781860352,10000.0,19.740327454411442,True,False
796,0.0,0.0,0.0,0.8349128862380565,-0.012959270388919145,8.794081687927246,5.2664666175842285,9229.856886499292,15.467174546787462,True,False
797,0.0,0.0,0.0,0.46826923798089254,-0.024614189427331082,4.406144618988037,4.704712867736816,10000.0,3.882822080687447,True,False
798,0.0,0.0,0.0,0.9331928891491817,-0.037658620486226695,7.184626579284668,3.8494863510131836,10000.0,10.323771816752739,True,False
799,0.0,0.0,0.0,1.0032803880833205,0.0709887988580267,9.225345611572266,4.597590923309326,10000.0,17.021400330591135,True,False
800,0.0,0.0,0.0,0.5257727788257727,0.003190685573829551,4.8153605461120605,4.579317092895508,10000.0,4.637539437810528,True,False
801,0.0,0.0,0.0,0.6651733208714987,-0.0979404850788865,6.483148574829102,4.87327766418457,10000.0,8.406243088661718,True,False
802,0.0,0.0,0.0,0.43263095439498644,0.028840038052559056,3.958130359649658,4.574488162994385,10000.0,3.1333591887960655,True,False
803,0.0,0.0,0.0,0.7871755100135135,0.0565711272430319,6.817435264587402,4.330314636230469,10000.0,9.295484717367977,True,False
804,0.0,0.0,0.0,0.6426653780292821,0.014368855322464938,5.874145030975342,4.57014274597168,10000.0,6.90111596898646,True,False
805,0.0,0.0,0.0,0.884162370609212,0.03138709247945817,8.820211410522461,4.98789119720459,10000.0,15.559225865262121,True,False
806,0.0,0.0,0.0,1.1694044069754903,0.025030190178648347,10.177481651306152,4.351566314697266,10000.0,20.71622655253468,True,False
807,0.0,0.0,0.0,0.8089289408006913,-0.011663513523954791,7.056339263916016,4.361532211303711,8047.987553307297,9.95838476149656,True,False
808,0.0,0.0,0.0,0.925080741368527,0.01848976836635084,6.97183084487915,3.76822829246521,10000.0,9.721285065921663,True,False
809,0.0,0.0,0.0,0.6366281422445421,-0.05353706224422731,6.083952903747559,4.778262615203857,9769.035617655547,7.402896587003667,True,False
810,0.0,0.0,0.0,0.5457791552035595,0.006072769233441569,6.445213794708252,5.904598712921143,10000.0,8.308156171899505,True,False
811,0.0,0.0,0.0,0.49934079292490646,-0.027319966529222233,4.933602809906006,4.940115928649902,10000.0,4.868087337182487,True,False
812,0.0,0.0,0.0,0.49661334710245436,0.054777194157845696,4.676985263824463,4.7088799476623535,10000.0,4.374838231606237,True,False
813,0.0,0.0,0.0,0.589953132208489,0.034927423807821455,6.481815338134766,5.493500232696533,10000.0,8.402786015535817,True,False
814,0.0,0.0,0.0,0.9888311185157044,0.054750158694744026,8.528921127319336,4.312627792358398,10000.0,14.548499119206824,True,False
815,0.0,0.0,0.0,0.6287211650896263,-0.032211533251419365,6.359399318695068,5.057408332824707,10000.0,8.088391938923856,True,False
816,0.0,0.0,0.0,0.38255304310666577,0.02183794883901741,3.9784128665924072,5.1998186111450195,10000.0,3.165553787413602,True,False
817,0.0,0.0,0.0,0.7387702848983885,-0.009704934931460919,6.975294589996338,4.720881938934326,10000.0,9.730946923446432,True,False
818,0.0,0.0,0.0,0.6226601634711405,0.04315591099521037,6.449497222900391,5.178986549377441,10000.0,8.319202885639967,True,False
819,0.0,0.0,0.0,0.5129486211661919,0.009164460499659716,4.069185256958008,3.9664647579193115,10000.0,3.3116537310888816,True,False
820,0.0,0.0,0.0,0.7809381589540655,0.0007291594422230838,6.703948974609375,4.292240619659424,10000.0,8.988586370833218,True,False
821,0.0,0.0,0.0,0.791212904683716,0.008661940915502502,7.0522074699401855,4.45658016204834,10000.0,9.946726039816028,True,False
822,0.0,0.0,0.0,1.3579503702006084,0.01959243328821014,11.60673713684082,4.273623466491699,10000.0,26.943269392743957,True,False
823,0.0,0.0,0.0,0.46070192599537046,0.03310649784651345,4.320950031280518,4.689528942108154,10000.0,3.73412183456462,True,False
824,0.0,0.0,0.0,1.3225196450473802,0.019552819781516257,12.783919334411621,4.833168029785156,10000.0,32.68571870974864,True,False
825,0.0,0.0,0.0,0.6935451778367017,0.06761741382776161,7.163504123687744,5.164410591125488,10000.0,10.263158266018259,True,False
826,0.0,0.0,0.0,0.791724392601664,0.05110753210089636,6.960121154785156,4.395545482635498,10000.0,9.688657297857567,True,False
827,0.0,0.0,0.0,0.6813925797149295,-0.03213501041744254,6.157054424285889,4.517993450164795,10000.0,7.581863836723684,True,False
828,0.0,0.0,0.0,0.9779073046183752,0.09213855294475344,8.43066692352295,4.31056547164917,10000.0,14.215228955076782,True,False
829,0.0,0.0,0.0,0.8719146862913725,-0.02191753530298829,7.869521141052246,4.512781620025635,10000.0,12.385872597893645,True,False
830,0.0,0.0,0.0,0.9610482693588999,-0.0026221271309237685,9.62637710571289,5.008269309997559,10000.0,18.533427236278655,True,False
831,0.0,0.0,0.0,0.8531189236499045,0.11226415890546568,8.720380783081055,5.11088228225708,8281.470344651845,15.209008200385867,True,False
832,0.0,0.0,0.0,0.9198089944739325,0.06919091744540243,10.403545379638672,5.655274868011475,10000.0,21.64675129324023,True,False
833,0.0,0.0,0.0,0.9223648738416999,0.010469811913926059,8.560840606689453,4.640701770782471,10000.0,14.657598378628606,True,False
834,0.0,0.0,0.0,0.7369175113400908,-0.00994350848195531,6.2747650146484375,4.257440567016602,10000.0,7.874535197811198,True,False
835,0.0,0.0,0.0,0.5201730222351761,-0.027427325346961223,4.753743648529053,4.569386959075928,10000.0,4.519615735186061,True,False
836,0.0,0.0,0.0,0.9137436948339525,-0.028667514293072155,9.174827575683594,5.02046012878418,10000.0,16.83549220870482,True,False
837,0.0,0.0,0.0,0.9509719469695743,0.07674030751472151,9.412302017211914,4.948780059814453,10000.0,17.718285852642296,True,False
838,0.0,0.0,0.0,0.7386973351558503,-0.12681391948814422,7.0200910568237305,4.751669406890869,10000.0,9.8563356892193,True,False
839,0.0,0.0,0.0,0.8207583502648751,0.06176298800096565,8.849090576171875,5.390801429748535,10000.0,15.661280805058773,True,False
840,0.0,0.0,0.0,0.5256642081482725,-0.05886223139187144,4.99860954284668,4.754565238952637,10000.0,4.997219472367576,True,False
841,0.0,0.0,0.0,0.538878835394355,0.11530745732352037,5.1686015129089355,4.795699119567871,10000.0,5.342888319848907,True,False
842,0.0,0.0,0.0,0.8814272141828969,-0.024027178581615655,8.883968353271484,5.039535999298096,10000.0,15.784978740385846,True,False
843,0.0,0.0,0.0,0.790351093580767,-0.008921449790331038,8.74484634399414,5.532254219055176,10000.0,15.294467516013533,True,False
844,0.0,0.0,0.0,0.6525303913381194,0.040688113935887886,5.970268249511719,4.574705123901367,10000.0,7.1288205942255445,True,False
845,0.0,0.0,0.0,0.7151606358981997,-0.04104676660857784,7.656351089477539,5.352889060974121,10000.0,11.723942401068776,True,False
846,0.0,0.0,0.0,0.6347131827492928,0.007492595473044554,6.128317832946777,4.827627658843994,10000.0,7.511255892322694,True,False
847,0.0,0.0,0.0,0.8316046715757481,0.021260213775329845,7.383647918701172,4.439397811889648,10000.0,10.903651317468025,True,False
848,0.0,0.0,0.0,0.9070963833627905,-0.06598530320155405,9.182143211364746,5.061283111572266,10000.0,16.86235079080234,True,False
849,0.0,0.0,0.0,0.6838297925972762,-0.06041283819736574,6.2091875076293945,4.540009498596191,10000.0,7.7108019009801865,True,False
850,0.0,0.0,0.0,0.8176399264308233,-0.022410829156748465,7.523618221282959,4.600813865661621,10000.0,11.320966227924188,True,False
851,0.0,0.0,0.0,0.4311713587135492,0.04044146250361895,4.2330145835876465,4.908738136291504,10000.0,3.5836824929731392,True,False
852,0.0,0.0,0.0,0.566890515815105,-0.01940805015415688,6.117732048034668,5.395867347717285,10000.0,7.485329082310088,True,False
853,0.0,0.0,0.0,1.0219438797957303,0.011677221853534137,8.493035316467285,4.155333518981934,10000.0,14.426329777352109,True,False
854,0.0,0.0,0.0,0.5373779304659562,0.022721299740515986,4.837849140167236,4.501347064971924,10000.0,4.680956860603374,True,False
855,0.0,0.0,0.0,0.7840998001839086,-0.011224977171224549,7.154568195343018,4.562281608581543,10000.0,10.237569212362764,True,False
856,0.0,0.0,0.0,0.6138691602111185,0.17691158098335363,6.552706241607666,5.337217330932617,10000.0,8.58759181776081,True,False
857,0.0,0.0,0.0,0.5598937573914885,-0.038003737631319215,4.604355335235596,4.111811637878418,10000.0,4.240017610622498,True,False
858,0.0,0.0,0.0,0.6764000384008463,0.08044865445886867,8.546927452087402,6.317953109741211,10000.0,14.609993774249048,True,False
859,0.0,0.0,0.0,0.45991489637519395,0.06464658896567585,4.493206024169922,4.884823322296143,10000.0,4.037780075127376,True,False
860,0.0,0.0,0.0,1.3920914661232602,-0.04255440677974759,12.110007286071777,4.349573135375977,10000.0,29.330455293742304,True,False
861,0.0,0.0,0.0,0.5774112018006058,0.05631840811189557,5.849246025085449,5.065061092376709,10000.0,6.842735812395585,True,False
862,0.0,0.0,0.0,0.6487624408076436,0.00828180146759422,6.550842761993408,5.048722267150879,10000.0,8.58270817847228,True,False
863,0.0,0.0,0.0,0.6004560315666545,-0.0855773656280009,6.068553924560547,5.053287506103516,10000.0,7.365469347059843,True,False
864,0.0,0.0,0.0,0.7155635395406308,0.08402542764527207,8.9138765335083,6.228570938110352,10000.0,15.89143897092599,True,False
865,0.0,0.0,0.0,1.0924867095258863,0.008019364311145426,9.89727783203125,4.5297017097473145,10000.0,19.591221696883437,True,False
866,0.0,0.0,0.0,0.5327352314944043,-0.039468970492427057,4.754157543182373,4.462026596069336,10000.0,4.520402789079572,True,False
867,0.0,0.0,0.0,0.47152072554800245,-0.05449136383548802,5.210877895355225,5.525608539581299,10000.0,5.430649688060338,True,False
868,0.0,0.0,0.0,0.6420961355339134,0.05267615354175775,6.60106897354126,5.140249729156494,10000.0,8.714822318689812,True,False
869,0.0,0.0,0.0,0.571284508105008,-0.06334645915297372,5.940945148468018,5.1996378898620605,10000.0,7.058965851421135,True,False
870,0.0,0.0,0.0,0.7540500567844836,0.04548942745072067,7.3210530281066895,4.854487419128418,10000.0,10.719563488070023,True,False
871,0.0,0.0,0.0,0.5730828344617546,0.012936809605192147,5.767385482788086,5.031895160675049,10000.0,6.65254706141495,True,False
872,0.0,0.0,0.0,0.7271654299113731,-0.030327755717832944,7.405301570892334,5.091896057128906,10000.0,10.96769827117209,True,False
873,0.0,0.0,0.0,0.7835709953352669,-0.0062881010558948226,7.7113542556762695,4.920648097991943,10000.0,11.892996891307298,True,False
874,0.0,0.0,0.0,0.5978987751220386,-0.0064530647336856345,5.782318115234375,4.8355326652526855,10000.0,6.687040557153523,True,False
875,0.0,0.0,0.0,0.48197824882024526,0.01430779371132578,4.872916221618652,5.055120468139648,10000.0,4.749062500582841,True,False
876,0.0,0.0,0.0,0.977008524819121,0.11285690172397105,10.95704174041748,5.6074442863464355,10000.0,24.011352740250175,True,False
877,0.0,0.0,0.0,0.4554998507608312,-0.0017376399117566077,4.064867973327637,4.461986064910889,10000.0,3.3046303281169447,True,False
878,0.0,0.0,0.0,0.9432392996500343,0.09077520499906425,8.94284725189209,4.740497589111328,10000.0,15.99490339413478,True,False
879,0.0,0.0,0.0,0.8844652489295892,0.08832943445306833,8.057574272155762,4.555054187774658,10000.0,12.984900630261286,True,False
880,0.0,0.0,0.0,0.8040141175594395,-0.04566314337232447,7.536260604858398,4.686646938323975,10000.0,11.359044780868132,True,False
881,0.0,0.0,0.0,0.6349418358369,-0.02631067112405817,8.79690933227539,6.927334785461426,10000.0,15.477122760054769,True,False
882,0.0,0.0,0.0,0.5662938657152136,-0.02228379363876442,5.722476482391357,5.052567958831787,10000.0,6.549347418304432,True,False
883,0.0,0.0,0.0,0.5867592914292149,0.1092752740583075,6.34090518951416,5.403327465057373,10000.0,8.041415724481517,True,False
884,0.0,0.0,0.0,0.8337951864287128,0.02066324523769429,8.168570518493652,4.898427486419678,10000.0,13.345108863120728,True,False
885,0.0,0.0,0.0,0.6281589026785203,0.04208349131186276,5.060014247894287,4.027654647827148,10000.0,5.120748837778635,True,False
886,0.0,0.0,0.0,0.7938098888233018,0.011424141365547372,8.831260681152344,5.562579154968262,10000.0,15.598233043693469,True,False
887,0.0,0.0,0.0,1.1561356436550416,-0.01487636802819885,10.557238578796387,4.565743923187256,10000.0,22.291057281925347,True,False
888,0.0,0.0,0.0,0.4183878966043221,0.04967024773677469,4.386777400970459,5.242476463317871,10000.0,3.848763193133026,True,False
889,0.0,0.0,0.0,0.6514805213798054,0.030481740676172514,6.083639621734619,4.669087886810303,10000.0,7.402134209427867,True,False
890,0.0,0.0,0.0,0.812185689205847,-0.034213342876788545,10.214583396911621,6.288330078125,10000.0,20.867542794492508,True,False
891,0.0,0.0,0.0,0.4887675518246735,-0.07128056432657236,5.570578098297119,5.698596477508545,10000.0,6.206268069845507,True,False
892,0.0,0.0,0.0,0.5155017308832779,0.00930486620727858,5.150436878204346,4.9955573081970215,10000.0,5.305400007273462,True,False
893,0.0,0.0,0.0,0.5845119534224449,0.03658913480361494,6.493669509887695,5.554779052734375,10000.0,8.433548740729016,True,False
894,0.0,0.0,0.0,0.8692920877671925,0.04246762964773055,8.30185317993164,4.7750654220581055,10000.0,13.784153244228214,True,False
895,0.0,0.0,0.0,0.48577853843251745,0.07322746362814442,5.0567145347595215,5.2047529220581055,10000.0,5.114072377209638,True,False
896,0.0,0.0,0.0,0.8631197340652115,0.07059225598667247,8.554533004760742,4.9555888175964355,10000.0,14.636006985908168,True,False
897,0.0,0.0,0.0,0.7719956761082671,0.13552164918958842,8.183895111083984,5.300479888916016,10000.0,13.395227837844864,True,False
898,0.0,0.0,0.0,0.8269131492491433,0.06181436039576552,7.6807637214660645,4.644238471984863,10000.0,11.798826268997843,True,False
899,0.0,0.0,0.0,0.7294116637070588,-0.023008812661976834,7.171018123626709,4.915617942810059,10000.0,10.284700185876545,True,False
900,0.0,0.0,0.0,0.7018730621981992,0.04270900741657024,7.3630900382995605,5.245314598083496,10000.0,10.843018982421242,True,False
901,0.0,0.0,0.0,0.6745391754633293,0.07506896377439809,6.7287163734436035,4.987639427185059,10000.0,9.055124806849605,True,False
902,0.0,0.0,0.0,0.6834390340231158,-0.09870151739311772,6.267800807952881,4.58548641204834,10000.0,7.857065393634954,True,False
903,0.0,0.0,0.0,0.7632294885936204,0.03292457144214328,7.093137264251709,4.646791934967041,10000.0,10.06251924990324,True,False
904,0.0,0.0,0.0,0.7278789367744367,0.004330992371657472,6.365821838378906,4.372857570648193,10000.0,8.104737535596357,True,False
905,0.0,0.0,0.0,0.5004913149654371,0.0016164501832800669,4.847230434417725,4.842472076416016,10000.0,4.699128576869089,True,False
906,0.0,0.0,0.0,0.6464753602122129,-0.01871763715798418,6.725255966186523,5.201478958129883,10000.0,9.045813562145483,True,False
907,0.0,0.0,0.0,0.8557945781982865,-0.031602604643655205,8.16386890411377,4.769759654998779,10000.0,13.32975109671115,True,False
908,0.0,0.0,0.0,0.7585244552947795,-0.021904038199209545,7.347263813018799,4.8431291580200195,10000.0,10.796457107619105,True,False
909,0.0,0.0,0.0,0.8350963522166358,-0.07167102516769176,8.077775001525879,4.836432933807373,10000.0,13.050089795055278,True,False
910,0.0,0.0,0.0,0.6010767893482014,-0.0033565432208540417,5.246706485748291,4.364422798156738,10000.0,5.5055857895186335,True,False
911,0.0,0.0,0.0,0.6839760588392861,0.05320262827795479,6.630916118621826,4.847330570220947,10000.0,8.793809714439746,True,False
912,0.0,0.0,0.0,0.849951221191687,0.05169144060169654,7.580854892730713,4.459582328796387,10000.0,11.493872180927838,True,False
913,0.0,0.0,0.0,1.2679960619725616,-0.010021211992149694,12.570271492004395,4.956747055053711,10000.0,31.602345076539677,True,False
914,0.0,0.0,0.0,1.0057086345757882,-0.029105376463485988,11.493525505065918,5.714142799377441,10000.0,26.420225707120153,True,False
915,0.0,0.0,0.0,0.6442711424014631,0.05845424272340702,6.563478469848633,5.093723773956299,10000.0,8.615849924833306,True,False
916,0.0,0.0,0.0,1.119174226140978,0.09126030992305825,10.972755432128906,4.90216588973999,10000.0,24.08027235466288,True,False
917,0.0,0.0,0.0,0.6004092041174448,-0.042530394060485914,6.004629135131836,5.0004472732543945,10000.0,7.21111421009482,True,False
918,0.0,0.0,0.0,0.734413307447165,0.013613795651322907,8.829463005065918,6.01123571395874,10000.0,15.591883391565531,True,False
919,0.0,0.0,0.0,0.757661579555032,0.04773992208533026,8.520092964172363,5.622624397277832,10000.0,14.518396823627882,True,False
920,0.0,0.0,0.0,0.5134136620344487,0.08300416584891192,5.080370903015137,4.947638988494873,10000.0,5.162033702440567,True,False
921,0.0,0.0,0.0,0.5460648095228409,0.00758226818654619,5.785974979400635,5.297883033752441,10000.0,6.695501292450032,True,False
922,0.0,0.0,0.0,1.1623367972227248,0.008584644536145788,11.98951244354248,5.157503604888916,10000.0,28.749681726771996,True,False
923,0.0,0.0,0.0,0.6069920074765236,0.038114216000110716,6.345164775848389,5.226728439331055,10000.0,8.052223206533426,True,False
924,0.0,0.0,0.0,1.052739874922024,-0.07155153478663591,10.977879524230957,5.213956356048584,10000.0,24.10276776970585,True,False
925,0.0,0.0,0.0,0.5298895564107576,0.04152179120437583,4.624937534332275,4.364058017730713,10000.0,4.278009439295101,True,False
926,0.0,0.0,0.0,0.6792789321585255,0.02735209945720324,6.486447334289551,4.774509429931641,10000.0,8.414799804102401,True,False
927,0.0,0.0,0.0,0.5846751713616055,-0.06421861735463394,5.923928260803223,5.065999507904053,10000.0,7.018585207828618,True,False
928,0.0,0.0,0.0,0.7291819933503695,0.10913795281392032,7.465582847595215,5.119149208068848,10000.0,11.146985450861571,True,False
929,0.0,0.0,0.0,0.404875068913666,0.09077972950772392,4.85214376449585,5.992149353027344,10000.0,4.70865982226719,True,False
930,0.0,0.0,0.0,1.1495114276920615,-0.028208947153417693,14.222451210021973,6.186302661895752,10000.0,40.45562368429108,True,False
931,0.0,0.0,0.0,0.6691724983572044,0.014031159462344688,6.363096714019775,4.754451751708984,10000.0,8.09779995839385,True,False
932,0.0,0.0,0.0,0.7576873245656602,0.025100106621418747,10.229667663574219,6.75058650970459,10000.0,20.92922010143519,True,False
933,0.0,0.0,0.0,0.5248101563020746,-0.058101024686486695,5.030850410461426,4.7930192947387695,10000.0,5.0618911704879785,True,False
934,0.0,0.0,0.0,0.621771289836414,0.025707327713484253,5.506261825561523,4.427883625030518,10000.0,6.063783858327223,True,False
935,0.0,0.0,0.0,0.6541707074557752,0.01267818595573246,6.817696571350098,5.210946083068848,10000.0,9.296197307799773,True,False
936,0.0,0.0,0.0,0.5641222041922025,-0.034644217447857284,6.554856777191162,5.809784412384033,10000.0,8.593229473897779,True,False
937,0.0,0.0,0.0,0.6243831011873443,-0.1068366129390358,7.247537612915039,5.80375862121582,10000.0,10.50536029012364,True,False
938,0.0,0.0,0.0,0.9832226866028052,0.12362451162512197,10.869093894958496,5.527279853820801,10000.0,23.6274404194848,True,False
939,0.0,0.0,0.0,0.45977802327751344,-0.03791951949580726,5.7213616371154785,6.221873760223389,10000.0,6.546795796531342,True,False
940,0.0,0.0,0.0,0.4289688167905925,-0.01424129511510941,5.118638038635254,5.966212272644043,10000.0,5.240091074112751,True,False
941,0.0,0.0,0.0,0.5128555906615437,0.0826496308251591,6.519874095916748,6.356442451477051,10000.0,8.501751645321242,True,False
942,0.0,0.0,0.0,0.6527622899803824,-0.02972856565864252,6.529356002807617,5.0013275146484375,10000.0,8.526497962279969,True,False
943,0.0,0.0,0.0,0.640640266818923,0.15099715881056944,6.6675333976745605,5.2038044929504395,10000.0,8.891200321821131,True,False
944,0.0,0.0,0.0,0.9345920600068294,-0.05407278025942896,9.344476699829102,4.999227523803711,10000.0,17.4638489587298,True,False
945,0.0,0.0,0.0,1.0100103821798305,0.058439634080048215,9.647814750671387,4.776096820831299,10000.0,18.616065892654476,True,False
946,0.0,0.0,0.0,0.5838741988695741,0.019241404290355837,5.51739501953125,4.7248148918151855,10000.0,6.088329560309646,True,False
947,0.0,0.0,0.0,0.48928854950838496,0.004497188487225259,5.780296802520752,5.906838417053223,10000.0,6.682366225046323,True,False
948,0.0,0.0,0.0,0.6698278834107849,0.09037263303425093,6.957621097564697,5.193588733673096,10000.0,9.681698267455474,True,False
949,0.0,0.0,0.0,0.4924069515534114,-0.039442479248438314,4.485901355743408,4.555075168609619,10000.0,4.024662194692109,True,False
950,0.0,0.0,0.0,0.9069368226326318,-0.07058763362902311,10.156607627868652,5.599401950836182,10000.0,20.63133570129594,True,False
951,0.0,0.0,0.0,0.6754237315695654,-0.043615107764597164,7.328514575958252,5.425123691558838,10000.0,10.741425178006509,True,False
952,0.0,0.0,0.0,0.9398384671038615,0.023817024022109282,10.62301254272461,5.651509761810303,10000.0,22.569679096576863,True,False
953,0.0,0.0,0.0,0.8388119943424854,-0.06849216676897929,8.396697044372559,5.005112648010254,10000.0,14.100904250994972,True,False
954,0.0,0.0,0.0,0.591153383701045,0.024716388536370433,6.764028549194336,5.721043586730957,10000.0,9.150416442863204,True,False
955,0.0,0.0,0.0,0.5296836469976687,0.019302058959345784,5.826772689819336,5.500238418579102,10000.0,6.790255995764891,True,False
956,0.0,0.0,0.0,0.6039451811496592,-0.01790236959710756,5.772398948669434,4.778909683227539,10000.0,6.664117924519996,True,False
957,0.0,0.0,0.0,0.5786369071303249,0.00425504699181633,5.51006555557251,4.761246204376221,10000.0,6.072164485341318,True,False
958,0.0,0.0,0.0,0.9135672845571111,-0.0932713044638854,8.488819122314453,4.6459736824035645,10000.0,14.412010018274302,True,False
959,0.0,0.0,0.0,0.668977880143512,0.006035289839800975,7.231277942657471,5.404721260070801,10000.0,10.45827613679289,True,False
960,0.0,0.0,0.0,0.6716555245463475,0.023854723522480453,7.565545082092285,5.632012844085693,10000.0,11.447494477834148,True,False
961,0.0,0.0,0.0,0.48859305685096316,-0.0547144434925003,5.2681121826171875,5.391104221343994,10000.0,5.550601193727925,True,False
962,0.0,0.0,0.0,0.6708409045159904,0.05550578585894225,7.087424278259277,5.282492637634277,10000.0,10.046316580011805,True,False
963,0.0,0.0,0.0,0.5959658528689153,0.028038680554765303,6.158548355102539,5.166863441467285,10000.0,7.585543568427237,True,False
964,0.0,0.0,0.0,0.6461565424221516,0.03048550637685024,6.568077087402344,5.082419395446777,10000.0,8.627927325211928,True,False
965,0.0,0.0,0.0,0.6117327285262478,-0.07089579661079842,6.39719295501709,5.228748321533203,10000.0,8.184815540744054,True,False
966,0.0,0.0,0.0,1.0313126526010938,0.009458809991136706,11.530366897583008,5.590141296386719,10000.0,26.589872158575588,True,False
967,0.0,0.0,0.0,0.606729642586754,0.0625297647337812,7.273584842681885,5.994090557098389,10000.0,10.581007292738327,True,False
968,0.0,0.0,0.0,0.8332833028217679,-0.007002067372491678,8.458189964294434,5.075218677520752,10000.0,14.308195494418214,True,False
969,0.0,0.0,0.0,0.595950214220584,0.09109683010043097,6.045420169830322,5.072084903717041,10000.0,7.3094210059582565,True,False
970,0.0,0.0,0.0,0.43883476882223943,0.00026452740437622204,5.09246301651001,5.802255630493164,10000.0,5.186635914904443,True,False
971,0.0,0.0,0.0,1.0332853243510076,0.04110419585517111,9.332348823547363,4.515862464904785,10000.0,17.41854691287317,True,False
972,0.0,0.0,0.0,0.5047291847118666,-0.03706514534466126,5.51329231262207,5.461634159088135,10000.0,6.0792784248835225,True,False
973,0.0,0.0,0.0,0.6713546886108445,-0.07838416431838108,7.66477632522583,5.70844030380249,10000.0,11.749759223148473,True,False
974,0.0,0.0,0.0,0.8215440016549364,0.08420879038466836,8.184541702270508,4.981194972991943,10000.0,13.397344575241,True,False
975,0.0,0.0,0.0,1.0026317157727251,0.07358604615116558,11.641127586364746,5.805285930633545,10000.0,27.103170296404457,True,False
976,0.0,0.0,0.0,0.5075770045457253,0.06568255237957256,5.778759956359863,5.692495822906494,10000.0,6.678813326645649,True,False
977,0.0,0.0,0.0,0.5886250928667405,-0.037445739959866914,5.901947021484375,5.013332843780518,10000.0,6.966595728881657,True,False
978,0.0,0.0,0.0,0.4977528886323905,-0.03861176973519878,6.040590286254883,6.0678606033325195,10000.0,7.297746201279367,True,False
979,0.0,0.0,0.0,1.2242995932507155,-0.08323748325621227,13.933804512023926,5.690520763397217,10000.0,38.830181635859645,True,False
980,0.0,0.0,0.0,1.0503780874930206,-0.005279446845358162,13.265460968017578,6.31461238861084,10000.0,35.19449093879956,True,False
981,0.0,0.0,0.0,0.520678309000039,0.019766428669112344,5.223045349121094,5.015616416931152,10000.0,5.456040543795098,True,False
982,0.0,0.0,0.0,0.48966485655601644,0.07047035471127547,5.063723087310791,5.170600891113281,10000.0,5.128258300992865,True,False
983,0.0,0.0,0.0,0.6879241014165606,-0.05907357659595842,6.7232513427734375,4.886622905731201,10000.0,9.040421723620966,True,False
984,0.0,0.0,0.0,0.9299983760858707,0.04735972929551834,11.365571975708008,6.110533237457275,10000.0,25.835245266999834,True,False
985,0.0,0.0,0.0,0.6143985956542719,0.16108987460002397,7.158010005950928,5.825216770172119,10000.0,10.24742144905872,True,False
986,0.0,0.0,0.0,0.4405637629528127,0.0044339419776595265,5.195321083068848,5.896219253540039,10000.0,5.398272231235932,True,False
987,0.0,0.0,0.0,0.657517262373276,-0.030703467225513176,7.118991851806641,5.413539886474609,10000.0,10.136008997217864,True,False
988,0.0,0.0,0.0,0.5254850588684604,0.01449996953709014,5.009929656982422,4.7669572830200195,10000.0,5.019879033582399,True,False
989,0.0,0.0,0.0,0.94945184184396,-0.01952085593457273,8.900096893310547,4.6869659423828125,10000.0,15.842344942063207,True,False
990,0.0,0.0,0.0,0.3582019615803226,-0.015421167797812113,4.621367454528809,6.450784683227539,10000.0,4.271407429955616,True,False
991,0.0,0.0,0.0,0.6441251887167183,-0.007036833773459553,6.133360862731934,4.761000633239746,10000.0,7.523623094498362,True,False
992,0.0,0.0,0.0,0.747338690026698,0.003344035830208727,7.558052062988281,5.056644439697266,10000.0,11.42483019736828,True,False
993,0.0,0.0,0.0,0.4234261105121659,-0.026752772207268783,5.637459754943848,6.656958103179932,10000.0,6.356190497722309,True,False
994,0.0,0.0,0.0,0.4904878757082311,0.013466874328941393,5.423370361328125,5.5285468101501465,10000.0,5.882589215226471,True,False
995,0.0,0.0,0.0,0.7044618060385852,0.06981046101008126,6.833570957183838,4.8502068519592285,10000.0,9.339538405373283,True,False
996,0.0,0.0,0.0,0.487862858144543,-0.05550345326227958,4.565167427062988,4.678740501403809,10000.0,4.168150727423381,True,False
997,0.0,0.0,0.0,0.9898659931928738,-0.000985229516561045,10.771801948547363,5.441040515899658,10000.0,23.20634344374575,True,False
998,0.0,0.0,0.0,0.5280472207313174,-0.029201996025111983,5.607944011688232,5.310078144073486,10000.0,6.289807207645978,True,False
999,0.0,0.0,0.0,0.5693556185216918,-0.003027037405113611,6.603579521179199,5.799169540405273,10000.0,8.72145249850746,True,False
1000,0.0,0.0,0.0,0.8337860735398088,0.11719532610897088,8.410470008850098,5.04354190826416,10000.0,14.14720115395339,True,False
1001,0.0,0.0,0.0,0.5448061541834899,-0.006030152094831067,5.554226875305176,5.097434043884277,10000.0,6.169887236472459,True,False
1002,0.0,0.0,0.0,1.0041331171773953,-0.05033040663600122,10.68152904510498,5.31878137588501,10000.0,22.819012548284263,True,False
1003,0.0,0.0,0.0,0.6218491350526241,0.07532878314575597,6.878946304321289,5.531041145324707,10000.0,9.463980451547101,True,False
1004,0.0,0.0,0.0,0.803357751208856,0.009592817827294329,9.424696922302246,5.86581563949585,10000.0,17.76498241545069,True,False
1005,0.0,0.0,0.0,0.9786926565265583,0.05806906594648956,9.421743392944336,4.8134331703186035,10000.0,17.753849712498052,True,False
1006,0.0,0.0,0.0,0.702263811915441,0.06363542238855915,6.858892917633057,4.883416175842285,10000.0,9.408882411111378,True,False
1007,0.0,0.0,0.0,0.46912022512336576,-0.11072027357126675,5.049652576446533,5.382045269012451,10000.0,5.099798228562619,True,False
1008,0.0,0.0,0.0,0.36510521663584306,-0.006565291104619478,4.140076637268066,5.669703483581543,10000.0,3.428046912490572,True,False
1009,0.0,0.0,0.0,0.7237688719684342,0.05962404805655787,7.971538543701172,5.506964206695557,10000.0,12.709085350742676,True,False
1010,0.0,0.0,0.0,0.7085816462689182,0.016374120477416942,7.756979465484619,5.473596096038818,10000.0,12.03414608559001,True,False
1011,0.0,0.0,0.0,0.7260484504971507,0.044792616288430856,7.120855808258057,4.903843402862549,10000.0,10.141317488400496,True,False
1012,0.0,0.0,0.0,0.6331417582133485,-0.016667788899910982,7.777440547943115,6.141942501068115,10000.0,12.097716295357941,True,False
1013,0.0,0.0,0.0,0.693414248032382,0.030459140888716246,7.428873062133789,5.3567352294921875,10000.0,11.037630994659409,True,False
1014,0.0,0.0,0.0,0.7040939277667083,-0.007634722616474064,7.974093914031982,5.662663459777832,10000.0,12.717234749960376,True,False
1015,0.0,0.0,0.0,0.6178328289880985,0.06636622125627724,7.01137113571167,5.67416524887085,10000.0,9.831865040538148,True,False
1016,0.0,0.0,0.0,0.4575269928815589,0.10789448078345057,5.0373640060424805,5.504991054534912,10000.0,5.075007225874469,True,False
1017,0.0,0.0,0.0,0.5012967467386541,-0.03926173800230854,4.896328926086426,4.883663177490234,10000.0,4.794807390486131,True,False
1018,0.0,0.0,0.0,0.42054169880607756,0.036667706280669836,4.35144567489624,5.173619747161865,10000.0,3.7870158923146384,True,False
1019,0.0,0.0,0.0,0.9170275397218901,0.08665959679045111,9.02035903930664,4.918259620666504,10000.0,16.2733754396002,True,False
1020,0.0,0.0,0.0,0.42642605126849126,0.008855077888607472,5.4444193840026855,6.383779048919678,10000.0,5.928340485780836,True,False
1021,0.0,0.0,0.0,0.7170541703059045,0.0422151765017057,8.526253700256348,5.945334434509277,10000.0,14.539400432227012,True,False
1022,0.0,0.0,0.0,0.7139605180410379,0.0065996646263527204,8.048747062683105,5.636689186096191,10000.0,12.95646585580998,True,False
1023,0.0,0.0,0.0,0.8902326980861264,0.05243171377397626,10.44009780883789,5.863690376281738,10000.0,21.799128451620334,True,False
1024,0.0,0.0,0.0,0.6319985068966365,0.028059053163181955,7.2595977783203125,5.743366241455078,10000.0,10.540351980598643,True,False
1025,0.0,0.0,0.0,0.8093893424410306,-0.06829465378909097,9.303262710571289,5.747087478637695,10000.0,17.310139412381247,True,False
1026,0.0,0.0,0.0,0.5987837140066136,-0.15033946290427727,8.333131790161133,6.9583821296691895,10000.0,13.888217086438814,True,False
1027,0.0,0.0,0.0,0.5934261569410059,-0.017738140025987854,7.072595119476318,5.95911979675293,10000.0,10.004320344808043,True,False
1028,0.0,0.0,0.0,0.734416818272508,0.029340332432280167,14.238341331481934,9.69363784790039,10000.0,40.54607277435733,True,False
1029,0.0,0.0,0.0,0.7988764882174444,-0.0912107991675065,8.210321426391602,5.138667583465576,10000.0,13.481875584933,True,False
1030,0.0,0.0,0.0,0.5462319333715607,-0.028125996429017194,6.390192031860352,5.849339485168457,10000.0,8.166910840810303,True,False
1031,0.0,0.0,0.0,0.8053254202140318,0.08548092136999107,7.210119247436523,4.47652530670166,10000.0,10.397163912450921,True,False
1032,0.0,0.0,0.0,0.6228538537805843,-0.022373270993964144,8.034018516540527,6.4493608474731445,10000.0,12.909090704823207,True,False
1033,0.0,0.0,0.0,0.5311637799046738,-0.005746901876352612,6.132386684417725,5.772594928741455,10000.0,7.521233289444762,True,False
1034,0.0,0.0,0.0,0.7062362038939367,-0.025998545653846,8.882712364196777,6.288768768310547,10000.0,15.780515789010856,True,False
1035,0.0,0.0,0.0,0.5629666559354835,-0.003420021163521423,6.999271869659424,6.2164177894592285,10000.0,9.797961341081141,True,False
1036,0.0,0.0,0.0,0.5449308777379466,-0.006047790983257127,5.815720558166504,5.33620023727417,10000.0,6.764521122136102,True,False
1037,0.0,0.0,0.0,0.630900080110432,0.015203601844902024,7.237163543701172,5.735586166381836,10000.0,10.475307231655457,True,False
1038,0.0,0.0,0.0,0.739251954069406,0.022962011432765755,7.695436477661133,5.204880714416504,10000.0,11.843948516343517,True,False
1039,0.0,0.0,0.0,0.4175892050542394,0.015489084613749125,4.719985485076904,5.651469707489014,10000.0,4.455652595867331,True,False
1040,0.0,0.0,0.0,0.8925915074769204,-0.09582767895617353,10.822792053222656,6.062567234039307,10000.0,23.426565565459896,True,False
1041,0.0,0.0,0.0,0.7209903804418912,-0.02542784511726709,9.641140937805176,6.686039924621582,10000.0,18.590319716524576,True,False
1042,0.0,0.0,0.0,0.5386312525322208,0.07731786707360123,6.004568099975586,5.57391357421875,10000.0,7.210967613448883,True,False
1043,0.0,0.0,0.0,1.1141890399017003,0.10982012056874157,12.90311336517334,5.790360927581787,10000.0,33.298066902902974,True,False
1044,0.0,0.0,0.0,0.7169450621708234,-0.005692320972748129,8.247897148132324,5.75211238861084,10000.0,13.605561473233863,True,False
1045,0.0,0.0,0.0,0.6901674154370868,0.005063592059116717,7.273130416870117,5.269105911254883,10000.0,10.579685212160257,True,False
1046,0.0,0.0,0.0,0.4428152391823817,0.011934570568372294,4.605173587799072,5.199881553649902,10000.0,4.241524754752437,True,False
1047,0.0,0.0,0.0,0.6706826192809201,0.0632572061188494,7.650306224822998,5.703372955322266,10000.0,11.705437066713102,True,False
1048,0.0,0.0,0.0,0.6696542651335673,0.019261492186160373,7.590439796447754,5.667431831359863,10000.0,11.522955260699561,True,False
1049,0.0,0.0,0.0,0.5544126013615432,-0.06385582199719991,6.188516139984131,5.581146717071533,10000.0,7.6595464029688145,True,False
1050,0.0,0.0,0.0,0.4545810972149325,0.016855980287787172,6.810182571411133,7.4906134605407715,10000.0,9.275717331190386,True,False
1051,0.0,0.0,0.0,0.37406873279589814,0.016748481614964242,4.590892314910889,6.1364288330078125,10000.0,4.215258449421572,True,False
1052,0.0,0.0,0.0,0.4696331442560818,0.0405862766462531,5.376039981842041,5.723659038543701,10000.0,5.780361177272834,True,False
1053,0.0,0.0,0.0,0.5211362314053235,-0.03035956948648776,5.043262958526611,4.838718414306641,10000.0,5.086900253769315,True,False
1054,0.0,0.0,0.0,0.7460253806524159,0.01445413581155527,8.680886268615723,5.818090438842773,10000.0,15.071557281728197,True,False
1055,0.0,0.0,0.0,0.627272050241641,-0.07149474807573342,7.221283912658691,5.756102085113525,10000.0,10.429388269444644,True,False
1056,0.0,0.0,0.0,0.4343083595314672,0.0037812462287199412,5.318040370941162,6.122424602508545,10000.0,5.656310677392,True,False
1057,0.0,0.0,0.0,0.7242968142299013,0.022920680152336146,6.898044109344482,4.761890411376953,10000.0,9.516602506892418,True,False
1058,0.0,0.0,0.0,0.9829090131835356,0.03198775991761588,11.397855758666992,5.7980217933654785,10000.0,25.98222317907566,True,False
1059,0.0,0.0,0.0,0.5790688630027899,-0.05767179617335178,6.083198547363281,5.252569198608398,10000.0,7.401060913328546,True,False
1060,0.0,0.0,0.0,0.8015767978935476,0.11448197739190823,8.545699119567871,5.330555438995361,10000.0,14.605794688436617,True,False
1061,0.0,0.0,0.0,0.5528142958070631,0.032818397491015686,5.666097164154053,5.12477445602417,10000.0,6.420931414726919,True,False
1062,0.0,0.0,0.0,0.39467441836197176,0.022140500019921718,4.436523914337158,5.620485782623291,10000.0,3.9365488884971,True,False
1063,0.0,0.0,0.0,0.3638260657424321,-0.02255368101327622,4.7474236488342285,6.524303913116455,10000.0,4.507606260302101,True,False
1064,0.0,0.0,0.0,0.5289625384364451,0.10758903808720811,6.445427417755127,6.092517852783203,10000.0,8.308706919509902,True,False
1065,0.0,0.0,0.0,0.4822717281445127,-0.08350760647951709,5.836584568023682,6.0511369705200195,10000.0,6.813143883938437,True,False
1066,0.0,0.0,0.0,0.4140552755927235,0.006010953982895693,4.6088056564331055,5.5654473304748535,10000.0,4.248217915753958,True,False
1067,0.0,0.0,0.0,0.5949811165020683,-0.03613546157283917,6.742552280426025,5.666190147399902,10000.0,9.092402250855635,True,False
1068,0.0,0.0,0.0,0.5941284838478483,-0.025687609668612967,7.242440700531006,6.095012187957764,10000.0,10.490589460141607,True,False
1069,0.0,0.0,0.0,0.5981934595810728,0.06543052551451259,6.789449214935303,5.674961090087891,10000.0,9.219324128437115,True,False
1070,0.0,0.0,0.0,0.6751335887113856,-0.02000266855376312,7.583919048309326,5.61660623550415,10000.0,11.503165626261804,True,False
1071,0.0,0.0,0.0,0.41880758112810085,-0.014484452150238096,4.44315767288208,5.3045334815979,10000.0,3.9483300212181796,True,False
1072,0.0,0.0,0.0,0.6642675580757924,0.0037088991261424752,7.6952900886535645,5.792312145233154,10000.0,11.843497909705953,True,False
1073,0.0,0.0,0.0,0.5351332310385399,-0.022771535641867662,6.1783061027526855,5.772680282592773,10000.0,7.634293259862215,True,False
1074,0.0,0.0,0.0,0.7652705053460307,0.01679450072194949,8.355599403381348,5.459245681762695,10000.0,13.963208277957342,True,False
1075,0.0,0.0,0.0,0.5103235172003111,0.006427584807849791,5.830491542816162,5.7125444412231445,10000.0,6.798926326170157,True,False
1076,0.0,0.0,0.0,0.9441711908791396,0.056619468208240105,10.480827331542969,5.550279140472412,10000.0,21.96954831072361,True,False
1077,0.0,0.0,0.0,0.4260158555576125,0.32548345561172815,7.461664199829102,8.757495880126953,10000.0,11.13528652620225,True,False
1078,0.0,0.0,0.0,0.35058525979375166,-0.05644933666843702,4.976346015930176,7.097198009490967,10000.0,4.952803934052824,True,False
1079,0.0,0.0,0.0,0.4797671466058884,0.08738462031868151,5.624152660369873,5.861335754394531,10000.0,6.326218629429103,True,False
1080,0.0,0.0,0.0,0.7802627436563899,-0.06336717592308011,8.286840438842773,5.310288429260254,10000.0,13.734344891767975,True,False
1081,0.0,0.0,0.0,0.8510059103495236,0.01823471717566803,8.334912300109863,4.897094249725342,10000.0,13.894152610104534,True,False
1082,0.0,0.0,0.0,0.7001121336376344,-0.016724521037099493,7.826351165771484,5.58935546875,10000.0,12.25035451399453,True,False
1083,0.0,0.0,0.0,0.9336420607005528,-0.05996018724292019,10.024825096130371,5.368666172027588,10000.0,20.09942364160105,True,False
1084,0.0,0.0,0.0,0.34549886852081235,0.026353204742252716,4.490685939788818,6.498843193054199,10000.0,4.033252041963397,True,False
1085,0.0,0.0,0.0,0.7532592081825443,0.10671611793174242,8.775151252746582,5.824788570404053,10000.0,15.400655901715979,True,False
1086,0.0,0.0,0.0,0.8350848878984881,0.04582925988443333,8.806342124938965,5.2727227210998535,10000.0,15.5103323242949,True,False
1087,0.0,0.0,0.0,0.9274604101542372,0.05304931918097268,9.011988639831543,4.85842227935791,10000.0,16.243187848890557,True,False
1088,0.0,0.0,0.0,0.49550535210457775,-0.031052663309510335,5.983097553253174,6.037369251251221,10000.0,7.159491266348823,True,False
1089,0.0,0.0,0.0,0.8676438462513684,0.12163029043977082,9.711756706237793,5.596626281738281,10000.0,18.86364366423095,True,False
1090,0.0,0.0,0.0,0.9091950420519375,0.020378261354663786,10.24174690246582,5.632315635681152,10000.0,20.978675922833645,True,False
1091,0.0,0.0,0.0,0.6703944216047782,-0.0016605241289085447,7.5587358474731445,5.637528896331787,10000.0,11.426897522375107,True,False
1092,0.0,0.0,0.0,0.3801095936165591,0.04021847167956309,4.792697906494141,6.304363250732422,10000.0,4.593990644582664,True,False
1093,0.0,0.0,0.0,0.4617027299536131,0.04006025437047985,5.1298747062683105,5.555387020111084,10000.0,5.263122900402276,True,False
1094,0.0,0.0,0.0,0.909505346445661,0.01799431385374512,11.182502746582031,6.147573947906494,10000.0,25.009673535462923,True,False
1095,0.0,0.0,0.0,0.4457050529089644,-0.0013886628892084785,5.661063194274902,6.350683212280273,10000.0,6.409527297914792,True,False
1096,0.0,0.0,0.0,0.4959213754877248,-0.06665418938572977,5.734450817108154,5.781612873077393,10000.0,6.576785234766476,True,False
1097,0.0,0.0,0.0,0.5177761349307608,0.061838732096424695,6.219118118286133,6.005605220794678,10000.0,7.735486033838967,True,False
1098,0.0,0.0,0.0,0.975816384257452,0.020529404250099827,10.699041366577148,5.482097625732422,10000.0,22.8938972327458,True,False
1099,0.0,0.0,0.0,0.7536063626800646,-0.04020435039614296,9.213855743408203,6.113175392150879,10000.0,16.979027532067263,True,False
1100,0.0,0.0,0.0,0.7436823014430395,0.04512667303003157,8.793482780456543,5.912123203277588,10000.0,15.465067882037147,True,False
1101,0.0,0.0,0.0,0.48018553137219855,-0.00955686129371378,5.347348213195801,5.568002223968506,10000.0,5.718826582633664,True,False
1102,0.0,0.0,0.0,0.6946473604586455,-0.10228225537642648,8.256881713867188,5.943218231201172,10000.0,13.635219127358866,True,False
1103,0.0,0.0,0.0,0.584749899798529,0.12795214663278906,7.518851280212402,6.429117202758789,10000.0,11.306624914790333,True,False
1104,0.0,0.0,0.0,0.6431660751344865,-0.10335245108052814,7.817159652709961,6.07709264755249,10000.0,12.2215970071913,True,False
1105,0.0,0.0,0.0,0.4690096894244614,0.07391772188044962,5.108509540557861,5.446059703826904,10000.0,5.2193739451941354,True,False
1106,0.0,0.0,0.0,0.9016928769292282,0.025978258759886342,10.23086166381836,5.673141002655029,10000.0,20.934106076837622,True,False
1107,0.0,0.0,0.0,0.7431608708736029,0.03772387697613838,7.595372200012207,5.110180377960205,10000.0,11.537935771343655,True,False
1108,0.0,0.0,0.0,0.6803806231444965,-0.05859163603752302,8.114469528198242,5.963183879852295,10000.0,13.168923144811558,True,False
1109,0.0,0.0,0.0,0.4970223384047033,-0.040208034648762124,6.101699352264404,6.138254642486572,10000.0,7.446146997084767,True,False
1110,0.0,0.0,0.0,0.6915552207788714,0.017807949116758908,7.452823638916016,5.38845157623291,10000.0,11.10891603855707,True,False
1111,0.0,0.0,0.0,0.4027022778686144,0.13101580877421665,5.6780500411987305,7.049935340881348,10000.0,6.448050454071378,True,False
1112,0.0,0.0,0.0,0.5397096487731295,0.10665390435445551,6.600527286529541,6.114887237548828,10000.0,8.713392092044202,True,False
1113,0.0,0.0,0.0,0.7176570891791239,0.028334434415223278,8.201725006103516,5.714236736297607,10000.0,13.45365861514874,True,False
1114,0.0,0.0,0.0,0.7500696489136053,-0.09563459643249123,9.474443435668945,6.315709114074707,10000.0,17.953015683138076,True,False
1115,0.0,0.0,0.0,0.7104661111965753,-0.001965125471688567,7.853047847747803,5.526687145233154,10000.0,12.33407209980328,True,False
1116,0.0,0.0,0.0,1.0644175556260924,0.06942413335878685,13.668418884277344,6.420609474182129,10000.0,37.36513495921389,True,False
1117,0.0,0.0,0.0,0.6312246390064619,-0.049452017544533496,9.680213928222656,7.66780424118042,10000.0,18.741308339231182,True,False
1118,0.0,0.0,0.0,1.0425442306769328,-0.11237568833540242,11.787206649780273,5.653096675872803,10000.0,27.787648120924857,True,False
1119,0.0,0.0,0.0,0.7545872677708938,-0.007283527903480664,8.148747444152832,5.399473190307617,10000.0,13.280416981717458,True,False
1120,0.0,0.0,0.0,0.4114845005145518,0.060962621558214636,5.03538703918457,6.1185622215271,10000.0,5.07102452687759,True,False
1121,0.0,0.0,0.0,0.6867488841569058,-0.025415701853281222,7.63816499710083,5.561104774475098,10000.0,11.66831290458726,True,False
1122,0.0,0.0,0.0,0.7123389454862749,-0.006492812298396361,8.736995697021484,6.132611274719238,10000.0,15.267018761954382,True,False
1123,0.0,0.0,0.0,0.5150329394636172,0.052779035724165396,6.507709980010986,6.317760944366455,10000.0,8.470057836786914,True,False
1124,0.0,0.0,0.0,0.6707979661435639,0.00499666067377509,7.924441337585449,5.906727313995361,10000.0,12.559354102566608,True,False
1125,0.0,0.0,0.0,0.7099176678397029,0.011391006188254551,7.89151668548584,5.558050632476807,10000.0,12.455207119460283,True,False
1126,0.0,0.0,0.0,0.7961954240191833,0.036900277785469004,15.247549057006836,9.575255393981934,10000.0,46.497550449166,True,False
1127,0.0,0.0,0.0,0.4520747433063474,0.012597888407367188,5.538135051727295,6.125242710113525,10000.0,6.134187970234095,True,False
1128,0.0,0.0,0.0,0.4350287884433922,-0.008325019843765961,6.150120258331299,7.068635940551758,10000.0,7.564795838387408,True,False
1129,0.0,0.0,0.0,0.8661858317520171,0.03318942784531249,10.84301471710205,6.259057998657227,10000.0,23.514193631058333,True,False
1130,0.0,0.0,0.0,0.5820635440029089,-0.05341437812611007,7.046920299530029,6.053394317626953,10000.0,9.931817141585675,True,False
1131,0.0,0.0,0.0,0.40633104539428067,0.01680215950916358,4.92047119140625,6.0547566413879395,10000.0,4.842207349091765,True,False
1132,0.0,0.0,0.0,0.7388324231560043,0.12116844375352093,8.354399681091309,5.653785228729248,10000.0,13.959198806283709,True,False
1133,0.0,0.0,0.0,0.8076291477181388,-0.021306565357776332,9.218234062194824,5.706972122192383,10000.0,16.99516784508178,True,False
1134,0.0,0.0,0.0,0.5078723614621559,-0.009318317491296652,6.745508670806885,6.64094877243042,10000.0,9.100377445586169,True,False
1135,0.0,0.0,0.0,0.5915098576464112,-0.060097825569639746,7.030226230621338,5.942611217498779,10000.0,9.884816170743257,True,False
1136,0.0,0.0,0.0,0.7922767302272138,-0.022751996420932275,9.25538444519043,5.841004848480225,10000.0,17.132428245654594,True,False
1137,0.0,0.0,0.0,0.43324216199737126,-0.0018624996495437652,4.884393692016602,5.637024879455566,10000.0,4.771460347722314,True,False
1138,0.0,0.0,0.0,0.8871342214679254,0.10810382024128035,10.865293502807617,6.123816013336182,10000.0,23.610920580430673,True,False
1139,0.0,0.0,0.0,0.5735291074326353,-0.04846827193618002,6.501806259155273,5.668244361877441,10000.0,8.454696926318135,True,False
1140,0.0,0.0,0.0,0.593758683176332,-0.031324137281530384,7.157081604003906,6.026927947998047,10000.0,10.244763417274221,True,False
1141,0.0,0.0,0.0,0.6980306121977753,-0.08660681052890584,8.07247543334961,5.782321929931641,10000.0,13.032971924406588,True,False
1142,0.0,0.0,0.0,0.5043276479931463,-0.035640845079674,7.287068843841553,7.224538326263428,10000.0,10.62027446697725,True,False
1143,0.0,0.0,0.0,0.9242513557008879,0.17482736918820566,10.725676536560059,5.802359104156494,10000.0,23.008027433382992,True,False
1144,0.0,0.0,0.0,0.5771678621370769,0.04798958115903113,7.4236626625061035,6.431112289428711,10000.0,11.02215346533744,True,False
1145,0.0,0.0,0.0,0.687389370799649,0.009640367586226023,10.22390079498291,7.436760902404785,10000.0,20.905629493130434,True,False
1146,0.0,0.0,0.0,0.8007167111332157,0.029775879622274265,8.490605354309082,5.301878452301025,10000.0,14.41807585652441,True,False
1147,0.0,0.0,0.0,0.8263009334316265,0.04099623651878295,9.370339393615723,5.670052528381348,10000.0,17.56065207030933,True,False
1148,0.0,0.0,0.0,0.4755824466593778,-0.059602920806285355,6.074418544769287,6.386293888092041,10000.0,7.379712131407402,True,False
1149,0.0,0.0,0.0,0.46669808452351164,-0.059843000930721625,6.152468204498291,6.59148645401001,10000.0,7.570573001472482,True,False
1150,0.0,0.0,0.0,0.5409554937981601,0.034546751716734235,6.4491496086120605,5.960887432098389,10000.0,8.318306134852214,True,False
1151,0.0,0.0,0.0,0.461410992866065,0.050837166681675504,5.795029640197754,6.2796831130981445,10000.0,6.716473706154101,True,False
1152,0.0,0.0,0.0,0.36405351881671627,0.09990588338763495,5.557110786437988,7.632271766662598,10000.0,6.1762960585490845,True,False
1153,0.0,0.0,0.0,1.0002916799277328,-0.059358781564592386,10.011139869689941,5.004110336303711,10000.0,20.044584298099096,True,False
1154,0.0,0.0,0.0,0.7526879034472773,0.004670898503858428,9.597970962524414,6.375797271728516,10000.0,18.424209319492363,True,False
1155,0.0,0.0,0.0,0.5680544268383777,0.027890298838679148,6.26614236831665,5.51544189453125,10000.0,7.852908036002599,True,False
1156,0.0,0.0,0.0,0.6283948848625377,-0.011757486061076303,8.132048606872559,6.470492362976074,10000.0,13.22604290890758,True,False
1157,0.0,0.0,0.0,0.4987469225131532,0.036248414674220845,5.018606185913086,5.031215190887451,10000.0,5.037281609857018,True,False
1158,0.0,0.0,0.0,0.7097193131029766,-0.020991600540986203,7.1850504875183105,5.061895847320557,10000.0,10.324990101637418,True,False
1159,0.0,0.0,0.0,0.5460130965943694,-0.0327447214521137,6.335812091827393,5.801886558532715,10000.0,8.028502972589237,True,False
1160,0.0,0.0,0.0,0.5697943632321035,0.03695954387714603,6.664687156677246,5.848326683044434,10000.0,8.883610979275723,True,False
1161,0.0,0.0,0.0,0.8277936442182593,-0.12967299756890896,10.889307022094727,6.57730770111084,10000.0,23.715401484288293,True,False
1162,0.0,0.0,0.0,0.8169118720686827,-0.03052064587884961,9.518694877624512,5.826023101806641,10000.0,18.121110434663024,True,False
1163,0.0,0.0,0.0,0.7300237395326497,0.0645042969354166,9.462003707885742,6.480613708496094,10000.0,17.905902833608707,True,False
1164,0.0,0.0,0.0,0.6066020123193981,-0.010690251941452194,6.562641620635986,5.409347057342529,10000.0,8.61365300818074,True,False
1165,0.0,0.0,0.0,0.44753890317330924,0.20101934593187354,9.344870567321777,10.440288543701172,10000.0,17.465321183999365,True,False
1166,0.0,0.0,0.0,0.4089492273712184,-0.07544451017371699,4.653655052185059,5.6897711753845215,10000.0,4.331301068945503,True,False
1167,0.0,0.0,0.0,0.8216476822011252,0.003421071382008064,11.55432415008545,7.031191349029541,10000.0,26.700481313049565,True,False
1168,0.0,0.0,0.0,0.3822741752840208,0.01070893905119911,4.522008895874023,5.914614677429199,10000.0,4.089712890872761,True,False
1169,0.0,0.0,0.0,0.5894512999536019,0.03026625504408867,6.664829254150391,5.653418064117432,10000.0,8.88398979739577,True,False
1170,0.0,0.0,0.0,0.5648765923044056,0.05649180350529818,6.686005115509033,5.918111324310303,10000.0,8.94053288092259,True,False
1171,0.0,0.0,0.0,0.3798623779089916,-0.01592563160830247,5.1901397705078125,6.831605434417725,10000.0,5.387510167481377,True,False
1172,0.0,0.0,0.0,1.2298946936360642,-0.03523671428449105,13.659280776977539,5.553028583526611,10000.0,37.31519026886161,True,False
1173,0.0,0.0,0.0,0.6223745021891149,-0.03389293965112353,7.2951202392578125,5.860715866088867,10000.0,10.64375586104579,True,False
1174,0.0,0.0,0.0,0.34350292561516077,-0.061679775459383974,4.313032150268555,6.278013706207275,10000.0,3.7204492658500374,True,False
1175,0.0,0.0,0.0,0.5292271507176649,-0.01076594631028616,7.065200328826904,6.6750168800354,10000.0,9.983411137291156,True,False
1176,0.0,0.0,0.0,0.5741307838926972,0.05199301630239729,6.501575469970703,5.662103176116943,10000.0,8.45409671834495,True,False
1177,0.0,0.0,0.0,0.6642135511436977,0.024220818793704097,8.126612663269043,6.117469787597656,10000.0,13.20836667576095,True,False
1178,0.0,0.0,0.0,0.4734324980955501,0.051738031977376746,5.698727607727051,6.018521785736084,10000.0,6.495099269414094,True,False
1179,0.0,0.0,0.0,0.8810653133468775,0.03430991831288751,9.428437232971191,5.350589275360107,10000.0,17.77908573121549,True,False
1180,0.0,0.0,0.0,0.4769625398579002,0.01412366618249445,5.935492992401123,6.222179412841797,10000.0,7.046015412568565,True,False
1181,0.0,0.0,0.0,0.6345918189759823,0.017437732663801254,6.756625175476074,5.323599338531494,10000.0,9.130396752375418,True,False
1182,0.0,0.0,0.0,0.5329350510285463,0.021643175056252628,6.665857791900635,6.253911972045898,10000.0,8.886732020368477,True,False
1183,0.0,0.0,0.0,0.5611661134419959,0.025122468630461026,7.299729824066162,6.504072189331055,10000.0,10.657211100872196,True,False
1184,0.0,0.0,0.0,0.5933326121013643,0.06899133280267558,6.480423450469971,5.461037635803223,10000.0,8.39917761948022,True,False
1185,0.0,0.0,0.0,0.5557376421360055,-0.00754400659207938,7.459221363067627,6.711099624633789,10000.0,11.12799666864889,True,False
1186,0.0,0.0,0.0,0.5012780357431963,0.03325726261958557,6.381008625030518,6.364739894866943,10000.0,8.143454214542771,True,False
1187,0.0,0.0,0.0,0.4447216811521552,0.03650708372440015,6.37251091003418,7.164605617523193,10000.0,8.121779059700927,True,False
1188,0.0,0.0,0.0,0.5229412881491832,-0.07284203073217181,6.588122844696045,6.299103736877441,10000.0,8.680672523361181,True,False
1189,0.0,0.0,0.0,0.6246642953272752,0.03637246584880033,7.54629373550415,6.040279388427734,10000.0,11.389309828501837,True,False
1190,0.0,0.0,0.0,0.5676932154705039,0.05403955399075346,7.737537860870361,6.81489372253418,10000.0,11.973898429680453,True,False
1191,0.0,0.0,0.0,0.4844084316837431,-0.06892805959949279,6.340856552124023,6.544948577880859,10000.0,8.041292362922832,True,False
1192,0.0,0.0,0.0,1.0538438929818748,0.07470991392288628,11.814261436462402,5.605318546295166,10000.0,27.915354657816522,True,False
1193,0.0,0.0,0.0,0.5400854811718914,-0.05275419173728632,6.02777624130249,5.580390930175781,10000.0,7.266817283042155,True,False
1194,0.0,0.0,0.0,0.6187553169597659,0.07908639267497132,7.444170951843262,6.015439987182617,10000.0,11.083136232053398,True,False
1195,0.0,0.0,0.0,0.6942344361644127,0.00020358340385615936,7.558199882507324,5.443550109863281,10000.0,11.425277092786743,True,False
1196,0.0,0.0,0.0,0.3848814260896839,-0.0148777309891252,4.985306739807129,6.476418972015381,10000.0,4.970656657993274,True,False
1197,0.0,0.0,0.0,0.6829601814024726,-0.08394877541754243,7.248456954956055,5.306646823883057,10000.0,10.508025645570157,True,False
1198,0.0,0.0,0.0,0.4424400445045507,0.026045051404446996,7.179704666137695,8.113759994506836,10000.0,10.309631818591875,True,False
1199,0.0,0.0,0.0,0.3766524549712878,-0.019601644236535282,4.927067756652832,6.540602207183838,10000.0,4.855199335729594,True,False
1200,0.0,0.0,0.0,0.4682432486691986,0.03374046819172251,7.451410293579102,7.956772804260254,10000.0,11.104703072651319,True,False
1201,0.0,0.0,0.0,0.7507272168869022,0.017584928027266553,9.079851150512695,6.047370433807373,10000.0,16.488739383093346,True,False
1202,0.0,0.0,0.0,0.7135215014295208,-0.03390244631219552,8.625075340270996,6.0440192222595215,10000.0,14.878384925070165,True,False
1203,0.0,0.0,0.0,0.4659810822883297,0.02586352114681098,5.907587051391602,6.338870048522949,10000.0,6.979916953953943,True,False
1204,0.0,0.0,0.0,0.5093470374752889,0.05559574864694579,6.120741844177246,6.008419990539551,10000.0,7.492696144612452,True,False
1205,0.0,0.0,0.0,0.4284162096895081,-0.004743108642269206,4.960597991943359,5.789461135864258,10000.0,4.921506487534497,True,False
1206,0.0,0.0,0.0,0.4356445384431489,-0.028122077198523988,4.822580337524414,5.534994602203369,10000.0,4.651456222375419,True,False
1207,0.0,0.0,0.0,0.4809098582837486,-0.007372063614810704,5.89621639251709,6.130271911621094,10000.0,6.953073549477448,True,False
1208,0.0,0.0,0.0,0.6940759118781512,-0.04322896554829567,8.155055046081543,5.874757289886475,10000.0,13.300984560924007,True,False
1209,0.0,0.0,0.0,0.41806891010390296,0.03569778511814805,5.237001895904541,6.263323783874512,10000.0,5.485237771541549,True,False
1210,0.0,0.0,0.0,0.5547767666740993,-0.017171223631121304,8.240686416625977,7.427029132843018,10000.0,13.581782523432771,True,False
1211,0.0,0.0,0.0,0.7138696545665967,-0.09929534804114676,8.991710662841797,6.297865867614746,10000.0,16.17017212885257,True,False
1212,0.0,0.0,0.0,0.6941067777323294,-0.008089231845639798,8.313331604003906,5.988510608673096,10000.0,13.822296471626032,True,False
1213,0.0,0.0,0.0,0.6430751111537208,0.09536446195524968,8.405547142028809,6.535431861877441,10000.0,14.130644551373734,True,False
1214,0.0,0.0,0.0,0.8055114706694516,0.012283072946863554,9.81193733215332,6.090501308441162,10000.0,19.2548228420208,True,False
1215,0.0,0.0,0.0,0.6351208831541945,0.019845857893056155,9.57151985168457,7.535195350646973,10000.0,18.322798454238367,True,False
1216,0.0,0.0,0.0,0.4431047257094695,0.10101163050991004,5.307090759277344,5.988528728485107,10000.0,5.633042465441392,True,False
1217,0.0,0.0,0.0,0.7389062461629777,-0.022416058116143216,9.096501350402832,6.1553826332092285,10000.0,16.549267363576107,True,False
1218,0.0,0.0,0.0,0.5752284972101015,0.04971035126180306,7.642950057983398,6.64340353012085,10000.0,11.682937117765682,True,False
1219,0.0,0.0,0.0,0.6565758439323255,-0.04612854935559671,7.636475563049316,5.815379619598389,10000.0,11.663151805009875,True,False
1220,0.0,0.0,0.0,0.6867746672673253,0.014813942796454167,7.6996917724609375,5.605690002441406,10000.0,11.857050678180528,True,False
1221,0.0,0.0,0.0,0.6650575626286876,-0.013379034631097178,7.320187091827393,5.503423690795898,10000.0,10.717027811871276,True,False
1222,0.0,0.0,0.0,0.5228728786507385,0.0867820583158575,6.988947868347168,6.683218955993652,10000.0,9.769078461294882,True,False
1223,0.0,0.0,0.0,0.4576081010421879,-0.007891478758550372,6.212976455688477,6.788534164428711,10000.0,7.720215287787866,True,False
1224,0.0,0.0,0.0,0.5150640516873697,-0.048890905993991235,9.56812858581543,9.288290023803711,10000.0,18.309816926939675,True,False
1225,0.0,0.0,0.0,0.515809489938083,0.010864692559311375,6.896340847015381,6.684968948364258,10000.0,9.511903415642564,True,False
1226,0.0,0.0,0.0,0.9968622292993728,0.026362216326611444,12.372796058654785,6.205870628356934,10000.0,30.617216461812674,True,False
1227,0.0,0.0,0.0,0.8076964852065864,-0.046989990539711396,8.72292423248291,5.399877548217773,10000.0,15.21788143312751,True,False
1228,0.0,0.0,0.0,0.6164324946809395,0.030863453253988093,6.790502071380615,5.507904052734375,10000.0,9.222183676284885,True,False
1229,0.0,0.0,0.0,0.6927343078175482,0.051670986027673074,8.065058708190918,5.8211774826049805,10000.0,13.009034393313229,True,False
1230,0.0,0.0,0.0,0.7419319724323576,-0.026349801443726506,8.203076362609863,5.528186321258545,10000.0,13.458092362161729,True,False
1231,0.0,0.0,0.0,0.417449557431711,-0.08079279722931013,6.445118427276611,7.719637393951416,10000.0,8.307910308324104,True,False
1232,0.0,0.0,0.0,0.731892011910256,-0.11486052883344544,8.525450706481934,5.824254512786865,10000.0,14.536661949730657,True,False
1233,0.0,0.0,0.0,0.4479840326642745,-0.00501685468328542,6.230423927307129,6.953845977783203,10000.0,7.763636462792235,True,False
1234,0.0,0.0,0.0,0.814098921730989,0.028590714658493773,9.340507507324219,5.736715316772461,10000.0,17.449016098876015,True,False
1235,0.0,0.0,0.0,0.8020090022866267,0.03387940415266426,8.782387733459473,5.475242614746094,10000.0,15.426066860163878,True,False
1236,0.0,0.0,0.0,0.7537273036780026,0.01128568847978404,9.190505981445312,6.096704959869385,10000.0,16.893080038996416,True,False
1237,0.0,0.0,0.0,1.221393774884735,-0.014218464639404491,12.321404457092285,5.0439934730529785,10000.0,30.363401559050715,True,False
1238,0.0,0.0,0.0,0.6385683720939513,-0.003268208310022948,8.545310974121094,6.690991401672363,10000.0,14.604467928886876,True,False
1239,0.0,0.0,0.0,0.9247637673896931,0.02133810353965278,10.904549598693848,5.895856857299805,10000.0,23.78184039007482,True,False
1240,0.0,0.0,0.0,0.5647432369900927,-0.020252345202911123,6.3968658447265625,5.663516998291016,10000.0,8.183978527085856,True,False
1241,0.0,0.0,0.0,0.7232779795101257,-0.07046630693308527,8.958602905273438,6.193056583404541,10000.0,16.051313202874738,True,False
1242,0.0,0.0,0.0,0.7576000396667026,0.03712117250146649,8.334892272949219,5.500852584838867,10000.0,13.894085840333716,True,False
1243,0.0,0.0,0.0,0.6788968362757457,0.09948564600825108,8.559603691101074,6.30405330657959,10000.0,14.653363069742227,True,False
1244,0.0,0.0,0.0,0.5804033669212396,0.024867319654439043,6.776033401489258,5.837348461151123,10000.0,9.182925731619612,True,False
1245,0.0,0.0,0.0,0.4113427518914873,-0.04186225582846341,4.786078929901123,5.817628860473633,10000.0,4.581310304648696,True,False
1246,0.0,0.0,0.0,0.36259151215314,-0.051107340468503175,4.920347690582275,6.784973621368408,10000.0,4.8419642792436655,True,False
1247,0.0,0.0,0.0,0.39514823453706927,-0.006502649058615461,4.881747245788574,6.1771087646484375,10000.0,4.766291234352867,True,False
1248,0.0,0.0,0.0,0.7080107333967964,-0.020351397097058202,10.78059196472168,7.613296985626221,10000.0,23.24423262196433,True,False
1249,0.0,0.0,0.0,0.44879458796801613,0.062145369225134466,5.469812870025635,6.093893527984619,10000.0,5.9837705666196115,True,False
1250,0.0,0.0,0.0,0.5092321284486518,-0.07398014613371302,6.357650279998779,6.24238920211792,10000.0,8.083943416553709,True,False
1251,0.0,0.0,0.0,0.5312306523012152,0.06563980688706726,6.284419059753418,5.9149627685546875,10000.0,7.898784583718406,True,False
1252,0.0,0.0,0.0,1.2694682560238861,0.003049732642317935,15.200451850891113,5.986936569213867,10000.0,46.2107472942518,True,False
1253,0.0,0.0,0.0,0.5876249733651829,0.09838667166550044,7.9952898025512695,6.8030548095703125,10000.0,12.78493180535606,True,False
1254,0.0,0.0,0.0,0.8573785550315282,0.0284578275547093,10.257142066955566,5.981688022613525,10000.0,21.0417926763419,True,False
1255,0.0,0.0,0.0,0.42953130711372084,0.026932999425224383,5.18754243850708,6.038608074188232,10000.0,5.3821193102623965,True,False
1256,0.0,0.0,0.0,0.5766386248044556,-0.015717744142889848,7.072531223297119,6.1325507164001465,10000.0,10.004139580902525,True,False
1257,0.0,0.0,0.0,0.45556103055357644,-0.049958017587021196,5.9100260734558105,6.486536026000977,10000.0,6.9856816377855,True,False
1258,0.0,0.0,0.0,0.5633784336668698,0.032963727709616954,6.8260602951049805,6.058148384094238,10000.0,9.319019830481736,True,False
1259,0.0,0.0,0.0,0.6755937318917662,0.0930231175797652,7.235031604766846,5.354572772979736,10000.0,10.46913646439502,True,False
1260,0.0,0.0,0.0,0.4903836061240046,0.0228726937853878,6.117442607879639,6.237405300140381,10000.0,7.484620812140246,True,False
1261,0.0,0.0,0.0,0.9151444638195715,0.04144393082686479,14.815752983093262,8.094761848449707,10000.0,43.90130729120736,True,False
1262,0.0,0.0,0.0,0.545943530799409,0.013927362707983022,6.261082649230957,5.734185218811035,10000.0,7.840231188100187,True,False
1263,0.0,0.0,0.0,0.45216264169745174,-0.06115986253723066,5.429933547973633,6.004403114318848,10000.0,5.896835667081902,True,False
1264,0.0,0.0,0.0,0.504844385594386,-0.04615304705102177,5.8627448081970215,5.806487083435059,10000.0,6.874355337208225,True,False
1265,0.0,0.0,0.0,0.6410183842522239,-0.038679371961049994,8.225443840026855,6.415918827056885,10000.0,13.531585273087146,True,False
1266,0.0,0.0,0.0,0.46071824865539085,-0.028540761892161523,5.903879642486572,6.407256126403809,10000.0,6.971158966593475,True,False
1267,0.0,0.0,0.0,0.5021489708670112,-0.0896652970027756,5.929003715515137,5.903630256652832,10000.0,7.0306170117184585,True,False
1268,0.0,0.0,0.0,0.7554077912202904,0.07211927938698647,8.68615436553955,5.749314785003662,10000.0,15.089855532396356,True,False
1269,0.0,0.0,0.0,0.6065780345773706,0.04318591757998845,8.74986743927002,7.212482929229736,10000.0,15.312036040959534,True,False
1270,0.0,0.0,0.0,0.3454974940810252,-0.033175754936204414,5.262905597686768,7.6164164543151855,10000.0,5.539635066032542,True,False
1271,0.0,0.0,0.0,0.4854263279610441,0.05138022252381601,6.854403018951416,7.0601887702941895,10000.0,9.396568149242057,True,False
1272,0.0,0.0,0.0,0.9094840062446563,-0.009502321933201953,10.263229370117188,5.642336368560791,10000.0,21.066775420727197,True,False
1273,0.0,0.0,0.0,0.7766528642891269,0.004184390482164732,12.687311172485352,8.16794204711914,10000.0,32.193572957494325,True,False
1274,0.0,0.0,0.0,0.7427623370405739,-0.028289405096260566,8.324028968811035,5.603426933288574,10000.0,13.857891654721058,True,False
1275,0.0,0.0,0.0,0.4847224155086227,-0.0427006278144857,4.96925163269043,5.125873565673828,10000.0,4.938692357799297,True,False
1276,0.0,0.0,0.0,0.5908241359615949,0.012019191619679901,7.300445556640625,6.178188323974609,10000.0,10.659301065094766,True,False
1277,0.0,0.0,0.0,0.647327477091236,-0.025638691829626727,8.727432250976562,6.74112606048584,10000.0,15.233614739077161,True,False
1278,0.0,0.0,0.0,0.5609843562095606,0.02992514614144468,7.488510608673096,6.674437999725342,10000.0,11.2155582272419,True,False
1279,0.0,0.0,0.0,0.5503658421999287,-0.009948572596208889,7.60263204574585,6.90688943862915,10000.0,11.560002804600344,True,False
1280,0.0,0.0,0.0,0.5147009661745675,-0.012382478315422272,6.344578742980957,6.163363933563232,10000.0,8.050735885177161,True,False
1281,0.0,0.0,0.0,0.4111486374975188,0.039807563689069805,5.203103542327881,6.327521324157715,10000.0,5.4144572944369855,True,False
1282,0.0,0.0,0.0,0.6091239861392763,0.10812883181468194,8.212725639343262,6.741423606872559,10000.0,13.489772485425235,True,False
1283,0.0,0.0,0.0,0.5840278249406093,0.011935600413293019,8.078067779541016,6.9158244132995605,10000.0,13.05103581017174,True,False
1284,0.0,0.0,0.0,0.5495930940450573,-0.01638176309591856,6.078705310821533,5.530187129974365,10000.0,7.39013165116198,True,False
1285,0.0,0.0,0.0,0.5737817416950654,-0.004625152050524341,6.635447978973389,5.782205581665039,10000.0,8.805833976332401,True,False
1286,0.0,0.0,0.0,0.8462372236289836,-0.012180669034191398,10.042634963989258,5.933699607849121,10000.0,20.170903403987893,True,False
1287,0.0,0.0,0.0,0.5584381307788884,0.03093531892703403,6.9100871086120605,6.186976432800293,10000.0,9.549860769721313,True,False
1288,0.0,0.0,0.0,0.5909541445101545,-0.03551461174209836,6.745790004730225,5.707540988922119,10000.0,9.101136557583636,True,False
1289,0.0,0.0,0.0,0.3303523477676584,0.0255760143339527,4.606202602386475,6.971651077270508,10000.0,4.2434204828463855,True,False
1290,0.0,0.0,0.0,0.4410514083812567,0.00022925532564071108,6.679378032684326,7.572108268737793,10000.0,8.922818180701185,True,False
1291,0.0,0.0,0.0,0.6617949121031911,0.018896527637822846,8.989143371582031,6.791487216949463,10000.0,16.160939710971434,True,False
1292,0.0,0.0,0.0,0.7496891361049018,0.062408078135276775,8.455047607421875,5.639035701751709,10000.0,14.297566008754075,True,False
1293,0.0,0.0,0.0,0.8532134557431845,-0.05711027798643346,12.38185977935791,7.256015300750732,10000.0,30.66209031913621,True,False
1294,0.0,0.0,0.0,0.7606566400220901,-0.03309588846371627,10.256304740905762,6.741744041442871,10000.0,21.0383573876652,True,False
1295,0.0,0.0,0.0,0.7636030259244256,0.00040652708950004123,9.39529800415039,6.151951789855957,10000.0,17.654324917358466,True,False
1296,0.0,0.0,0.0,0.43528271184368417,0.01177016366646785,6.192986011505127,7.113751411437988,10000.0,7.670615147739635,True,False
1297,0.0,0.0,0.0,0.4911112664960472,0.009317420944411132,6.4034857749938965,6.519383907318115,10000.0,8.200926014109832,True,False
1298,0.0,0.0,0.0,0.8962062767373079,-0.03510776575805835,10.092913627624512,5.6309099197387695,10000.0,20.373381098937713,True,False
1299,0.0,0.0,0.0,0.3586557611154046,0.014879936567732866,5.013584613800049,6.989410400390625,10000.0,5.027206135946514,True,False
1300,0.0,0.0,0.0,0.6135454385838538,0.10776436740181014,9.154536247253418,7.460357189178467,10000.0,16.761106780455336,True,False
1301,0.0,0.0,0.0,0.6895395227132406,0.0014065894181381695,7.716532230377197,5.595424175262451,10000.0,11.908973932490014,True,False
1302,0.0,0.0,0.0,0.42446800504647164,0.037875659594258905,5.93304443359375,6.988800525665283,10000.0,7.0402032501995535,True,False
1303,0.0,0.0,0.0,0.7179524327581954,0.0851462230726733,11.23845100402832,7.826737880706787,10000.0,25.260556193989032,True,False
1304,0.0,0.0,0.0,0.5175597727364983,0.06448591916497479,6.395853519439697,6.178854942321777,10000.0,8.181388448425828,True,False
1305,0.0,0.0,0.0,0.5321958234398323,0.010630695287700914,6.194748401641846,5.8199896812438965,10000.0,7.674981551928838,True,False
1306,0.0,0.0,0.0,0.469525304629065,0.07462533132852982,6.229178428649902,6.633485317230225,10000.0,7.7605327791914505,True,False
1307,0.0,0.0,0.0,0.5184431257570128,0.05434555558945399,6.581076622009277,6.34696102142334,10000.0,8.662113900951404,True,False
1308,0.0,0.0,0.0,0.732984816482062,0.038383636255278464,9.84743881225586,6.717355251312256,10000.0,19.394410232224615,True,False
1309,0.0,0.0,0.0,0.8961404013063334,0.010130671221163146,10.501235961914062,5.859146595001221,10000.0,22.05519134555942,True,False
1310,0.0,0.0,0.0,0.4749840475550779,-0.08645698493485181,5.664932727813721,5.963287353515625,10000.0,6.4182925621310005,True,False
1311,0.0,0.0,0.0,0.6458720992850827,-0.01009581311846565,8.389715194702148,6.494873523712158,10000.0,14.077464209643217,True,False
1312,0.0,0.0,0.0,0.5166781622538733,-0.027536283496941923,6.8974738121032715,6.674826145172119,10000.0,9.515028997730084,True,False
1313,0.0,0.0,0.0,0.448625644539715,0.025805156078829564,5.692961692810059,6.34489107131958,10000.0,6.481962567160551,True,False
1314,0.0,0.0,0.0,0.5362996995014556,-0.02034596655509917,6.024478435516357,5.616708755493164,10000.0,7.258868084000323,True,False
1315,0.0,0.0,0.0,0.579808526967099,0.05098005516656474,7.563783645629883,6.522656440734863,10000.0,11.442164607579613,True,False
1316,0.0,0.0,0.0,0.539866097219158,0.027098933680372604,6.240207195281982,5.779402732849121,10000.0,7.788037168009804,True,False
1317,0.0,0.0,0.0,0.7581673189994093,0.06328162379388033,9.102354049682617,6.002866268157959,10000.0,16.570569849154708,True,False
1318,0.0,0.0,0.0,0.6324278722070961,-0.028705177132443117,7.895139217376709,6.241928577423096,10000.0,12.466644652351938,True,False
1319,0.0,0.0,0.0,0.3420639976960497,0.013446242760675691,4.478793144226074,6.546718120574951,10000.0,4.011917605753297,True,False
1320,0.0,0.0,0.0,0.462729564963956,0.02366190068505794,5.55987548828125,6.007694244384766,10000.0,6.182443089038131,True,False
1321,0.0,0.0,0.0,0.4285186073492802,-0.0005159026473223321,5.382601737976074,6.280476093292236,10000.0,5.794480293932608,True,False
1322,0.0,0.0,0.0,0.9754549482748188,0.06404825185629394,17.311975479125977,8.873795509338379,10000.0,59.9408989979718,True,False
1323,0.0,0.0,0.0,0.8026325659673756,0.00142699432364404,9.928648948669434,6.185052394866943,10000.0,19.715613989182927,True,False
1324,0.0,0.0,0.0,0.5763951745557312,-0.0015842106118083717,7.073884010314941,6.136314392089844,10000.0,10.00796699827788,True,False
1325,0.0,0.0,0.0,0.7203459799204319,0.025149064707047152,8.541943550109863,5.929056167602539,10000.0,14.592959922652696,True,False
1326,0.0,0.0,0.0,0.6381200152427516,-0.024611063925406775,9.11715030670166,7.143758296966553,10000.0,16.624485942998035,True,False
1327,0.0,0.0,0.0,0.6598286336792277,0.035594242880469716,8.531585693359375,6.465001106262207,10000.0,14.55759088862687,True,False
1328,0.0,0.0,0.0,0.4626705094118762,0.11864161227474848,5.5124406814575195,5.9571990966796875,10000.0,6.077400453317566,True,False
1329,0.0,0.0,0.0,0.5313185046451578,0.048006265609429416,6.166262626647949,5.802793025970459,10000.0,7.604558956159053,True,False
1330,0.0,0.0,0.0,1.1615169054081917,0.02671246455074602,12.75429916381836,5.490363121032715,10000.0,32.53442943203552,True,False
1331,0.0,0.0,0.0,0.33371453985296384,-0.03965493310283431,5.059961795806885,7.581272602081299,10000.0,5.120642675005044,True,False
1332,0.0,0.0,0.0,0.848012625583863,0.12536824103760044,11.237754821777344,6.625936031341553,10000.0,25.257426686875988,True,False
1333,0.0,0.0,0.0,0.8340711030371747,0.05747475669164456,10.211771965026855,6.121643543243408,10000.0,20.856057333141678,True,False
1334,0.0,0.0,0.0,0.7720577982910752,0.02728859709082129,8.179703712463379,5.297338962554932,10000.0,13.381510564737432,True,False
1335,0.0,0.0,0.0,0.4794091981284258,0.014880683591748678,6.518735408782959,6.798717498779297,10000.0,8.498782265944143,True,False
1336,0.0,0.0,0.0,0.3474577843308822,-0.09851987592184826,4.608435153961182,6.63164758682251,10000.0,4.247534913653045,True,False
1337,0.0,0.0,0.0,0.6131061891114634,0.03621466173736478,7.774349212646484,6.340132713317871,10000.0,12.088101136035398,True,False
1338,0.0,0.0,0.0,0.4314480581993718,-0.025163501497951296,5.304481506347656,6.1473002433776855,10000.0,5.627504810236857,True,False
1339,0.0,0.0,0.0,0.5444579062518732,0.07005467062341073,6.929924964904785,6.3640594482421875,10000.0,9.604772003842115,True,False
1340,0.0,0.0,0.0,0.6998551449854038,-0.0028727886738906063,8.138863563537598,5.8146772384643555,10000.0,13.248220021175982,True,False
1341,0.0,0.0,0.0,0.4839758450510491,0.021737196628919618,6.628831386566162,6.848308086395264,10000.0,8.78828111030493,True,False
1342,0.0,0.0,0.0,0.4109816793793953,-0.006206980196673472,5.369839191436768,6.532942295074463,10000.0,5.767034588378053,True,False
1343,0.0,0.0,0.0,0.7284425591357638,0.08754548914100904,9.098814964294434,6.245389461517334,10000.0,16.557686750893666,True,False
1344,0.0,0.0,0.0,0.5875748933182088,-0.051182595253945515,7.78039026260376,6.62076473236084,10000.0,12.106894527683878,True,False
1345,0.0,0.0,0.0,0.7048350605205823,0.006639317510128525,9.58357048034668,6.7984490394592285,10000.0,18.368964630354455,True,False
1346,0.0,0.0,0.0,0.5707834969483603,-0.16464663016271422,7.3471598625183105,6.436030387878418,10000.0,10.796151609080013,True,False
1347,0.0,0.0,0.0,0.6302091141641346,-0.002419088952662348,7.781299591064453,6.173585414886475,10000.0,12.10972466517996,True,False
1348,0.0,0.0,0.0,0.6906900819770813,0.07771480571664822,8.354647636413574,6.048043727874756,10000.0,13.960027425726182,True,False
1349,0.0,0.0,0.0,0.40030323191878353,-0.015396119673475065,5.4486823081970215,6.805693626403809,10000.0,5.937627779131844,True,False
1350,0.0,0.0,0.0,0.6001377221295361,0.00611794054355096,7.480313301086426,6.232163906097412,10000.0,11.191017416482097,True,False
1351,0.0,0.0,0.0,0.735509390031409,-0.009586878319845574,10.230217933654785,6.954512119293213,10000.0,20.931471794014385,True,False
1352,0.0,0.0,0.0,0.3599364296969643,0.05607000097100301,4.447213172912598,6.177775859832764,10000.0,3.955541001065466,True,False
1353,0.0,0.0,0.0,0.585628818200318,-0.06237935456596921,7.2289886474609375,6.171988487243652,10000.0,10.451655373023819,True,False
1354,0.0,0.0,0.0,0.8251046272999695,0.006217249880238822,11.634490966796875,7.050312519073486,10000.0,27.072276011295614,True,False
1355,0.0,0.0,0.0,0.487387274570993,0.01987586865369576,5.849722862243652,6.001103401184082,10000.0,6.843851513011213,True,False
1356,0.0,0.0,0.0,0.4329192571223583,-0.05034788893130099,5.0996599197387695,5.889851093292236,10000.0,5.201306259398006,True,False
1357,0.0,0.0,0.0,0.39870318526204507,-0.00500977624204329,4.855480194091797,6.0890913009643555,10000.0,4.715137583043543,True,False
1358,0.0,0.0,0.0,0.6207494554995353,-0.06621324660289048,7.522759914398193,6.059417247772217,10000.0,11.31838334593526,True,False
1359,0.0,0.0,0.0,0.6163381542490757,0.13054085290692705,7.864999294281006,6.380425453186035,10000.0,12.371642779808141,True,False
1360,0.0,0.0,0.0,0.5046565661300523,0.008447094190553693,6.1808695793151855,6.123837471008301,10000.0,7.640629751300775,True,False
1361,0.0,0.0,0.0,0.5640498435506529,0.09105760230429404,6.154901504516602,5.455990791320801,10000.0,7.576562506060142,True,False
1362,0.0,0.0,0.0,0.5070234790449346,-0.011043220008645514,6.67433500289917,6.581879615783691,10000.0,8.909349546185013,True,False
1363,0.0,0.0,0.0,0.6963175912943609,-0.03188401225129574,9.165051460266113,6.581085681915283,10000.0,16.7996336538652,True,False
1364,0.0,0.0,0.0,0.4975093229410854,-0.08854942902455853,9.296162605285645,9.34270191192627,10000.0,17.283727836782234,True,False
1365,0.0,0.0,0.0,0.6678128035216342,0.037942137200273555,9.757040977478027,7.3052215576171875,10000.0,19.03996972723708,True,False
1366,0.0,0.0,0.0,0.40483124873129733,-0.006391175429010418,5.346322059631348,6.603148937225342,10000.0,5.716631913060155,True,False
1367,0.0,0.0,0.0,0.5291606615038109,-0.07257454307334482,6.821932792663574,6.445993900299072,10000.0,9.307753405523727,True,False
1368,0.0,0.0,0.0,0.40460460115237873,0.05321533052065256,6.321420192718506,7.811849117279053,10000.0,7.9920706505818515,True,False
1369,0.0,0.0,0.0,0.4807178313800777,-0.004139024913428607,5.366522312164307,5.581779956817627,10000.0,5.7599123453914665,True,False
1370,0.0,0.0,0.0,0.36890650581352846,-0.03121285087989122,5.173437595367432,7.011854648590088,10000.0,5.352891310632231,True,False
1371,0.0,0.0,0.0,0.7406097144004894,0.2195815230800405,11.516352653503418,7.774913311004639,10000.0,26.525275687971032,True,False
1372,0.0,0.0,0.0,0.49718325144283465,0.1609381024381072,6.453118324279785,6.489677906036377,10000.0,8.328547221431108,True,False
1373,0.0,0.0,0.0,0.5318058738431938,-0.012269188004207916,7.737659931182861,7.274891376495361,10000.0,11.97427624212655,True,False
1374,0.0,0.0,0.0,0.6926650358433597,0.013318754231790233,7.964236259460449,5.74898099899292,10000.0,12.68581183930091,True,False
1375,0.0,0.0,0.0,0.722388705931455,0.036542837095664964,9.269997596740723,6.4162116050720215,10000.0,17.186571088715752,True,False
1376,0.0,0.0,0.0,0.3489987445763916,0.048541445566735265,5.240520477294922,7.507936000823975,10000.0,5.4926109745894784,True,False
1377,0.0,0.0,0.0,0.6643737362103354,0.09555490814476662,8.961250305175781,6.744133472442627,10000.0,16.060801406402604,True,False
1378,0.0,0.0,0.0,0.41019062714349863,-0.05081456914328243,5.376903057098389,6.55415153503418,10000.0,5.782217297086799,True,False
1379,0.0,0.0,0.0,0.7853296778035767,-0.039742266521619225,9.49227523803711,6.043497085571289,10000.0,18.02065783893049,True,False
1380,0.0,0.0,0.0,0.6577050754530623,-0.06956835710526046,9.855359077453613,7.492232799530029,10000.0,19.425620509109464,True,False
1381,0.0,0.0,0.0,0.4275152994082847,-0.005669927419129412,5.763195514678955,6.740338325500488,10000.0,6.6428845080831245,True,False
1382,0.0,0.0,0.0,0.8285535443108601,0.017023385058708273,10.42326831817627,6.2900390625,10000.0,21.72890448653942,True,False
1383,0.0,0.0,0.0,0.37194578333170625,0.04037091243347885,5.439291000366211,7.311940670013428,10000.0,5.917177317332971,True,False
1384,0.0,0.0,0.0,0.7457274878152962,-0.01732468197226316,10.872260093688965,7.289700508117676,10000.0,23.641207908964304,True,False
1385,0.0,0.0,0.0,0.655298659466977,0.0013712579450346162,8.501885414123535,6.487030982971191,10000.0,14.4564111189773,True,False
1386,0.0,0.0,0.0,0.7074623717814786,-0.04075656883203395,8.208622932434082,5.801455497741699,10000.0,13.476298089376542,True,False
1387,0.0,0.0,0.0,0.40350837663840655,0.026671803918351444,5.823911666870117,7.216593265533447,10000.0,6.783589420701173,True,False
1388,0.0,0.0,0.0,0.33136999868169426,0.010441351040085546,4.892604827880859,7.382389545440674,10000.0,4.787516400360619,True,False
1389,0.0,0.0,0.0,0.587719710126431,-0.022381799063163486,8.976597785949707,7.636801719665527,10000.0,16.115861562143436,True,False
1390,0.0,0.0,0.0,0.5004450452413821,-0.012950838334110138,6.188756465911865,6.183252811431885,10000.0,7.660141318873183,True,False
1391,0.0,0.0,0.0,0.8830344000805546,0.025041926732728575,12.42785930633545,7.037018775939941,10000.0,30.890337387613727,True,False
1392,0.0,0.0,0.0,0.4909081799983192,0.02602484732097719,6.952400207519531,7.0811614990234375,10000.0,9.667173729103524,True,False
1393,0.0,0.0,0.0,0.5165007324446325,-0.04492474419563416,6.885453701019287,6.665482997894287,10000.0,9.481894533776035,True,False
1394,0.0,0.0,0.0,0.48066408894505425,-0.04931094247972245,7.719020366668701,8.029537200927734,10000.0,11.91665508420924,True,False
1395,0.0,0.0,0.0,0.6288981608277072,-0.15952945560420398,7.3808088302612305,5.868047714233398,10000.0,10.895267797772426,True,False
1396,0.0,0.0,0.0,0.4929918270755732,0.09808451226013841,8.416132926940918,8.535773277282715,10000.0,14.16625868878782,True,False
1397,0.0,0.0,0.0,0.8722831363777284,0.029676734063763453,9.364563941955566,5.367846488952637,10000.0,17.539011564594873,True,False
1398,0.0,0.0,0.0,0.5741695132346345,0.09724102697410891,6.7135844230651855,5.846343517303467,10000.0,9.014443161124696,True,False
1399,0.0,0.0,0.0,0.5164374864651294,0.038215768431696925,5.992725372314453,5.801985263824463,10000.0,7.182551477596277,True,False
1400,0.0,0.0,0.0,0.9214303880506874,-0.09556030542517038,11.122206687927246,6.035294055938721,10000.0,24.7406963217947,True,False
1401,0.0,0.0,0.0,0.4706367230379282,0.053144012359219034,5.669154644012451,6.02285623550415,10000.0,6.4278628755455856,True,False
1402,0.0,0.0,0.0,0.6484229280880724,0.0018002573715736312,8.336828231811523,6.428542137145996,10000.0,13.900540993345928,True,False
1403,0.0,0.0,0.0,0.36555770575610697,0.02513566851752763,4.7419114112854,6.485858917236328,10000.0,4.49714476649574,True,False
1404,0.0,0.0,0.0,0.464106704153124,-0.14539391423489068,5.689451694488525,6.129465103149414,10000.0,6.473972116783671,True,False
1405,0.0,0.0,0.0,0.9146772509756934,0.0642744496722058,13.437795639038086,7.345648765563965,10000.0,36.1148703273102,True,False
1406,0.0,0.0,0.0,0.8808503832800377,0.061316881560415044,9.927417755126953,5.635132789611816,10000.0,19.710724656961972,True,False
1407,0.0,0.0,0.0,0.3751271280194683,0.02973030061832849,4.4641947746276855,5.950242519378662,10000.0,3.9858069971626264,True,False
1408,0.0,0.0,0.0,0.6181964836892374,-0.023258118386267453,7.450946807861328,6.026358127593994,10000.0,11.103321666715779,True,False
1409,0.0,0.0,0.0,0.34544007613600175,-0.024613112872002758,5.06981086730957,7.338191509246826,10000.0,5.140596446058041,True,False
1410,0.0,0.0,0.0,0.49634457909156127,0.03648462349129064,6.223947048187256,6.269784450531006,10000.0,7.74750337172777,True,False
1411,0.0,0.0,0.0,0.4494561880714285,0.001033161659764762,6.354659557342529,7.069275856018066,10000.0,8.076339617944946,True,False
1412,0.0,0.0,0.0,0.8332223926513144,-0.00040973156801677325,10.096866607666016,6.058926582336426,10000.0,20.389343058600204,True,False
1413,0.0,0.0,0.0,0.6806152841071528,0.0361973259925181,9.426738739013672,6.925159454345703,10000.0,17.77268065072421,True,False
1414,0.0,0.0,0.0,0.638903149523625,0.04994115107597605,8.93100357055664,6.989325046539307,10000.0,15.952564955459088,True,False
1415,0.0,0.0,0.0,0.4963736783985846,0.01821709814529754,7.20226526260376,7.254882335662842,10000.0,10.374524982581761,True,False
1416,0.0,0.0,0.0,0.5532084867705658,-0.03282891443846126,6.748317241668701,6.099253177642822,10000.0,9.10795711884061,True,False
1417,0.0,0.0,0.0,0.7231574083848308,0.05773939628029024,9.394752502441406,6.495648384094238,10000.0,17.65227491642581,True,False
1418,0.0,0.0,0.0,0.5001365220627566,-0.008669871293583662,6.389980316162109,6.388236045837402,10000.0,8.166369688187842,True,False
1419,0.0,0.0,0.0,0.7345642068128717,0.1402229035518438,9.28785228729248,6.322015285491943,10000.0,17.252840022112835,True,False
1420,0.0,0.0,0.0,0.6664087963684484,-0.07217472790029075,10.38237190246582,7.789792060852051,10000.0,21.558729264222336,True,False
1421,0.0,0.0,0.0,0.4924447378564729,-0.013420142398872017,6.149105072021484,6.2434468269348145,10000.0,7.562298637352068,True,False
1422,0.0,0.0,0.0,0.5774785208247973,0.07397657777855153,7.43977165222168,6.441600322723389,10000.0,11.070040447440256,True,False
1423,0.0,0.0,0.0,0.5248949468984466,0.007694412476264802,7.608764171600342,7.247892379760742,10000.0,11.578658443805807,True,False
1424,0.0,0.0,0.0,0.3148999519245272,-0.02841847118956031,4.420149326324463,7.018339157104492,10000.0,3.9075440134013206,True,False
1425,0.0,0.0,0.0,0.6424376743712253,-0.09411575733447643,7.494137763977051,5.832579612731934,10000.0,11.232420165093387,True,False
1426,0.0,0.0,0.0,0.7311782981748071,0.014660967036541097,8.784056663513184,6.006781578063965,10000.0,15.431930293562068,True,False
1427,0.0,0.0,0.0,0.7437372127212455,-0.013790001687229221,9.32934856414795,6.271938800811768,10000.0,17.407348926273883,True,False
1428,0.0,0.0,0.0,0.6114194420476867,0.07610884773851341,8.448744773864746,6.909123420715332,10000.0,14.276257650781368,True,False
1429,0.0,0.0,0.0,0.5748689569917314,-0.021234803950995362,7.686511039733887,6.685446262359619,10000.0,11.816490392790179,True,False
1430,0.0,0.0,0.0,0.3608767193431155,0.027393245953112374,5.059741973876953,7.01034688949585,10000.0,5.1201977684424484,True,False
1431,0.0,0.0,0.0,0.49534845076464373,-0.12193338713959355,6.453287124633789,6.513886451721191,10000.0,8.328982942592845,True,False
1432,0.0,0.0,0.0,0.8009058739426458,0.11953369127372769,9.752748489379883,6.088573455810547,10000.0,19.023220619420314,True,False
1433,0.0,0.0,0.0,0.6630221265401114,0.004823970102937102,8.108085632324219,6.114490985870361,10000.0,13.148210524220481,True,False
1434,0.0,0.0,0.0,0.5921876388677678,-0.059443643651829005,7.0597944259643555,5.960774898529053,10000.0,9.968139467375472,True,False
1435,0.0,0.0,0.0,0.7348395583153171,0.04253510831284128,10.7251615524292,7.297621250152588,10000.0,23.0058180651411,True,False
1436,0.0,0.0,0.0,0.5255013821191862,0.059269138905739184,6.9717206954956055,6.63339900970459,10000.0,9.720977891200342,True,False
1437,0.0,0.0,0.0,0.5493913885869284,0.03176897685629828,8.135344505310059,7.403960704803467,10000.0,13.23676604401571,True,False
1438,0.0,0.0,0.0,0.5361033486435047,0.08521918679696916,7.12594747543335,6.646057605743408,10000.0,10.155825484526986,True,False
1439,0.0,0.0,0.0,0.44496020003066344,0.05777485348449255,5.363943576812744,6.02744197845459,10000.0,5.754378139046139,True,False
1440,0.0,0.0,0.0,1.0724346304775125,0.03746426886948238,13.159225463867188,6.135210990905762,10000.0,34.6330429617781,True,False
1441,0.0,0.0,0.0,0.47413357121381394,-0.038415445342214034,6.693943023681641,7.059132099151611,10000.0,8.961774640859218,True,False
1442,0.0,0.0,0.0,0.681398223644602,-0.009760367441912079,9.300908088684082,6.824869632720947,10000.0,17.3013782548298,True,False
1443,0.0,0.0,0.0,0.46357256528786156,-0.020459718510733305,6.312805652618408,6.808864593505859,10000.0,7.970303041546185,True,False
1444,0.0,0.0,0.0,0.37600250991619727,0.04863001586631146,5.268359661102295,7.00575065612793,10000.0,5.551122703745975,True,False
1445,0.0,0.0,0.0,0.5596056831683536,0.0047932140865853895,7.7764763832092285,6.948174953460693,10000.0,12.094716987722173,True,False
1446,0.0,0.0,0.0,0.6197040036665951,0.07153593135760165,7.64011287689209,6.1643242835998535,10000.0,11.67426495433046,True,False
1447,0.0,0.0,0.0,0.4439930596597246,-0.009032752500770458,5.896419525146484,6.640215873718262,10000.0,6.953552643305738,True,False
1448,0.0,0.0,0.0,0.7198026117533655,-0.06154970778566948,10.109537124633789,7.02243709564209,10000.0,20.44054817486976,True,False
1449,0.0,0.0,0.0,0.943199621094005,0.013262807892327562,10.762556076049805,5.705343723297119,10000.0,23.16652265802331,True,False
1450,0.0,0.0,0.0,0.5116827898017775,-0.015828711290767367,6.084222316741943,5.945306777954102,10000.0,7.403552239908137,True,False
1451,0.0,0.0,0.0,0.47637942862085836,0.1769863063752914,5.5881476402282715,5.865227699279785,10000.0,6.24547880979776,True,False
1452,0.0,0.0,0.0,0.5475160523088259,-0.02832502811222248,6.686650276184082,6.106350898742676,10000.0,8.942258383198528,True,False
1453,0.0,0.0,0.0,0.5685317895239268,0.08820831117128644,6.879317283630371,6.05007266998291,10000.0,9.465001257771107,True,False
1454,0.0,0.0,0.0,0.5602103474792384,-0.02140644571098219,7.7987141609191895,6.9605231285095215,10000.0,12.163988512744297,True,False
1455,0.0,0.0,0.0,0.6355734047900162,-0.013615532727283605,6.943872928619385,5.46268367767334,10000.0,9.643474249762626,True,False
1456,0.0,0.0,0.0,0.48529529893609585,-0.070925211816627,6.297399520874023,6.488214015960693,10000.0,7.931448145100873,True,False
1457,0.0,0.0,0.0,0.5602578979035974,0.001462081961551873,7.691092014312744,6.863885402679443,10000.0,11.83057927452505,True,False
1458,0.0,0.0,0.0,0.328819730513472,0.031752437373730256,5.155533790588379,7.839453220367432,10000.0,5.315905733179715,True,False
1459,0.0,0.0,0.0,0.3362459742468073,0.1187979338440577,4.633100986480713,6.88945198059082,10000.0,4.29312495018571,True,False
1460,0.0,0.0,0.0,0.6433880404261879,-0.07382442303373135,8.379570007324219,6.512065410614014,10000.0,14.043438701529517,True,False
1461,0.0,0.0,0.0,0.5616105038580257,0.10203892592380029,6.904640197753906,6.147178649902344,10000.0,9.53481125208782,True,False
1462,0.0,0.0,0.0,0.384628495268456,0.07372395094822634,5.303989887237549,6.894951820373535,10000.0,5.6264617447836365,True,False
1463,0.0,0.0,0.0,0.39636355038402765,0.030973954900159258,5.2197394371032715,6.584535121917725,10000.0,5.449135958250235,True,False
1464,0.0,0.0,0.0,0.781986324000626,0.10050809257709582,9.845388412475586,6.2951154708862305,10000.0,19.386334598501705,True,False
1465,0.0,0.0,0.0,0.439539137569857,0.053237615728892025,6.775015830993652,7.706954002380371,10000.0,9.180167902042918,True,False
1466,0.0,0.0,0.0,0.4963339685544859,3.7526313384429057e-05,7.4424028396606445,7.497374057769775,10000.0,11.077872005557765,True,False
1467,0.0,0.0,0.0,0.7286250783379745,0.034914566231002635,11.583331108093262,7.94875955581665,10000.0,26.83471191194421,True,False
1468,0.0,0.0,0.0,0.3876609869698062,-0.057416074251957314,5.201972007751465,6.709434509277344,10000.0,5.412102553885958,True,False
1469,0.0,0.0,0.0,0.6329840163074117,0.012040528587593703,12.624468803405762,9.972186088562012,10000.0,31.87544251363306,True,False
1470,0.0,0.0,0.0,0.7555738750601497,-0.10760587230150687,10.044918060302734,6.647211074829102,10000.0,20.18007576763921,True,False
1471,0.0,0.0,0.0,0.6265344470221735,0.012817379481194293,8.700113296508789,6.943044662475586,10000.0,15.138394274417806,True,False
1472,0.0,0.0,0.0,0.4898127401757067,-0.02723433154118466,6.351126670837402,6.483219146728516,10000.0,8.067361997804433,True,False
1473,0.0,0.0,0.0,0.6522075638007342,-0.03656602027611074,7.2054643630981445,5.523904323577881,10000.0,10.383743337575467,True,False
1474,0.0,0.0,0.0,0.649579983380101,-0.05339789694128361,7.9780964851379395,6.140965461730957,10000.0,12.730004705234066,True,False
1475,0.0,0.0,0.0,0.596470081406687,-0.018285911726871756,7.458994388580322,6.2526140213012695,10000.0,11.127319457774547,True,False
1476,0.0,0.0,0.0,0.47200742533539025,0.08288522749433365,5.010316848754883,5.307455539703369,10000.0,5.020654984983409,True,False
1477,0.0,0.0,0.0,0.550189569030112,0.07242281533420417,6.966856956481934,6.331324100494385,10000.0,9.707419170416138,True,False
1478,0.0,0.0,0.0,0.5851727579646697,0.04357189949163477,7.4716267585754395,6.384120464324951,10000.0,11.165041283892101,True,False
1479,0.0,0.0,0.0,0.37181754621118945,0.05266730429736303,5.494110107421875,7.388180255889893,10000.0,6.0370491744950385,True,False
1480,0.0,0.0,0.0,0.5018765222258942,0.02780904119641234,5.827877998352051,5.806087493896484,10000.0,6.792832392735178,True,False
1481,0.0,0.0,0.0,0.668424399882224,0.047990708635117535,9.948121070861816,7.441470623016357,10000.0,19.79302256810496,True,False
1482,0.0,0.0,0.0,0.6809385282832945,-0.05675724842091662,8.808486938476562,6.467901706695557,10000.0,15.517888429062438,True,False
1483,0.0,0.0,0.0,0.5857383511867296,-0.009269633903529665,9.870332717895508,8.42554759979248,10000.0,19.484693592391693,True,False
1484,0.0,0.0,0.0,0.31556121722061764,-0.0538530561933296,5.1538543701171875,8.16617202758789,10000.0,5.3124429736752035,True,False
1485,0.0,0.0,0.0,0.35446256295574546,-0.0294032179258046,4.831422805786133,6.815138339996338,10000.0,4.668529265654069,True,False
1486,0.0,0.0,0.0,0.6440671636780804,0.025516969238254368,9.194622993469238,7.137938022613525,10000.0,16.908218398406646,True,False
1487,0.0,0.0,0.0,0.6774277943815905,0.014069957193727955,9.34648609161377,6.898510932922363,10000.0,17.47136045214593,True,False
1488,0.0,0.0,0.0,0.8657323642278612,0.10537425252357771,11.111777305603027,6.4175591468811035,10000.0,24.694318977862892,True,False
1489,0.0,0.0,0.0,0.6406239695809299,0.16352876181018822,8.893662452697754,6.94140625,10000.0,15.819446364505161,True,False
1490,0.0,0.0,0.0,1.0691920696462225,-0.1377233564349818,13.821409225463867,6.463482856750488,10000.0,38.20627059554752,True,False
1491,0.0,0.0,0.0,0.5173260582864183,0.0024820851722938044,6.337851047515869,6.12558650970459,10000.0,8.033671180099596,True,False
1492,0.0,0.0,0.0,0.4902158555669805,0.046270606276039,5.792878150939941,5.908497333526611,10000.0,6.711487454327468,True,False
1493,0.0,0.0,0.0,0.6546036017350818,0.07064346028313516,8.057600021362305,6.154564380645752,10000.0,12.984983620851558,True,False
1494,0.0,0.0,0.0,0.45898385630185434,-0.0820215575200806,6.190680980682373,6.743898391723633,10000.0,7.664906200916491,True,False
1495,0.0,0.0,0.0,0.5028318686940508,-0.0176528401310273,6.501493453979492,6.464878082275391,10000.0,8.453883426427637,True,False
1496,0.0,0.0,0.0,0.9144848231837912,0.07749977727065718,11.02613639831543,6.0286054611206055,10000.0,24.31513677485127,True,False
1497,0.0,0.0,0.0,0.5441974933452397,0.017170317683696666,6.704573154449463,6.160055160522461,10000.0,8.990260236672881,True,False
1498,0.0,0.0,0.0,0.5171337691642246,0.060658551604288534,8.821640968322754,8.5293607711792,10000.0,15.564269874798079,True,False
1499,0.0,0.0,0.0,0.67288609049439,-0.023780466914804982,8.79367446899414,6.53429651260376,10000.0,15.465742133327872,True,False
1500,0.0,0.0,0.0,0.3538150373410269,0.004510864857697536,4.252477645874023,6.009464263916016,10000.0,3.6167132257316545,True,False
1501,0.0,0.0,0.0,0.49706930764028484,0.057902349569010636,7.69910192489624,7.744495391845703,10000.0,11.855234089988194,True,False
1502,0.0,0.0,0.0,0.8353321925158365,0.08361472018861726,10.496871948242188,6.283052444458008,10000.0,22.036864139558745,True,False
1503,0.0,0.0,0.0,0.5959708942797057,-0.03682740099231437,7.270090579986572,6.099367141723633,10000.0,10.570843408241899,True,False
1504,0.0,0.0,0.0,0.36175928485511843,0.01610984659712407,5.113193988800049,7.067121982574463,10000.0,5.228950553420191,True,False
1505,0.0,0.0,0.0,0.4803762090805335,0.03843621745567901,7.50097131729126,7.807392597198486,10000.0,11.252914140565231,True,False
1506,0.0,0.0,0.0,0.8056187863294005,-0.02930923239024686,11.615728378295898,7.2091965675354,10000.0,26.98502915166972,True,False
1507,0.0,0.0,0.0,0.4850264058413181,0.04658472008991164,6.424356937408447,6.622687816619873,10000.0,8.254472411845605,True,False
1508,0.0,0.0,0.0,0.8814645223075024,0.12421539752929524,10.934671401977539,6.202558994293213,10000.0,23.913407733845077,True,False
1509,0.0,0.0,0.0,0.47880870497049577,-0.004405788830705054,6.514442443847656,6.802761077880859,10000.0,8.487592070840762,True,False
1510,0.0,0.0,0.0,0.40738360141586843,0.10540487384767996,5.873651027679443,7.208992958068848,10000.0,6.899955278991953,True,False
1511,0.0,0.0,0.0,0.3496657585401766,-0.04505829974991679,4.69849157333374,6.7185468673706055,10000.0,4.415164612937634,True,False
1512,0.0,0.0,0.0,1.037349791546131,-0.031720161017719684,12.229144096374512,5.894416809082031,10000.0,29.91039306597831,True,False
1513,0.0,0.0,0.0,0.6939613836553031,-0.013796158788135952,9.251659393310547,6.665831565856934,10000.0,17.118640305966252,True,False
1514,0.0,0.0,0.0,0.36989458952947635,-0.0051084195479401675,5.132066249847412,6.937201023101807,10000.0,5.267620798564575,True,False
1515,0.0,0.0,0.0,0.5162662380078726,0.07724931454708345,8.667966842651367,8.394861221313477,10000.0,15.0267298370607,True,False
1516,0.0,0.0,0.0,0.4279640545821017,-0.10347148273143772,5.862907886505127,6.849766731262207,10000.0,6.8747377771288,True,False
1517,0.0,0.0,0.0,0.4088768898837704,-0.0001269544119283444,6.2637481689453125,7.659699440002441,10000.0,7.84690822479315,True,False
1518,0.0,0.0,0.0,0.5935067248316825,0.002676313817226844,8.992874145507812,7.576050758361816,10000.0,16.17435707938857,True,False
1519,0.0,0.0,0.0,0.6361033341478313,0.057093311610595,7.971807479858398,6.2661261558532715,10000.0,12.709942899185258,True,False
1520,0.0,0.0,0.0,0.5433918796321129,0.02319112554454207,6.764887809753418,6.224686145782471,10000.0,9.152741415710075,True,False
1521,0.0,0.0,0.0,0.6519294831321194,0.06558307512183675,8.133612632751465,6.238107681274414,10000.0,13.231130891930839,True,False
1522,0.0,0.0,0.0,0.8703766048308073,0.021339261789445865,10.372589111328125,5.958678722381592,10000.0,21.518120974488554,True,False
1523,0.0,0.0,0.0,0.47778507953231464,0.049308138886951174,5.8194260597229,6.090003967285156,10000.0,6.773143932916398,True,False
1524,0.0,0.0,0.0,0.8826978220602464,0.10145313111512898,11.874357223510742,6.726173400878906,10000.0,28.200071894308337,True,False
1525,0.0,0.0,0.0,0.6050716064089524,0.05052789100452657,9.337279319763184,7.715846538543701,10000.0,17.43695701905544,True,False
1526,0.0,0.0,0.0,0.6709436519601194,0.04542903949811781,8.303071022033691,6.1876068115234375,10000.0,13.788197679387117,True,False
1527,0.0,0.0,0.0,0.5084635100070387,-0.004941447236497845,8.11684513092041,7.981738090515137,10000.0,13.17663497586927,True,False
1528,0.0,0.0,0.0,0.6963100572028236,0.10145742667527624,8.874189376831055,6.372297286987305,10000.0,15.750247419172226,True,False
1529,0.0,0.0,0.0,0.7114891995070862,0.14239551691630864,9.214191436767578,6.475285530090332,10000.0,16.980264766680193,True,False
1530,0.0,0.0,0.0,0.7425407246795964,0.20949491448501026,9.45853042602539,6.3690314292907715,10000.0,17.89275956400961,True,False
1531,0.0,0.0,0.0,0.4252255624530159,-0.06076668965809642,5.232632637023926,6.152772903442383,10000.0,5.47608886280959,True,False
1532,0.0,0.0,0.0,0.9177777133790725,0.013516281661613685,12.081140518188477,6.581735610961914,10000.0,29.190791244043055,True,False
1533,0.0,0.0,0.0,0.8664856324473197,-0.022410531554665467,11.232213020324707,6.481476783752441,10000.0,25.232521866790364,True,False
1534,0.0,0.0,0.0,0.46658239815099567,0.047112819483725976,6.032101154327393,6.464132785797119,10000.0,7.277248867207572,True,False
1535,0.0,0.0,0.0,0.5891540792230795,-0.1461836056274342,8.648310661315918,7.339600086212158,10000.0,14.95865545892611,True,False
1536,0.0,0.0,0.0,0.5169954035111842,-0.03385362653832009,7.056790828704834,6.824810028076172,10000.0,9.959659360018527,True,False
1537,0.0,0.0,0.0,0.4431563139593927,0.08553851694734176,5.875309944152832,6.628936290740967,10000.0,6.90385338797223,True,False
1538,0.0,0.0,0.0,0.4174369826157772,-0.05336540759426404,6.348021030426025,7.603568077087402,10000.0,8.05947420054622,True,False
1539,0.0,0.0,0.0,0.4643999970112344,-0.014809427252151383,6.401535987854004,6.892265319824219,10000.0,8.195932600757985,True,False
1540,0.0,0.0,0.0,0.7423352411426362,0.019922654830864455,8.815452575683594,5.937649250030518,10000.0,15.542440822825299,True,False
1541,0.0,0.0,0.0,0.610405573918797,-0.032862868292200906,9.610956192016602,7.872598648071289,10000.0,18.474095784972448,True,False
1542,0.0,0.0,0.0,0.5357211619179795,0.12854861600107476,7.132822036743164,6.657215118408203,10000.0,10.175430041569776,True,False
1543,0.0,0.0,0.0,0.5521606266500045,0.052563693824991695,6.3628411293029785,5.76176643371582,10000.0,8.09714944734992,True,False
1544,0.0,0.0,0.0,0.5600410472363491,-0.013919862223521366,8.154729843139648,7.28047513961792,10000.0,13.299923762918475,True,False
1545,0.0,0.0,0.0,0.4208337869858088,0.10595785116975852,5.6029887199401855,6.657009124755859,10000.0,6.278696519155389,True,False
1546,0.0,0.0,0.0,0.5888344517842725,-0.017838699436809363,7.893680572509766,6.70280122756958,10000.0,12.462038596163616,True,False
1547,0.0,0.0,0.0,0.4954658062992394,0.005923188067718126,6.634178638458252,6.69489049911499,10000.0,8.802465241395154,True,False
1548,0.0,0.0,0.0,0.4265033499345159,-0.022450050420436417,5.478419780731201,6.422481536865234,10000.0,6.002616658781378,True,False
1549,0.0,0.0,0.0,0.5530118113194402,0.05340938178685902,7.615626335144043,6.88559103012085,10000.0,11.599552895307895,True,False
1550,0.0,0.0,0.0,0.4364506487048847,0.035837999372737676,5.741574764251709,6.577576160430908,10000.0,6.5931361546984135,True,False
1551,0.0,0.0,0.0,0.43751322420544697,0.02403283456612809,7.221377372741699,8.252753257751465,10000.0,10.429658231909158,True,False
1552,0.0,0.0,0.0,0.5958055031657618,0.01355029039308173,7.745643138885498,6.500144004821777,10000.0,11.998997526992795,True,False
1553,0.0,0.0,0.0,0.6188636627940307,-0.024406995050281457,7.5668721199035645,6.113521099090576,10000.0,11.45151073579477,True,False
1554,0.0,0.0,0.0,0.6856799314027617,0.00024127558925108464,9.929999351501465,7.240987300872803,10000.0,19.72097742416389,True,False
1555,0.0,0.0,0.0,0.5234359234339546,0.06757075058428014,6.186644554138184,5.909648418426514,10000.0,7.654914167849526,True,False
1556,0.0,0.0,0.0,0.47013581293467915,0.005216897910385704,5.695235252380371,6.057010650634766,10000.0,6.487140915991219,True,False
1557,0.0,0.0,0.0,0.582800998425843,0.023959258504871996,8.617608070373535,7.39326810836792,10000.0,14.852633770913414,True,False
1558,0.0,0.0,0.0,0.34043463637297317,-0.025003907796840804,5.72796106338501,8.412717819213867,10000.0,6.561907588730946,True,False
1559,0.0,0.0,0.0,0.4855871191332011,-0.039126832538619954,6.813465118408203,7.015697956085205,10000.0,9.284661383953058,True,False
1560,0.0,0.0,0.0,0.7093264658243885,-0.08541867649283306,9.602543830871582,6.768775939941406,10000.0,18.441769604761973,True,False
1561,0.0,0.0,0.0,0.772355827700775,0.17777062489041368,11.295354843139648,7.312273979187012,10000.0,25.51700820648766,True,False
1562,0.0,0.0,0.0,0.4589725327239745,0.03303786524117067,7.876156806945801,8.580204963684082,10000.0,12.40676920951973,True,False
1563,0.0,0.0,0.0,0.689379238069639,-0.011608203320518923,9.387474060058594,6.808642864227295,10000.0,17.624933845654596,True,False
1564,0.0,0.0,0.0,0.7164801742130623,0.008997550281015274,10.12352466583252,7.064762592315674,10000.0,20.497150331943885,True,False
1565,0.0,0.0,0.0,0.4940498039895701,0.1096292729320547,7.045549392700195,7.130403995513916,10000.0,9.927953248995614,True,False
1566,0.0,0.0,0.0,0.29701899170248613,0.07317468713494901,4.842182636260986,8.151301383972168,10000.0,4.689346536581478,True,False
1567,0.0,0.0,0.0,0.9385423938377436,0.03280160572298557,15.957907676696777,8.501431465148926,10000.0,50.930963483595576,True,False
1568,0.0,0.0,0.0,0.5705870121632307,0.06887981441855395,7.0893940925598145,6.212368965148926,10000.0,10.051901719924395,True,False
1569,0.0,0.0,0.0,0.5997255305530524,0.1408799636095413,7.712398052215576,6.4299397468566895,10000.0,11.89621674316372,True,False
1570,0.0,0.0,0.0,0.4198793386415706,0.0207039219975357,5.323716163635254,6.339578628540039,10000.0,5.668390758190252,True,False
1571,0.0,0.0,0.0,0.758992099854392,-0.002546764745653838,10.242939949035645,6.747725009918213,10000.0,20.983563759910055,True,False
1572,0.0,0.0,0.0,1.247075133231786,0.11582423350069376,16.62061309814453,6.663837909698486,10000.0,55.2489559516427,True,False
1573,0.0,0.0,0.0,0.4458582589617941,0.0027370352976515563,5.327989101409912,5.97498083114624,10000.0,5.67749357294856,True,False
1574,0.0,0.0,0.0,0.49691908731814505,-0.00468754383910867,6.619161128997803,6.660200119018555,10000.0,8.762658810327089,True,False
1575,0.0,0.0,0.0,0.8197390669245236,0.06701182426889947,11.964597702026367,7.297808647155762,10000.0,28.630319634266925,True,False
1576,0.0,0.0,0.0,0.5732659910657321,0.021005830970323457,7.914376735687256,6.902883529663086,10000.0,12.52747182287753,True,False
1577,0.0,0.0,0.0,0.8012012484173138,-0.06046813793403788,11.031462669372559,6.884326934814453,10000.0,24.338633725152064,True,False
1578,0.0,0.0,0.0,0.546731359680009,0.029626294640391876,6.478622913360596,5.924868583679199,10000.0,8.394510970704182,True,False
1579,0.0,0.0,0.0,0.5986025834850308,0.04136144435336029,7.77106237411499,6.491003036499023,10000.0,12.077882084477139,True,False
1580,0.0,0.0,0.0,0.5953921686322473,0.06323649980451392,8.154215812683105,6.847768783569336,10000.0,13.29824710396224,True,False
1581,0.0,0.0,0.0,0.40896452743986966,0.008409175862689246,5.43690299987793,6.647157192230225,10000.0,5.9119828460163255,True,False
1582,0.0,0.0,0.0,0.43924767040237356,0.06105568429033568,5.54472017288208,6.311610221862793,10000.0,6.148784359113094,True,False
1583,0.0,0.0,0.0,0.6238475251317359,0.0811578833764594,7.268840789794922,5.825815200805664,10000.0,10.56720928547729,True,False
1584,0.0,0.0,0.0,0.6985213345199254,0.06457592940261889,8.611245155334473,6.163909912109375,10000.0,14.830708625054285,True,False
1585,0.0,0.0,0.0,0.4915487194679961,0.02826335300728129,5.79129695892334,5.890867710113525,10000.0,6.707824093286945,True,False
1586,0.0,0.0,0.0,0.28111938486045246,-0.03907874991097995,4.804033279418945,8.544471740722656,10000.0,4.6157471499529485,True,False
1587,0.0,0.0,0.0,0.7389229109300143,0.01141107803002432,8.550704956054688,5.785924911499023,10000.0,14.622911049099635,True,False
1588,0.0,0.0,0.0,0.544405170717671,0.08916856117014776,7.56017541885376,6.943519115447998,10000.0,11.43125047276812,True,False
1589,0.0,0.0,0.0,0.570491273880362,-0.03201937057836971,8.440621376037598,7.397677898406982,10000.0,14.248817842724563,True,False
1590,0.0,0.0,0.0,0.581296861733505,0.043142315246633985,6.947752475738525,5.97607946395874,10000.0,9.654252892826158,True,False
1591,0.0,0.0,0.0,0.7526347182752617,-0.030445896752171023,11.204445838928223,7.443481922149658,10000.0,25.10792131149519,True,False
1592,0.0,0.0,0.0,0.6926736711725793,0.043392812943529924,8.093814849853516,5.84244441986084,10000.0,13.101967764741858,True,False
1593,0.0,0.0,0.0,0.7073546155327449,0.014144798605154857,10.810559272766113,7.641541481018066,10000.0,23.373638357997876,True,False
1594,0.0,0.0,0.0,0.3535839855602336,0.05884954530508092,5.8123321533203125,8.219167709350586,10000.0,6.756641012104225,True,False
1595,0.0,0.0,0.0,0.650518888462658,0.07617338857113662,9.629005432128906,7.401019096374512,10000.0,18.5435491223936,True,False
1596,0.0,0.0,0.0,0.40868642328166194,-0.11980118562308689,5.577366352081299,6.823527812957764,10000.0,6.221403085065731,True,False
1597,0.0,0.0,0.0,0.4603085208036804,-0.07073252866910638,6.598920822143555,7.167932510375977,10000.0,8.709151203383954,True,False
1598,0.0,0.0,0.0,0.7321976135722703,-0.030918721363675124,9.890655517578125,6.754088878631592,10000.0,19.56501331347971,True,False
1599,0.0,0.0,0.0,0.7618743741313374,-0.0020723843807224996,10.773286819458008,7.07025146484375,10000.0,23.212741778861528,True,False
1600,0.0,0.0,0.0,0.897319619629596,0.02452902886408186,11.24801254272461,6.267561912536621,10000.0,25.303557232258015,True,False
1601,0.0,0.0,0.0,0.5041820441561171,-0.026030649396176286,7.191150665283203,7.131502151489258,10000.0,10.342529578160608,True,False
1602,0.0,0.0,0.0,0.5112333161326987,0.03923514000196321,7.004022121429443,6.850122928619385,10000.0,9.811265175494597,True,False
1603,0.0,0.0,0.0,0.5267145461423395,-0.15531528397891126,8.543490409851074,8.1101713180542,10000.0,14.598245676643451,True,False
1604,0.0,0.0,0.0,0.45893583452695114,0.037195334630272386,5.990933895111084,6.526984214782715,10000.0,7.17825778711817,True,False
1605,0.0,0.0,0.0,0.7081950157321439,-0.01203156837205174,8.703926086425781,6.145147800445557,10000.0,15.15166586359264,True,False
1606,0.0,0.0,0.0,0.3560523644420474,0.005630616805260201,5.4031829833984375,7.5876240730285645,10000.0,5.838877270417285,True,False
1607,0.0,0.0,0.0,0.6563082985930571,0.03390793477377432,10.229569435119629,7.793265342712402,10000.0,20.928818165586733,True,False
1608,0.0,0.0,0.0,0.38019801425779615,-0.0767403063937485,5.050629615783691,6.642104148864746,10000.0,5.101771903166263,True,False
1609,0.0,0.0,0.0,0.6155077258322895,0.07527294631879647,7.560806751251221,6.1419267654418945,10000.0,11.433159745953205,True,False
1610,0.0,0.0,0.0,0.3696012234360038,0.015635918337548058,4.743837356567383,6.417507648468018,10000.0,4.500798573112842,True,False
1611,0.0,0.0,0.0,0.8760716283453224,0.13767349701941928,11.26047420501709,6.426685810089111,10000.0,25.35965586437105,True,False
1612,0.0,0.0,0.0,0.7820526030523605,-0.05483595433143024,12.015625,7.682107925415039,10000.0,28.87504882812499,True,False
1613,0.0,0.0,0.0,0.4036769238017423,-0.07028007242874205,5.728078365325928,7.094879627227783,10000.0,6.562176351862988,True,False
1614,0.0,0.0,0.0,0.5978677219575946,-0.04179766680787027,7.8795552253723145,6.589714527130127,10000.0,12.417478109938429,True,False
1615,0.0,0.0,0.0,0.6440525114985586,-0.07680445671423751,7.599876880645752,5.9000444412231445,10000.0,11.551625720194757,True,False
1616,0.0,0.0,0.0,0.6779796037339169,0.09346358832251642,11.880838394165039,8.761943817138672,10000.0,28.230864189653218,True,False
1617,0.0,0.0,0.0,0.4497268951107874,0.015386587274777935,6.604928016662598,7.343265533447266,10000.0,8.725014821058899,True,False
1618,0.0,0.0,0.0,0.5564144220521112,0.008060676904594595,9.95950698852539,8.94972038269043,10000.0,19.83835589089722,True,False
1619,0.0,0.0,0.0,0.4616894005365481,-0.01569842047102661,6.792423725128174,7.356053352355957,10000.0,9.22740401233682,True,False
1620,0.0,0.0,0.0,0.4407895996462506,0.010095417653928487,5.5328474044799805,6.276063919067383,10000.0,6.122480080252171,True,False
1621,0.0,0.0,0.0,0.571361665724623,0.05098883242114646,7.246586322784424,6.341505527496338,10000.0,10.502602666713251,True,False
1622,0.0,0.0,0.0,0.40549248443677466,-0.032834748892969556,5.50447416305542,6.787393569946289,10000.0,6.05984716234893,True,False
1623,0.0,0.0,0.0,0.8817858276164946,0.007518188515035888,14.389878273010254,8.15950870513916,10000.0,41.4137193424105,True,False
1624,0.0,0.0,0.0,0.39952194583537964,-0.09729961621314535,5.64402437210083,7.063472270965576,10000.0,6.371002222573633,True,False
1625,0.0,0.0,0.0,0.5960817900428059,-0.006549863530081624,8.636592864990234,7.24446964263916,10000.0,14.91814726312004,True,False
1626,0.0,0.0,0.0,0.7180720835959381,0.09910290747740905,10.283219337463379,7.160297393798828,10000.0,21.148919988476152,True,False
1627,0.0,0.0,0.0,0.5397019487566126,-0.026284421736926356,7.427500247955322,6.881113052368164,10000.0,11.03355198667527,True,False
1628,0.11712765663200161,0.01171276566320016,0.11712765663200161,0.5781085651390241,0.029048813390341228,9.301734924316406,8.04497241973877,10000.0,17.329915573967583,True,True
1629,0.012794424056296548,0.011820931502509797,0.012794424056296548,0.508690963694447,-0.08986455137976447,6.653687953948975,6.54000997543335,10000.0,8.808087248586276,True,True
1630,0.08670489979127402,0.019309328331386218,0.08670489979127402,0.5892305172604584,-0.0014309796579837,7.510491371154785,6.373135089874268,10000.0,11.280173546775082,True,True
1631,0.6780387131776235,0.08518226681600995,0.6780387131776235,0.8215479996838291,0.12946345923010616,10.685378074645996,6.50319766998291,10000.0,23.601786368454086,True,True
1632,0.5341782590579679,0.13008186604020575,0.5341782590579679,0.5955678692432449,0.13964576397298964,8.553759574890137,7.181179523468018,10000.0,15.74918881053182,True,True
1633,0.4877781369575818,0.16585149313194333,0.4877781369575818,0.5150075915230615,0.1462270423279155,6.116463661193848,5.938226699829102,10000.0,8.363080200767854,True,True
1634,0.07928243659311007,0.07928243659311007,0.07928243659311007,0.6458328046990021,-0.05673436474618755,7.840181350708008,6.069822788238525,10000.0,12.079633757485617,True,True
1635,0.11718632631246632,0.0830728255650457,0.11718632631246632,0.2735104862016612,0.04424068203057971,4.595380783081055,8.400739669799805,10000.0,4.365384466152417,True,True
1636,0.5506562208985902,0.12983116509840015,0.5506562208985902,0.9556730980853622,0.07192205524180961,11.599163055419922,6.068583011627197,10000.0,27.565403643893433,True,True
1637,0.664219278954727,0.18326997648403281,0.664219278954727,0.8652197335057814,0.1058974611063878,11.348383903503418,6.558093547821045,10000.0,27.201566832750743,True,True
1638,0.2938288189783811,0.19432586073346764,0.2938288189783811,0.6295741114138369,0.04279302709131774,7.579449653625488,6.019505500793457,10000.0,11.869015577735915,True,True
1639,0.18275102616964706,0.18275102616964706,0.18275102616964706,0.608888010598174,-0.0064935291674399435,9.076838493347168,7.453619003295898,10000.0,16.397512926853423,True,True
1640,0.41396794161144873,0.20587271771382723,0.41396794161144873,0.8301616713860197,0.043889780856701824,11.309608459472656,6.811690330505371,10000.0,26.27753754924774,True,True
1641,0.4048776499446249,0.225773210936907,0.4048776499446249,0.8165984413824047,0.04019103440149544,9.063817024230957,5.549739360809326,10000.0,16.886997505628685,True,True
1642,0.31116321212001946,0.23431221105521824,0.31116321212001946,0.4853077019904528,0.06949971046774218,8.603805541992188,8.864278793334961,10000.0,16.047066262832082,True,True
1643,0.38756594202938016,0.24963758415263443,0.38756594202938016,0.566726681200105,0.07587122504462383,7.10369348526001,6.267301082611084,10000.0,10.935733470432204,True,True
1644,0.5872037925725165,0.28339420499462264,0.5872037925725165,0.7545625192661356,0.09242456300963388,9.526805877685547,6.312800884246826,10000.0,19.72724984392066,True,True
1645,0.26663502559453245,0.26663502559453245,0.26663502559453245,0.6516728610789476,0.004103466717676031,9.41226577758789,7.22161865234375,10000.0,17.79251925355105,True,True
1646,1.0,0.33997152303507916,1.6593233912671208,1.076296341714125,0.22356811039585947,11.668219566345215,5.420542240142822,10000.0,32.03675294098335,True,True
1647,0.2964537951273439,0.2964537951273439,0.2964537951273439,0.527750949579484,0.038840320570704405,7.013711452484131,6.644906520843506,10000.0,10.375061697585075,True,True
1648,0.19217768034915234,0.19217768034915234,0.19217768034915234,0.44038714315982486,0.002159908981373327,6.273701190948486,7.122938632965088,10000.0,7.890414366330653,True,True
1649,0.41101750631019235,0.21406166294525633,0.41101750631019235,0.5111306483171414,0.08688013041544208,7.117109775543213,6.962123870849609,10000.0,11.05217032070395,True,True
1650,0.3649683478194396,0.22915233143267466,0.3649683478194396,0.5116648079769522,0.06588789077320054,8.610980033874512,8.414669036865234,10000.0,15.923800931641367,True,True
1651,0.10295164210058091,0.10295164210058091,0.10295164210058091,0.6194240691169637,-0.17015630885735367,7.550174236297607,6.09451150894165,10000.0,10.594947937345005,True,True
1652,0.14265748186860697,0.10692222607738351,0.14265748186860697,0.4544206554490846,-0.0598584858735921,6.146388053894043,6.76288366317749,10000.0,7.289578034882403,True,True
1653,0.35937096132513274,0.13216709960215844,0.35937096132513274,0.6220638383743049,0.02699761980468651,8.648978233337402,6.951841354370117,10000.0,15.175507473407201,True,True
1654,0.22390249496165898,0.1413406391381085,0.22390249496165898,0.3435601963700179,0.042792573397693524,4.783272743225098,6.961331367492676,10000.0,4.77733658565268,True,True
1655,0.3152982620982052,0.15873640143411816,0.3152982620982052,0.45264031900515517,0.050940013108087434,6.5015435218811035,7.181798934936523,10000.0,8.83157304386799,True,True
1656,0.11212196199969811,0.11212196199969811,0.11212196199969811,0.3843025166186385,-0.08997717044607925,5.334911346435547,6.941030979156494,10000.0,5.318683907341228,True,True
1657,0.2672591029887909,0.12763567609860738,0.2672591029887909,0.5195615709095167,-0.0013539275298787548,7.177542209625244,6.907306671142578,10000.0,10.294854975962025,True,True
1658,0.4102018958390185,0.15589229807264848,0.4102018958390185,0.6930263924959756,0.018032470967100693,8.053915023803711,5.8106842041015625,10000.0,13.104666519634492,True,True
1659,0.19262690770812946,0.15956575903619657,0.19262690770812946,0.40912711017148656,-0.021121550156644322,5.827450275421143,7.121809005737305,10000.0,6.65196218130621,True,True
1660,0.7745516379098263,0.22106434692355953,0.7745516379098263,0.7826038382062738,0.10205398820436123,12.585983276367188,8.041094779968262,10000.0,33.96463213698408,True,True
1661,0.4717758762867391,0.24613549985987748,0.4717758762867391,0.6107314154298641,0.05522279834616652,8.826589584350586,7.226244926452637,10000.0,16.4486951745115,True,True
1662,0.6505139439166279,0.2865733442655525,0.6505139439166279,0.9233845878546292,0.03731555165832512,14.192490577697754,7.685037612915039,10000.0,41.45171145661109,True,True
1663,0.34705090287269547,0.2926211001262668,0.34705090287269547,0.7776078013525425,-0.0421613545039313,9.968667030334473,6.409829616546631,10000.0,19.08654225019265,True,True
1664,0.28704050439908424,0.28704050439908424,0.28704050439908424,0.6125809142368,-0.036727839103711434,8.950031280517578,7.305182933807373,10000.0,15.331334311964326,True,True
1665,0.3029776009303407,0.2886342140522099,0.3029776009303407,0.5390988472468413,-0.008124663392597153,9.097540855407715,8.437729835510254,10000.0,16.37303735927678,True,True
1666,0.3588785989532198,0.2956586525423109,0.3588785989532198,0.4702393697569448,0.04283253802523454,6.14502477645874,6.533932685852051,10000.0,8.06073281236717,True,True
1667,0.36240603201514787,0.30233339048959457,0.36240603201514787,0.4845829897712568,0.03715632735264386,6.181975841522217,6.378655433654785,10000.0,8.086336107976667,True,True
1668,0.4800117978386878,0.32010123122450385,0.4800117978386878,0.7125738393035335,0.016400954772317778,10.545456886291504,7.3995537757873535,10000.0,22.650995816114033,True,True
1669,0.48463663598919104,0.33655477170097253,0.5029163853968938,0.48463663598919104,0.09539400696375822,5.9338274002075195,6.121934413909912,10000.0,8.208335072290655,True,True
1670,0.541472132509312,0.35704650778180647,0.541472132509312,0.5982279880171854,0.0666843350098027,6.928744316101074,5.7910566329956055,10000.0,10.55684615828877,True,True
1671,0.4823585151302066,0.3695777085166465,0.4823585151302066,0.575966773480792,0.05003430441961468,7.954833030700684,6.905635356903076,10000.0,13.671674029972166,True,True
1672,0.6095339903943322,0.3935733367044151,0.622183058982522,0.6095339903943322,0.08685975743281386,8.573790550231934,7.033070087432861,10000.0,16.763376046739317,True,True
1673,0.2043939510109427,0.2043939510109427,0.2043939510109427,0.5474282282171155,-0.10919854475630608,8.69041633605957,7.937493801116943,10000.0,13.565063783020733,True,True
1674,0.6227170062020445,0.24622625653005287,0.6227170062020445,0.6880026669877367,0.05939044167161306,8.888185501098633,6.459412097930908,10000.0,16.639538509653875,True,True
1675,0.5068851016968904,0.2722921410467366,0.5068851016968904,0.5271743995765217,0.06958371255420842,7.233360290527344,6.860500335693359,10000.0,11.404539931732998,True,True
1676,0.17597278543347042,0.17597278543347042,0.17597278543347042,0.41592100719843467,-0.09241813547247671,5.720762252807617,6.877222061157227,10000.0,5.905586697674362,True,True
1677,0.2899053418660249,0.1873660410767259,0.2899053418660249,0.4688516183570408,-0.019492885399128895,6.086999416351318,6.491392135620117,10000.0,7.265998494952786,True,True
1678,0.3300440319813802,0.20163384016719132,0.3300440319813802,0.6768414291269628,-0.06877425660890131,9.06131649017334,6.6938252449035645,10000.0,15.580377047275832,True,True
1679,0.2584639566711029,0.20731685181758247,0.2584639566711029,0.6250457082226845,-0.1066561855624225,8.551766395568848,6.840912818908691,10000.0,13.332969902040077,True,True
1680,0.7065699275553952,0.25724215939136374,0.7065699275553952,0.7737553763487651,0.05041979051382145,10.598370552062988,6.848657131195068,10000.0,23.40652096509332,True,True
1681,0.2142641892385358,0.2142641892385358,0.2142641892385358,0.24247136729345575,0.04203578470420166,4.393120288848877,9.059049606323242,10000.0,4.2183477896038095,True,True
1682,0.2393872241705832,0.21677649273174054,0.2393872241705832,0.4496068050284383,-0.06111812844796542,6.133453369140625,6.820908069610596,10000.0,6.969569678574494,True,True
1683,0.5346393223362336,0.24856277569218982,0.5346393223362336,0.5930941122116099,0.04251057642841779,7.720107078552246,6.508332252502441,10000.0,12.450927039836635,True,True
1684,0.42921105494058703,0.26662760361702953,0.42921105494058703,0.49215720864397605,0.03401236226701052,7.628028392791748,7.749585151672363,10000.0,12.173447204566536,True,True
1685,0.37289988342691316,0.2772548315980179,0.37289988342691316,0.5473695528631719,-0.017682870732974688,7.153746128082275,6.534658432006836,10000.0,10.006030613710038,True,True
1686,0.2994334160302603,0.27947269004124214,0.2994334160302603,0.578932251682922,-0.07730570951845822,7.88806676864624,6.812599182128906,10000.0,11.283313742849181,True,True
1687,0.39584912508404263,0.2911103335455222,0.39584912508404263,0.5149412100846299,0.0028699500974932804,7.113994121551514,6.907578945159912,10000.0,10.162837970462093,True,True
1688,0.5875606393229916,0.3207553641232691,0.6729777694048705,0.5875606393229916,0.08499226861598316,7.722916126251221,6.57201623916626,10000.0,13.312359154534846,True,True
1689,0.5109775819722653,0.3397775859081687,0.6177292040260899,0.5109775819722653,0.0955550453479412,7.64127254486084,7.477111339569092,10000.0,13.532826191648695,True,True
1690,0.7473606757747369,0.38053589489482553,0.9887465563535287,0.7473606757747369,0.11494284310118053,10.373340606689453,6.939982891082764,10000.0,24.670108130254505,True,True
1691,0.30997357421935096,0.30997357421935096,0.30997357421935096,0.6609196817236301,-0.11248890047403265,7.680394649505615,5.810384273529053,10000.0,10.241645307309831,True,True
1692,0.7911959891445309,0.35809581571186894,1.0675683151806257,0.7911959891445309,0.11662463843776955,12.41220474243164,7.8439507484436035,10000.0,34.87862121917226,True,True
1693,0.6823481941936675,0.39052105356004874,0.6823481941936675,0.8150040596726981,0.009575466737345384,11.59648609161377,7.114373207092285,10000.0,27.204206665681838,True,True
1694,0.5150457613431088,0.40297352433835476,0.6435990696736889,0.5150457613431088,0.09551290312416594,7.941661357879639,7.709665775299072,10000.0,14.970594861836076,True,True
1695,0.3229968272037826,0.3229968272037826,0.3229968272037826,0.34251796767823756,0.03145073295972567,4.763360977172852,6.953446865081787,10000.0,4.8743887041031755,True,True
1696,0.41514429980161777,0.3322115744635661,0.43516356142361806,0.41514429980161777,0.052818841622400935,6.118433475494385,7.369044303894043,10000.0,8.278188733613433,True,True
1697,0.4859684588382082,0.34758726290103026,0.582929175010443,0.4859684588382082,0.08154317075873022,5.949499130249023,6.121281147003174,10000.0,8.111532522248638,True,True
1698,0.22272758318244512,0.22272758318244512,0.22272758318244512,0.3917358214994517,-0.08466289055093476,6.828563690185547,8.715776443481445,10000.0,8.203573003724316,True,True
1699,0.38251226147949546,0.23870605101215014,0.38251226147949546,0.439009457616066,0.007692227230051344,5.933670997619629,6.758021831512451,10000.0,7.115320943388305,True,True
1700,0.42085146478201607,0.2569205923891367,0.42085146478201607,0.523001249865159,-0.011307243783993389,6.149535179138184,5.879082679748535,10000.0,7.458327995495608,True,True
1701,0.2615288747719174,0.2573814206274148,0.2615288747719174,0.3518005415448167,-0.030462316860790945,4.769140243530273,6.7781877517700195,10000.0,4.295488846966325,True,True
1702,0.6815674069984284,0.29980001926451616,0.7833892453809125,0.6815674069984284,0.06423790104200527,9.041394233703613,6.632795333862305,10000.0,17.504290179501552,True,True
1703,0.447158017112801,0.31453581904934463,0.447158017112801,0.47259272097511346,0.019109298715098828,6.144848346710205,6.501209259033203,10000.0,7.791947728441684,True,True
1704,0.317537427230597,0.31483597986746986,0.317537427230597,0.4401573954042966,-0.04272486572684827,5.84671688079834,6.641620635986328,10000.0,6.314482170882393,True,True
1705,0.7225351072433084,0.3556058926050537,1.2080707594513755,0.7225351072433084,0.15214441354996874,11.484813690185547,7.947581768035889,10000.0,31.31856243005791,True,True
1706,0.678677602984937,0.387913063643042,0.9625738586826583,0.678677602984937,0.10831174375367558,9.150070190429688,6.74110221862793,10000.0,19.336340906217075,True,True
1707,0.6950019471417516,0.41862195199291297,0.6950019471417516,0.8789105318254531,-0.027486352274710992,10.606781005859375,6.034050464630127,10000.0,21.764330364752453,True,True
1708,0.27426942612792793,0.27426942612792793,0.27426942612792793,0.5138006012802165,-0.1227304991093293,7.641228199005127,7.435986042022705,10000.0,9.76504072578512,True,True
1709,0.5379872329661136,0.3006412068117465,0.6150199362167864,0.5379872329661136,0.05258150602941766,6.975039958953857,6.482532978057861,10000.0,10.445017423258797,True,True
1710,0.6699329431165784,0.33757038044222965,0.7593311959081143,0.6699329431165784,0.04913119495583072,8.830557823181152,6.590628147125244,10000.0,16.560993175743782,True,True
1711,0.44953744578554805,0.34876708697656145,0.5738258141057435,0.44953744578554805,0.07559656906806164,6.996645450592041,7.782049655914307,10000.0,11.226169827526256,True,True
1712,0.42980850890569794,0.3568712291694751,0.42980850890569794,0.4867740165128519,-0.010918129216477194,6.119893550872803,6.28617525100708,10000.0,7.340723388783939,True,True
1713,0.3335370982952142,0.3335370982952142,0.3335370982952142,0.43379389239820976,-0.044375678480651035,5.482331275939941,6.3190507888793945,10000.0,5.498440530622926,True,True
1714,0.49160456193368635,0.34934384465906143,0.49160456193368635,0.5776371841544375,-0.02259986860114236,9.863396644592285,8.53770923614502,10000.0,18.7924637828136,True,True
1715,0.7605251717875381,0.3904619773719091,1.0857964269708489,0.7605251717875381,0.09730905671133298,11.350207328796387,7.462085247039795,10000.0,28.98351517892587,True,True
1716,0.49094214355435345,0.40050999399015347,0.49094214355435345,0.49952225924611565,0.007344097894593943,7.105227470397949,7.112022876739502,10000.0,10.245487117281009,True,True
1717,0.5416822114092755,0.4146272157320657,0.5416822114092755,0.5781973033195008,-0.005243219288254602,7.485163688659668,6.472845554351807,10000.0,11.100205018965205,True,True
1718,0.39059742195857916,0.39059742195857916,0.39059742195857916,0.4133298638965027,-0.004779383781952989,5.738344192504883,6.941603660583496,10000.0,6.51135739240469,True,True
1719,0.38198684471393307,0.38198684471393307,0.38198684471393307,0.4413153379843433,-0.026775582918698564,5.832036972045898,6.607562065124512,10000.0,6.40839254762648,True,True
1720,0.30534857694703454,0.30534857694703454,0.30534857694703454,0.4104291208738909,-0.06436971189508894,5.880317687988281,7.163621425628662,10000.0,6.087664312581602,True,True
1721,0.5395853801101833,0.3287722572633494,0.8639686814108839,0.5395853801101833,0.1184121791392183,7.727843284606934,7.1609086990356445,10000.0,14.098270892171413,True,True
1722,0.8958858001767636,0.3854836115546908,1.3645529060962232,0.8958858001767636,0.10411410173161137,11.045472145080566,6.164553642272949,10000.0,27.133250379455674,True,True
1723,0.38474353451219323,0.38474353451219323,0.38474353451219323,0.45734204926306404,-0.0399023792392021,5.988927841186523,6.547536849975586,10000.0,6.5714504186101514,True,True
1724,0.6762478255571454,0.41389396361668845,0.7564843523465432,0.6762478255571454,0.025881953755818195,9.626973152160645,7.1179327964782715,10000.0,19.269779429590386,True,True
1725,0.920213990108568,0.4645259662658764,1.1614753639798374,0.920213990108568,0.05337816828720569,12.576120376586914,6.833258628845215,10000.0,33.76258781860652,True,True
1726,0.6552487313749005,0.48359824277677876,0.6573295251801439,0.6552487313749005,-0.002759292488822898,9.088760375976562,6.935351371765137,10000.0,16.437001496173338,True,True
1727,0.5738912220689392,0.4926275407059948,0.5738912220689392,0.5888936264277389,-0.011095762894745334,7.49996280670166,6.367841720581055,10000.0,10.98883629996348,True,True
1728,0.7967845001724738,0.5230432366526426,0.7967845001724738,1.1294017647250112,-0.09151880653720483,15.302188873291016,6.774466514587402,10000.0,41.86917020744977,True,True
1729,0.7462111078240239,0.5453600237697808,0.8545100298322156,0.7462111078240239,0.024480496634905268,9.504189491271973,6.368298053741455,10000.0,18.87398056809178,True,True
1730,0.6142594085459365,0.5522499622473963,0.9417446830010242,0.6142594085459365,0.0951418515309427,7.941773891448975,6.464511394500732,10000.0,15.311848693920773,True,True
1731,0.5906244916489946,0.5560874151875561,0.8158003652839647,0.5906244916489946,0.06745777123537161,7.617641925811768,6.448802947998047,10000.0,13.44847890354329,True,True
1732,0.551526664946262,0.551526664946262,0.6667896699783282,0.551526664946262,0.03346865237202024,7.402707099914551,6.7111053466796875,10000.0,11.877056768102861,True,True
1733,0.3490166986611401,0.3490166986611401,0.4039464151580094,0.3490166986611401,0.02156627700497119,5.398274898529053,7.733548164367676,10000.0,6.142509825153208,True,True
1734,0.5248338439616305,0.36659841319118913,0.5248338439616305,0.5858065695239066,-0.04173753701402313,7.779578685760498,6.640057563781738,10000.0,11.313971838322743,True,True
1735,1.0,0.4299385718720702,1.0229949153533344,1.2458492109992212,-0.06481300921479534,16.431852340698242,6.594639301300049,10000.0,50.98157687453147,True,True
1736,0.5839564887306615,0.44534036355792933,0.7663247934203816,0.5839564887306615,0.04820948003019832,7.239365577697754,6.198548793792725,10000.0,11.445101421708685,True,True
1737,0.47706372079509113,0.4485126992816455,0.5978503425231022,0.47706372079509113,0.03556709688009319,6.866241931915283,7.196357250213623,10000.0,10.217289317521697,True,True
1738,0.4656741851852183,0.4502288478720028,0.6312362126750385,0.4656741851852183,0.053640291878413945,6.459780216217041,6.935944080352783,10000.0,9.427803201020012,True,True
1739,0.7571214534389481,0.4809181084286973,1.1591957306400322,0.7571214534389481,0.08312770978232446,9.404267311096191,6.210540771484375,10000.0,20.022965092448004,True,True
1740,0.9885970378676533,0.5316860013725929,0.9885970378676533,1.1715964045796987,-0.06566258947257526,14.502907752990723,6.18937873840332,10000.0,38.93303708248857,True,True
1741,0.598144218201582,0.5383318230554919,0.598144218201582,0.6051921085492598,-0.027789846639499252,7.3642120361328125,6.084193706512451,10000.0,10.176029491216646,True,True
1742,0.8690920892422772,0.5714078496741704,1.0949140601813845,0.8690920892422772,0.030349939748522115,12.301898002624512,7.077442169189453,10000.0,31.777253848561458,True,True
1743,0.5557371719249938,0.5557371719249938,0.6497359686126999,0.5557371719249938,0.01068061197996475,6.269421100616455,5.640635013580322,10000.0,8.071032337106146,True,True
1744,0.703964305055012,0.5705598852379956,0.9260818372451194,0.703964305055012,0.038490671967446564,10.634227752685547,7.553101539611816,10000.0,24.38131703421699,True,True
1745,0.630996794781671,0.5766035761923631,0.6560220238088182,0.630996794781671,-0.020830259918460044,7.875549793243408,6.240562438964844,10000.0,11.814551673482605,True,True
1746,0.28841912595829594,0.28841912595829594,0.32963353008961077,0.28841912595829594,0.001170020705442714,4.514019966125488,7.825451850891113,10000.0,4.087195641975786,True,True
1747,0.5976312426592233,0.31934033762838865,0.5976312426592233,0.6433175453172337,-0.051637381781407185,9.128629684448242,7.094964027404785,10000.0,15.598369764724978,True,True
1748,0.47902185590685786,0.33530848945623554,0.47902185590685786,0.7000873115694345,-0.13404596676195132,9.93932819366455,7.098634719848633,10000.0,16.586801323205663,True,True
1749,0.42700574538017805,0.3444782150486298,0.7085340822129301,0.42700574538017805,0.09150416798616817,6.0457305908203125,7.079214572906494,10000.0,8.659247951076175,True,True
1750,0.40820080368225553,0.35085047391199237,0.4620786940174852,0.40820080368225553,-0.006405924732914762,5.948523044586182,7.286270618438721,10000.0,6.979571962466107,True,True
1751,0.41956145202635037,0.35772157172342817,0.44664006140018403,0.41956145202635037,-0.022978785919719323,5.443750381469727,6.487429141998291,10000.0,5.636586314462313,True,True
1752,0.6632349358660009,0.3882729081376854,0.8643574530447191,0.6632349358660009,0.026078945977815376,7.597044944763184,5.727265357971191,10000.0,11.98359264266864,True,True
1753,1.0,0.44944561732391686,2.1400034008417284,1.215586204808717,0.10232892553347712,13.708967208862305,5.638829708099365,10000.0,41.14239930998241,True,True
1754,0.647578683168694,0.4692589239083945,0.647578683168694,1.0280221066384132,-0.1683541071942173,12.305137634277344,5.984860420227051,10000.0,24.465241696961286,True,True
1755,0.486825656776106,0.47101559719516567,0.7399602684028536,0.486825656776106,0.06132488203560342,6.123160362243652,6.288863658905029,10000.0,8.610913149494014,True,True
1756,0.9965112602728153,0.5235651635029306,1.0354484461997602,0.9965112602728153,-0.035616845970164485,12.531408309936523,6.28764009475708,10000.0,29.937927758782337,True,True
1757,0.4227044548527752,0.4227044548527752,0.4227044548527752,0.42386916485372933,-0.04734691886897421,5.628355026245117,6.6392598152160645,10000.0,5.5877998898407135,True,True
1758,0.4889309319595578,0.4293271025634534,0.49330192914383125,0.4889309319595578,-0.045700768381929574,6.550449848175049,6.698747634887695,10000.0,7.720731378751388,True,True
1759,0.6845783096665046,0.4548522232737585,0.6845783096665046,0.6867380252097423,-0.050092415701122175,9.660454750061035,7.033580780029297,10000.0,17.116715392728494,True,True
1760,0.8650253798687912,0.4958695389332618,0.8650253798687912,0.8756683852765077,-0.053737199665045886,11.492594718933105,6.5621843338012695,10000.0,24.40634965070339,True,True
1761,0.5382954069238136,0.500112125732317,0.9900220390206105,0.5382954069238136,0.1044026755352216,6.720313549041748,6.242217063903809,10000.0,11.222842069083342,True,True
1762,0.506738003045075,0.5007747134635928,0.8156287954539966,0.506738003045075,0.0677367744794534,7.017853736877441,6.924538612365723,10000.0,11.498452132730058,True,True
1763,0.6854004338028951,0.519237285497523,0.7376414134705828,0.6854004338028951,-0.03571665148899206,12.526226043701172,9.13788890838623,10000.0,29.258498835053047,True,True
1764,0.7046547786176961,0.5377790348095404,0.9389062399639097,0.7046547786176961,0.01701807146119824,8.736372947692871,6.199044704437256,10000.0,15.760486788103684,True,True
1765,0.413286836254563,0.413286836254563,0.47583663486817285,0.413286836254563,-0.021082795024425532,5.619250297546387,6.798244953155518,10000.0,5.982339888511618,True,True
1766,0.5980185122868403,0.43176000385779073,1.390331297186412,0.5980185122868403,0.1652492549040171,7.5994391441345215,6.353849411010742,10000.0,14.99538352318298,True,True
1767,0.5909239080826485,0.4476763942802765,0.5909239080826485,0.7562464614867481,-0.12626784058212848,10.290263175964355,6.803511619567871,10000.0,17.220442998498996,True,True
1768,0.4108533647997083,0.4108533647997083,0.4108533647997083,0.5330393577993882,-0.13161088642734295,6.97840690612793,6.545864582061768,10000.0,7.269604067779667,True,True
1769,0.6448968800029216,0.43425771632002963,1.1037110414161624,0.6448968800029216,0.07560170675802491,7.191166400909424,5.575438976287842,10000.0,11.658882927631758,True,True
1770,0.6679607357629648,0.45762801826432314,1.042047945343823,0.6679607357629648,0.050236723332176804,8.376112937927246,6.269914150238037,10000.0,15.239217055259068,True,True
1771,0.6199498638283742,0.4738602028207282,0.8973954877851613,0.6199498638283742,0.02984631681688882,8.96299934387207,7.228809833526611,10000.0,16.983420943644163,True,True
1772,0.4096825848553568,0.4096825848553568,0.6662803482599,0.4096825848553568,0.058729192446047754,5.443435192108154,6.643478870391846,10000.0,6.796299297997962,True,True
1773,0.7116065940497781,0.43987498577479894,0.7333171469567323,0.7116065940497781,-0.05944044383877032,9.382505416870117,6.592480659484863,10000.0,15.98902473583101,True,True
1774,0.6511784416793324,0.46100533136525224,1.804312059527875,0.6511784416793324,0.21016892132560663,8.320551872253418,6.38884162902832,10000.0,18.99680847014306,True,True
1775,0.49775425479164054,0.464680223707891,0.8104118932434129,0.49775425479164054,0.055575226673523825,6.583500385284424,6.613203525543213,10000.0,9.792852356760243,True,True
1776,0.5714314180645549,0.4753553431435574,0.7714965721634539,0.5714314180645549,0.006312295959344097,7.821683883666992,6.843939304351807,10000.0,12.396372385873924,True,True
1777,0.5318148609064203,0.4810012949198436,0.6233357015567338,0.5318148609064203,-0.030968911750903463,8.148443222045898,7.660977363586426,10000.0,12.349536597149267,True,True
1778,0.31466928537108496,0.31466928537108496,0.4969575797588697,0.31466928537108496,0.04425494584720552,5.088961601257324,8.086206436157227,10000.0,5.75255293363989,True,True
1779,0.5372027939950714,0.3369226362334836,0.5372027939950714,0.5398337096788345,-0.07610495297708753,7.569149971008301,7.010631084442139,10000.0,10.09775340430766,True,True
1780,0.5985585119564291,0.36308622380577815,0.8550148641821788,0.5985585119564291,0.01617270817165991,8.430849075317383,7.042627334594727,10000.0,14.564500350705266,True,True
1781,0.7003557041835267,0.396813171843553,1.125777160755261,0.7003557041835267,0.04545817898017259,8.852677345275879,6.32012939453125,10000.0,16.683229146324436,True,True
1782,0.441914643214465,0.4013233189806442,0.7725061264739926,0.441914643214465,0.06630186972307324,5.27549934387207,5.968912124633789,10000.0,6.404053081118697,True,True
1783,0.5005408332753012,0.4112450704101099,0.6057343426642267,0.5005408332753012,-0.029718850356244865,7.889784336090088,7.881259441375732,10000.0,11.689774592463081,True,True
1784,0.7596289192944666,0.44608345529854554,1.6006478613724069,0.7596289192944666,0.11479133840304925,9.295785903930664,6.118636131286621,10000.0,20.194827390827953,True,True
1785,0.41190199240407616,0.41190199240407616,0.7353317993319575,0.41190199240407616,0.06850365621289645,5.637721538543701,6.843523025512695,10000.0,7.445437650597995,True,True
1786,0.7924072959363172,0.44995252275730024,2.1395820968157975,0.7924072959363172,0.1860889989496105,9.9580717086792,6.283430099487305,10000.0,25.071771487283698,True,True
1787,0.8997284900725434,0.49493011948882454,1.4666421740588447,0.8997284900725434,0.042432662466268735,10.44346809387207,5.803677558898926,10000.0,23.086099011784427,True,True
1788,0.38714815398585306,0.38714815398585306,0.5111772789271282,0.38714815398585306,-0.012933910953916503,5.195566654205322,6.710049629211426,10000.0,5.224214139054602,True,True
1789,0.9823959035090677,0.4466729289381745,1.2851864262689838,0.9823959035090677,-0.016419864022516467,14.557679176330566,7.409273147583008,10000.0,41.594112699003176,True,True
1790,0.5838717236811941,0.4603928084124765,0.709458484798365,0.5838717236811941,-0.036605122910471966,7.104608058929443,6.084048748016357,10000.0,9.366635327009753,True,True
1791,0.8674603917664708,0.5010995667478759,1.5574554985827904,0.8674603917664708,0.06337135533810159,11.115654945373535,6.407010078430176,10000.0,26.97311370583209,True,True
1792,0.5517928939635219,0.5061688994694405,0.7741663777936693,0.5517928939635219,-0.001725138284665863,7.85258674621582,7.115520000457764,10000.0,12.283832829490017,True,True
1793,0.635146497164812,0.5190666592389777,1.3294228801025425,0.635146497164812,0.10262053498250946,8.918811798095703,7.021066665649414,10000.0,19.244591160283022,True,True
1794,0.4565981815257929,0.4565981815257929,0.5557329156984676,0.4565981815257929,-0.04062912677313847,5.35324764251709,5.8620991706848145,10000.0,5.149292333123938,True,True
1795,0.6673974704495959,0.47767811041817315,1.3452401115506183,0.6673974704495959,0.09002454854652202,8.781309127807617,6.578770160675049,10000.0,17.90655645010679,True,True
1796,0.5329841453688917,0.483208713913245,0.7046680872465161,0.5329841453688917,-0.02136024960592408,6.5169172286987305,6.113612651824951,10000.0,8.082815427478941,True,True
1797,0.33385183062094925,0.33385183062094925,0.4294714784326373,0.33385183062094925,-0.029527714230078606,4.759950637817383,7.1288371086120605,10000.0,4.196919383835464,True,True
1798,0.410867337306061,0.34155338128946044,0.4735950680856712,0.410867337306061,-0.05933078315609062,5.487296104431152,6.677698135375977,10000.0,5.27953687622815,True,True
1799,0.6503818686396302,0.3724362300244774,1.488986028718774,0.6503818686396302,0.12098173928232323,9.752196311950684,7.497284889221191,10000.0,22.31548073138292,True,True
1800,0.4644159053149802,0.3816341975535277,0.5113965326320317,0.4644159053149802,-0.07372559962927218,6.668280124664307,7.179211616516113,10000.0,7.546227345369523,True,True
1801,0.7905572588113108,0.422526503679306,1.78169796957482,0.7905572588113108,0.11426343680186458,9.431245803833008,5.964935302734375,10000.0,20.505718721764538,True,True
1802,0.607969889524236,0.441070842263799,0.9583176821139431,0.607969889524236,0.01760983214167208,7.540853977203369,6.201667308807373,10000.0,11.736134815975312,True,True
1803,0.6577356218162428,0.4627373202190434,0.7155861950851727,0.6577356218162428,-0.08031750839919659,8.243585586547852,6.266640663146973,10000.0,11.671365114416353,True,True
1804,0.6195776877321769,0.47842135697035676,1.0504333995324173,0.6195776877321769,0.03440591361661595,7.877847671508789,6.357433319091797,10000.0,13.236487414834983,True,True
1805,0.5231052287612771,0.4828897441494488,0.7057007692317323,0.5231052287612771,-0.025731408978427236,7.1357316970825195,6.820550918579102,10000.0,9.578992226694204,True,True
1806,0.6583971614375934,0.5004404858782632,0.7423341297961568,0.6583971614375934,-0.07400785157341538,9.123443603515625,6.928525924682617,10000.0,14.306291231197875,True,True
1807,0.4193462758712388,0.4193462758712388,0.6294782077633855,0.4193462758712388,-0.00021166470762218323,5.02897834777832,5.996212005615234,10000.0,5.055448078299655,True,True
1808,0.5541532779067349,0.4328269760747884,0.7395766223967973,0.5541532779067349,-0.03166517873987163,7.279632091522217,6.5682477951049805,10000.0,9.943285959546081,True,True
1809,0.37561434557744094,0.37561434557744094,0.46120484111834686,0.37561434557744094,-0.05453315942583699,4.814798355102539,6.409231185913086,10000.0,4.004355067251243,True,True
1810,0.4995513081851017,0.38800804183820703,0.6419666965742631,0.4995513081851017,-0.04361230483007516,5.8673624992370605,5.8726325035095215,10000.0,6.302112075934232,True,True
1811,0.6319547022665015,0.41240270788103645,1.0324699002921445,0.6319547022665015,0.017558586022589646,7.949214458465576,6.28938627243042,10000.0,13.000031242541255,True,True
1812,0.48251585068307595,0.41941402216124035,0.7577275265185046,0.48251585068307595,0.006308157920741455,7.991394519805908,8.280965805053711,10000.0,12.947562324781941,True,True
1813,0.5733802884847315,0.4348106487935895,1.2852613040552465,0.5733802884847315,0.09948194859149873,7.311069488525391,6.375410556793213,10000.0,12.70654701211059,True,True
1814,0.9930825828588322,0.49063784220011375,1.7686156529803136,0.9930825828588322,0.036892043830573255,11.443241119384766,5.761475086212158,10000.0,27.382927252316804,True,True
1815,0.6035825286366747,0.5019323108437699,0.8271699650985062,0.6035825286366747,-0.03197403132466085,8.643712043762207,7.160339832305908,10000.0,13.94946063856964,True,True
1816,0.6359526160649981,0.5153343413658927,1.3966834214340238,0.6359526160649981,0.09063216689427221,10.184425354003906,8.007220268249512,10000.0,24.553317853384556,True,True
1817,0.7789349125971812,0.5416943984890216,1.20031585297347,0.7789349125971812,-0.0036201707899543973,10.254104614257812,6.582131862640381,10000.0,20.89697504056211,True,True
1818,0.7770039798702764,0.565225356627147,1.2292058549004865,0.7770039798702764,0.002160852365093402,11.894881248474121,7.654324531555176,10000.0,28.408842268931764,True,True
1819,0.5922544848622768,0.56792826945066,1.4789090257750812,0.5922544848622768,0.12326017058595194,8.011844635009766,6.763853073120117,10000.0,16.63145575864391,True,True
1820,0.3386387151699121,0.3386387151699121,0.47460060056653963,0.3386387151699121,-0.031177934327040132,4.896977424621582,7.230386257171631,10000.0,4.422248099951929,True,True
1821,0.5284227135945713,0.35761711501237803,0.5284227135945713,0.6769466673152562,-0.19891530639253036,8.945058822631836,6.606915473937988,10000.0,11.798759879920937,True,True
1822,0.5797799509528855,0.3798333986064288,0.5995330219762665,0.5797799509528855,-0.11505349810806582,7.0640549659729,6.092013835906982,10000.0,8.09952473086556,True,True
1823,0.7800447186556846,0.41985453061135436,1.3617799236775983,0.7800447186556846,0.02265692137566171,10.214744567871094,6.547537803649902,10000.0,21.50441831402857,True,True
1824,0.49768141507823216,0.42763721905804214,1.0843179066580693,0.49768141507823216,0.08004098618019338,5.982197284698486,6.010066986083984,10000.0,8.387968212191101,True,True
1825,0.692657562635646,0.4541392534158025,1.2974979226011338,0.692657562635646,0.038985042217388896,8.92361068725586,6.441574573516846,10000.0,16.943865375254553,True,True
1826,0.5195050674327667,0.46067583481749896,0.9269976151716218,0.5195050674327667,0.025363507068305074,6.208341598510742,5.975246429443359,10000.0,8.142148240682253,True,True
1827,1.0,0.5146082513357491,2.1979589738532166,1.2818545463806097,0.014072667399953396,14.784808158874512,5.766960144042969,10000.0,44.3355803886156,True,True
1828,0.7474005844508511,0.5378874846472592,1.168061939245099,0.7474005844508511,-0.010821168559281285,11.295869827270508,7.5567708015441895,10000.0,25.022489336616943,True,True
1829,0.4132864329719233,0.4132864329719233,1.1343638392439082,0.4132864329719233,0.13944886933810785,6.17291784286499,7.4680867195129395,10000.0,10.27782657415693,True,True
1830,0.7471947642072467,0.44667726609545566,1.1512794438408178,0.7471947642072467,-0.016418041683691258,10.566641807556152,7.07087516784668,10000.0,21.78285346479666,True,True
1831,0.6634858525310796,0.46835812473901806,1.262447751955913,0.6634858525310796,0.03713585476093199,9.754246711730957,7.350757122039795,10000.0,20.27615433405667,True,True
1832,1.0,0.5215223122651163,1.2915551890429706,1.0356707831120122,-0.07378852617336408,14.310956001281738,6.909027576446533,10000.0,37.15575680785537,True,True
1833,0.9504789790243722,0.5644179789410418,1.9188294616057484,0.9504789790243722,0.050643373539351236,12.053250312805176,6.340619087219238,10000.0,31.240705126829937,True,True
1834,0.7351424003311235,0.58149042108005,1.547905464188552,0.7351424003311235,0.0607425457244924,9.322876930236816,6.340864658355713,10000.0,19.471223653033434,True,True
1835,0.6246480094379054,0.5858061799158356,1.030771993053152,0.6246480094379054,-0.0035188052245854716,7.867146968841553,6.297264099121094,10000.0,12.276278512477205,True,True
1836,0.9266461019144506,0.6198901721156971,0.9457696662516567,0.9266461019144506,-0.1334748613237202,11.473081588745117,6.190649032592773,10000.0,20.449661181039687,True,True
1837,0.568920884101217,0.568920884101217,0.9195072252538385,0.568920884101217,-0.0107619703221395,7.430525302886963,6.530367851257324,10000.0,10.745442502190478,True,True
1838,0.756260881010356,0.5876548837921308,1.5854446514740408,0.756260881010356,0.05563396156676922,11.573020935058594,7.6514739990234375,10000.0,29.682000131673888,True,True
1839,0.5141945938085571,0.5141945938085571,1.230697400894101,0.5141945938085571,0.09006494678288003,6.501590728759766,6.322111129760742,10000.0,10.357689763455419,True,True
1840,0.6170906737235871,0.5244842018000602,1.0190225446317223,0.6170906737235871,-0.0080510531112312,7.517452239990234,6.091043472290039,10000.0,11.109066165549997,True,True
1841,0.7019592894647007,0.5422317105665242,1.3487921089356445,0.7019592894647007,0.03001282980168005,7.314581871032715,5.210118293762207,10000.0,11.320817569483225,True,True
1842,0.5352729717603341,0.5352729717603341,1.0544330981531167,0.5352729717603341,0.03550570663886171,6.061866760253906,5.662406921386719,10000.0,8.001596130530878,True,True
1843,0.8485354823650012,0.5665992228208008,1.8369091085177303,0.8485354823650012,0.059184262624799616,9.703445434570312,5.7177605628967285,10000.0,20.691889827514103,True,True
1844,0.7838230212005665,0.5883216026587773,1.0501128775127182,0.7838230212005665,-0.06614795597618717,9.86996078491211,6.29603910446167,10000.0,17.064903505358302,True,True
1845,0.600811828814026,0.5895706252743023,1.3690756231272543,0.600811828814026,0.07079597020514235,7.433215141296387,6.185976028442383,10000.0,12.969777573827088,True,True
1846,0.7079842643238369,0.6014119891792558,1.392809398395888,0.7079842643238369,0.031366301441646365,10.704859733581543,7.5600972175598145,10000.0,24.445469402753503,True,True
1847,0.6259898999106507,0.6038697802523952,1.519753278708244,0.6259898999106507,0.0857900348901187,7.970402717590332,6.366239070892334,10000.0,15.33417796807133,True,True
1848,0.32787083988628046,0.32787083988628046,0.6052846068502,0.32787083988628046,0.01313681228972345,4.046734809875488,6.171233177185059,10000.0,3.3827771546430263,True,True
1849,0.4883358810263556,0.34391734400028795,0.7232983354925344,0.4883358810263556,-0.04442216363074873,5.425142288208008,5.554724216461182,10000.0,5.426042138284409,True,True
1850,0.46287647785903163,0.3558132573861623,0.8435922725822891,0.46287647785903163,0.007994850523201683,5.3852620124816895,5.817169666290283,10000.0,5.889324436106779,True,True
1851,1.0,0.4202319316475461,1.9824113268533536,1.089208760258624,0.0067338474420011165,14.22144889831543,6.528339385986328,10000.0,40.71264523553381,True,True
1852,0.510493643074833,0.42925810279027476,0.8190042606641734,0.510493643074833,-0.026489895036146023,5.643581867218018,5.527573108673096,10000.0,6.015281307773851,True,True
1853,0.810869384612367,0.46741923097248395,1.194881145536439,0.810869384612367,-0.04937089924292746,10.211039543151855,6.296352863311768,10000.0,19.3693980476925,True,True
1854,0.6907903098358921,0.48975633885882475,0.9391633115133582,0.6907903098358921,-0.07142620273414681,9.164313316345215,6.633209228515625,10000.0,14.670447954624663,True,True
1855,0.5989658649875204,0.5006772914716944,1.3923320933463024,0.5989658649875204,0.06629852276195163,8.544509887695312,7.132718563079834,10000.0,16.62476761319195,True,True
1856,0.5204810088954629,0.5026576632140712,0.9451917602397577,0.5204810088954629,0.0016263177140823,5.6339874267578125,5.412289142608643,10000.0,6.373290126135682,True,True
1857,0.6719290159022816,0.5195847984828923,1.0202428276698596,0.6719290159022816,-0.045163830685725666,9.158761024475098,6.815274238586426,10000.0,15.311818006843296,True,True
1858,0.6607526093319276,0.5337015795677958,0.8933790418699177,0.6607526093319276,-0.07648233112890217,7.159023284912109,5.417325019836426,10000.0,8.667259610645303,True,True
1859,0.44061637888559974,0.44061637888559974,0.8521777403627802,0.44061637888559974,0.014994709917673925,6.5072712898254395,7.384282112121582,10000.0,8.786388272016502,True,True
1860,0.5455057986011805,0.45110532085715777,0.9890529773438343,0.5455057986011805,-0.0023614512050485936,7.061379909515381,6.472323417663574,10000.0,9.92393095167423,True,True
1861,0.7975782709394457,0.48575261586538654,1.083376691814643,0.7975782709394457,-0.07791410092410345,14.864660263061523,9.318621635437012,10000.0,38.94913172438447,True,True
1862,0.6838096823977786,0.5055583225186258,1.4361628946519511,0.6838096823977786,0.03335497903347177,8.952642440795898,6.5461506843566895,10000.0,17.018216683694718,True,True
1863,0.5589585969577111,0.5108983499625344,1.3778977512746606,0.5589585969577111,0.07408629814319272,6.813080310821533,6.094440937042236,10000.0,10.855240730744015,True,True
1864,0.6871199355073401,0.5285205085170149,1.2068217966956618,0.6871199355073401,-0.013982153863582418,8.81052017211914,6.411195278167725,10000.0,15.107630043409628,True,True
1865,0.6003279182543805,0.5357012494907515,0.9986871680174005,0.6003279182543805,-0.02868664965716025,8.663228988647461,7.215414047241211,10000.0,14.049705182852442,True,True
1866,0.8689643962710036,0.5690275641687766,1.2369439554818058,0.8689643962710036,-0.06988954428995821,10.762871742248535,6.192930221557617,10000.0,20.51712494633371,True,True
1867,0.577681121179948,0.5698929198698938,0.9407073137778786,0.577681121179948,-0.03587737481697007,7.629322052001953,6.603402614593506,10000.0,10.611238846554983,True,True
1868,0.538443206908702,0.538443206908702,1.4754753778358682,0.538443206908702,0.09753014694483529,7.388646125793457,6.861119270324707,10000.0,13.580605670971941,True,True
1869,1.0,0.5845988862178317,1.806807285477512,1.0247686622013645,-0.017343199339967984,12.417926788330078,6.058892726898193,10000.0,30.078147993729488,True,True
1870,0.4049896861461944,0.4049896861461944,0.8695658895655727,0.4049896861461944,0.03175666348241164,5.158770561218262,6.369014739990234,10000.0,5.7451514130393875,True,True
1871,0.9597043952686277,0.4604611570584377,1.8288518935493034,0.9597043952686277,0.0006113869369792417,11.6521635055542,6.070704460144043,10000.0,27.174496703003825,True,True
1872,0.7776742876099177,0.4921824701135857,1.6264780469127829,0.7776742876099177,0.02329120457971394,9.474726676940918,6.091706275939941,10000.0,18.61573214292237,True,True
1873,0.5548235600012676,0.49844657910235385,0.9703689356008633,0.5548235600012676,-0.022814885420146275,5.877069473266602,5.2963409423828125,10000.0,6.5540132383361644,True,True
1874,0.6633762256185035,0.5149395437539688,1.0250693865751082,0.6633762256185035,-0.05531735172539509,9.607606887817383,7.241446495056152,10000.0,16.479429545946985,True,True
1875,0.49709405768360865,0.49709405768360865,0.7561160207806112,0.49709405768360865,-0.060235893519568415,6.454666614532471,6.4923996925354,10000.0,7.077748604851109,True,True
1876,0.6139740781837301,0.5087820597336208,1.9673047901627765,0.6139740781837301,0.13272312609392495,8.567087173461914,6.976749897003174,10000.0,18.71512268117435,True,True
1877,0.5956179008740924,0.5174656438476679,1.5893426966735267,0.5956179008740924,0.08158325738006102,7.804911136627197,6.551944732666016,10000.0,14.342169032551972,True,True
1878,0.7704065864194319,0.5427597381048443,1.1240472453249402,0.7704065864194319,-0.0735982888300003,10.621550559997559,6.893470764160156,10000.0,19.63863341124153,True,True
1879,0.38247764152466224,0.38247764152466224,0.7797016974687955,0.38247764152466224,0.010707276539225903,4.770211219787598,6.235934734344482,10000.0,4.6728046004790045,True,True
1880,0.9048240020303193,0.4347122775752279,1.8644584334568666,0.9048240020303193,0.01254986132542923,11.556890487670898,6.386264324188232,10000.0,27.114994492072654,True,True
1881,0.5032397302243113,0.44156502284013627,1.1317728472421054,0.5032397302243113,0.033748249814573354,6.016027927398682,5.977298259735107,10000.0,7.774389942742687,True,True
1882,0.7727589934080847,0.4746844198969311,2.545095814286707,0.7727589934080847,0.13414542219967115,9.400837898254395,6.082645416259766,10000.0,21.31631177328002,True,True
1883,0.6180750021982836,0.48902347812706637,0.920876823433466,0.6180750021982836,-0.07225333684554809,8.74128246307373,7.071376800537109,10000.0,13.097932819454165,True,True
1884,0.3196979344287071,0.3196979344287071,0.7317942449307759,0.3196979344287071,0.03557300793828727,4.639948844909668,7.256770133972168,10000.0,4.6887529289807155,True,True
1885,0.41990897100099306,0.32971903808593567,0.7761637082980071,0.41990897100099306,-0.01892593945816829,5.787083148956299,6.890878200531006,10000.0,6.449217350914207,True,True
1886,0.41358874670535284,0.3381060089478774,0.9409536198610362,0.41358874670535284,0.03228079704691418,5.004816055297852,6.050474166870117,10000.0,5.340139189333087,True,True
1887,0.3858201390665355,0.34287742195974324,0.8713810385178609,0.3858201390665355,0.029569512436981082,5.484440326690674,7.107509136199951,10000.0,6.411031570310552,True,True
1888,0.7016443906066091,0.37875411882442983,2.378716033255146,0.7016443906066091,0.13597204292010953,9.978401184082031,7.110725402832031,10000.0,23.567810046929978,True,True
1889,0.831894077375495,0.4240681146795363,1.6202055890896196,0.831894077375495,-0.00914995773858337,9.276223182678223,5.5753631591796875,10000.0,17.008985633376923,True,True
1890,0.8443282525454304,0.46609412846612575,1.4215162875754805,0.8443282525454304,-0.04652835897398612,11.124865531921387,6.587997913360596,10000.0,23.163103263776392,True,True
1891,0.5903366219568569,0.47851837781519885,1.2667164941389342,0.5903366219568569,0.013331225688179897,7.336641311645508,6.213947296142578,10000.0,11.056087364710159,True,True
1892,0.5610074906061975,0.4867672890942987,1.4140327423531844,0.5610074906061975,0.05291080023941805,6.699831485748291,5.971249580383301,10000.0,10.007922215898489,True,True
1893,0.9055990725415869,0.5286504674390275,2.695864147609801,0.9055990725415869,0.09518136132420799,11.09688949584961,6.126822471618652,10000.0,28.04922293300558,True,True
1894,0.5792990084137224,0.533715321536497,1.5695988459885701,0.5792990084137224,0.06960218453787992,7.63518762588501,6.590023040771484,10000.0,13.528346638332572,True,True
1895,0.858781967854475,0.5662219861682948,2.1076291334564288,0.858781967854475,0.043513522708871676,12.357309341430664,7.194672107696533,10000.0,32.73113214587782,True,True
1896,0.5899216155460608,0.5685919491060714,1.0543096885214296,0.5899216155460608,-0.03628341309063913,7.633691787719727,6.470089912414551,10000.0,10.635697943599808,True,True
1897,0.7727739381568414,0.5890101480111484,1.6973549686208602,0.7727739381568414,0.014111326180940912,11.115212440490723,7.1917619705200195,10000.0,25.37401102414114,True,True
1898,0.7964159392856335,0.6097507271385968,1.9486381851349435,0.7964159392856335,0.04013990193534034,10.503384590148926,6.594157695770264,10000.0,23.75940307670284,True,True
1899,0.5321322556467039,0.5321322556467039,1.1507958901817992,0.5321322556467039,0.008611185449444038,7.013120651245117,6.5896406173706055,10000.0,10.048537929037352,True,True
1900,0.6418949699266018,0.5431085270746936,2.6334240435100735,0.6418949699266018,0.1786083779171634,8.983182907104492,6.9973931312561035,10000.0,22.237059333999383,True,True
1901,0.6590934124352031,0.5547070156107445,1.3537075980987712,0.6590934124352031,-0.005753106455599163,9.198962211608887,6.978496551513672,10000.0,16.71931662399132,True,True
1902,0.39499685676080737,0.39499685676080737,1.1961476196593863,0.39499685676080737,0.0910505581167586,5.842994213104248,7.396254062652588,10000.0,8.38237576915743,True,True
1903,0.584593307273005,0.4139565018120271,1.469543608044423,0.584593307273005,0.04258127352962825,8.024129867553711,6.863001823425293,10000.0,13.848032893762834,True,True
1904,0.7920441130714558,0.4517652629379699,2.1117621665349784,0.7920441130714558,0.05648295878667665,10.516728401184082,6.638978958129883,10000.0,23.901923535974106,True,True
1905,0.44851037982591085,0.44851037982591085,1.0881323899904394,0.44851037982591085,0.032044267916402455,5.740575790405273,6.399601936340332,10000.0,7.118838854679289,True,True
1906,0.6526824573808157,0.4689275875814013,1.6309627462224805,0.6526824573808157,0.03852537843723691,7.721324920654297,5.915070056915283,10000.0,12.748867585301419,True,True
1907,0.8218837920917973,0.5042232080324409,2.880451372728834,0.8218837920917973,0.12535519583954738,10.73581314086914,6.531223297119141,10000.0,27.483484665472446,True,True
1908,0.5680314517398117,0.510604032403178,1.4300882007838986,0.5680314517398117,0.03867903856044897,7.731605052947998,6.8056135177612305,10000.0,12.994737874121192,True,True
1909,0.7919366191318922,0.5387372910760494,2.3119779740858304,0.7919366191318922,0.07503089357933761,8.616257667541504,5.4399919509887695,10000.0,16.742651478439946,True,True
1910,0.6789447418819009,0.5527580361566345,2.171385956247577,0.6789447418819009,0.09774995912779559,10.505607604980469,7.736717700958252,10000.0,26.465226984354487,True,True
1911,0.38234636740465716,0.38234636740465716,0.8224561823174941,0.38234636740465716,-0.002400898480583459,5.4407572746276855,7.114958763122559,10000.0,5.884832438278007,True,True
1912,0.3898099424483391,0.38309272490902535,0.9452259380549668,0.3898099424483391,0.026070070107193016,5.3537163734436035,6.8670854568481445,10000.0,6.099631487743313,True,True
1913,0.8731763574006429,0.4321010881581871,1.7875488278918514,0.8731763574006429,-0.01605215401047646,11.62585735321045,6.657221794128418,10000.0,26.495281942878847,True,True
1914,0.5687770179639654,0.4457686811387649,1.2103649435888133,0.5687770179639654,-0.007392103402919892,6.773207187652588,5.9541850090026855,10000.0,9.04237651859735,True,True
1915,0.45971839279713966,0.44716365230460237,1.0767601474559765,0.45971839279713966,0.015149702733956473,6.483336448669434,7.051421642303467,10000.0,8.71643361334867,True,True
1916,0.5661195415588495,0.45905924123002706,1.5256533394812162,0.5661195415588495,0.04871504148776144,6.165682315826416,5.445565700531006,10000.0,8.353982477218604,True,True
1917,0.7654717071202543,0.48970048781904973,1.0008892664796432,0.7654717071202543,-0.1338519290991589,11.163331031799316,7.2917985916137695,10000.0,19.588387336102045,True,True
1918,0.5035489984105128,0.49108533887819605,1.393944164013797,0.5035489984105128,0.05364745074676595,6.505931854248047,6.460078239440918,10000.0,9.572699381125965,True,True
1919,0.8928218948959767,0.5312589944799742,1.9402489206975795,0.8928218948959767,-0.006192543892529996,10.885876655578613,6.096331596374512,10000.0,23.48213514585079,True,True
1920,0.5340954543141031,0.5315426404633871,0.8429531199872596,0.5340954543141031,-0.08599576518977563,8.066017150878906,7.551100730895996,10000.0,10.228028143430855,True,True
1921,0.5102783095650584,0.5102783095650584,1.9349237190326667,0.5102783095650584,0.13255610325247685,6.835045337677002,6.6973700523376465,10000.0,12.43993668102675,True,True
1922,0.43516844887603207,0.43516844887603207,0.876863680164906,0.43516844887603207,-0.026786721217015416,5.637396812438965,6.477258205413818,10000.0,5.930404311853188,True,True
1923,0.39949795565074375,0.39949795565074375,0.8534640567405918,0.39949795565074375,-0.013399202539641523,5.066276550292969,6.340804100036621,10000.0,4.961471891917103,True,True
1924,0.5182007899098847,0.4113682390766578,1.1553464818257002,0.5182007899098847,-0.0038793667962939834,5.888971328735352,5.682132720947266,10000.0,6.882596519696097,True,True
1925,0.5868765491672336,0.4289190700857154,1.1993846691667613,0.5868765491672336,-0.025615189003920503,7.46954345703125,6.363811492919922,10000.0,10.63655887246842,True,True
1926,0.7793960122454249,0.4639667643016863,1.6848462331539462,0.7793960122454249,-0.012835008767159284,9.673056602478027,6.205482482910156,10000.0,18.35614902667679,True,True
1927,0.4481465269637139,0.4481465269637139,1.0020582175128137,0.4481465269637139,-0.005486449867855655,6.126855850219727,6.83577299118042,10000.0,7.404696349585482,True,True
1928,0.5126445347355986,0.45459632774090236,1.626045726513046,0.5126445347355986,0.07883326843624448,6.81693696975708,6.648795127868652,10000.0,10.918431320168217,True,True
1929,0.5772555537966334,0.4668622503464755,1.2890964213667395,0.5772555537966334,-0.00731716539353637,7.302950859069824,6.325578689575195,10000.0,10.50880979360386,True,True
1930,0.5473800626263665,0.4749140315744646,1.3242806529335296,0.5473800626263665,0.011057165821157452,7.298733711242676,6.666970729827881,10000.0,10.909828636763486,True,True
1931,0.43403424455643924,0.43403424455643924,1.0204130913310008,0.43403424455643924,0.0034406209857264294,5.480930328369141,6.313937664031982,10000.0,6.059798607573217,True,True
1932,0.7406985513880309,0.46470067523959835,1.8830753863109184,0.7406985513880309,0.021342336131320125,9.030791282653809,6.096131324768066,10000.0,16.857041677422913,True,True
1933,0.7232390235338291,0.4905545100690214,3.4570007114021837,0.7232390235338291,0.18582754114263225,8.925904273986816,6.1707844734191895,10000.0,20.955350357143125,True,True
1934,0.4123342601523009,0.4123342601523009,1.2152510632888336,0.4123342601523009,0.055360692033344594,4.913751125335693,5.958456039428711,10000.0,5.497330598272555,True,True
1935,0.46482780323636314,0.41758361446070713,1.2130719482559942,0.46482780323636314,0.025215119419419608,5.955804824829102,6.406463623046875,10000.0,7.496079081411704,True,True
1936,0.5625576396733447,0.4320810169819709,1.0948686764618205,0.5625576396733447,-0.045451852439103005,6.643420219421387,5.904657363891602,10000.0,8.056629634585654,True,True
1937,0.6833029935089083,0.4572032146346646,1.5370892562696246,0.6833029935089083,-0.011589773948839999,8.858017921447754,6.481764316558838,10000.0,15.388657897604276,True,True
1938,0.8641982733327547,0.49790272050447365,2.5002415520142938,0.8641982733327547,0.04750043955581705,10.387704849243164,6.010024070739746,10000.0,23.057397669089696,True,True
1939,0.9456187835996539,0.5426743268139916,2.6726523955875514,0.9456187835996539,0.04105968729203621,12.986835479736328,6.86684513092041,10000.0,35.71865985601053,True,True
1940,0.5801217040714033,0.5464190645397328,1.5270699176524545,0.5801217040714033,0.023310824014651642,7.741200923919678,6.672049045562744,10000.0,12.643124946373533,True,True
1941,0.8295329276321747,0.574730450848977,1.321482052338222,0.8295329276321747,-0.09849200148307584,10.833501815795898,6.529880523681641,10000.0,19.468535595131385,True,True
1942,0.5899299138128439,0.5762503971453636,1.1223718597169157,0.5899299138128439,-0.05517183514871851,8.623700141906738,7.309088706970215,10000.0,12.869696982712654,True,True
1943,0.6028366175064688,0.5789090191814741,1.7934931006477925,0.6028366175064688,0.05006718989472079,8.468385696411133,7.023781776428223,10000.0,16.066702966808812,True,True
1944,1.0,0.6210181172633267,3.392548374461323,1.2005571469688774,0.03695340818522255,15.327058792114258,6.383310794830322,10000.0,49.22899044209473,True,True
1945,0.5306129706994921,0.5306129706994921,1.878485569891945,0.5306129706994921,0.09096986789685915,6.81552791595459,6.42231559753418,10000.0,11.403123960308982,True,True
1946,0.45000187105642037,0.45000187105642037,1.042420705677053,0.45000187105642037,-0.011304322933520392,5.8832173347473145,6.536880970001221,10000.0,6.726815237280107,True,True
1947,0.5692209892603178,0.46192378287681013,1.4166382385916314,0.5692209892603178,0.004735204738432554,7.259816646575928,6.3769755363464355,10000.0,10.642250244890455,True,True
1948,0.5405313920181395,0.46978454379094303,1.297126010687987,0.5405313920181395,-0.004514686157729015,6.26745080947876,5.797490119934082,10000.0,7.779122919563246,True,True
1949,1.0,0.5228060894118487,3.0517514432421224,1.04004094139581,0.04184604008446393,13.312860488891602,6.4001617431640625,10000.0,37.31049992268271,True,True
1950,0.676183457219402,0.538143826192604,2.0461156759556904,0.676183457219402,0.04833244544107756,7.494268417358398,5.5415940284729,10000.0,12.313004134669718,True,True
1951,0.9180855791242086,0.5761380014857644,2.8761865178628203,0.9180855791242086,0.05577360793844216,12.308451652526855,6.703324794769287,10000.0,32.95083583410285,True,True
1952,0.5167692480912339,0.5167692480912339,1.2524300031802276,0.5167692480912339,-0.00514494826170018,6.5831403732299805,6.369516372680664,10000.0,8.556062226961316,True,True
1953,0.5352138962934363,0.5186137129114542,0.976513248398776,0.5352138962934363,-0.07283458193560648,6.525300979614258,6.095974922180176,10000.0,7.013372978302733,True,True
1954,0.2979287049283061,0.2979287049283061,0.5850223059197504,0.2979287049283061,-0.0558413501822552,4.592406749725342,7.707224369049072,10000.0,3.6291873360203937,True,True
1955,1.0,0.3681358344354755,2.553188355603288,1.5432353706283113,-0.0983190253869228,22.347475051879883,7.240462303161621,10000.0,94.02539764196104,True,True
1956,0.38273958600858315,0.3695962095927863,0.9752866901710177,0.38273958600858315,0.0035254963036410194,4.95302677154541,6.470491886138916,10000.0,4.94825438363889,True,True
1957,0.9742699191391422,0.43006358054742183,3.8007131115736006,0.9742699191391422,0.10420944098268853,11.89525318145752,6.104701042175293,10000.0,31.5538612965059,True,True
1958,0.7820170880438787,0.4652589312970675,2.4975830537693753,0.7820170880438787,0.054529449280482874,11.303170204162598,7.226933002471924,10000.0,27.62476255360535,True,True
1959,0.7405035166330277,0.49278338983066355,2.166475269437722,0.7405035166330277,0.03318912731561049,12.561094284057617,8.481454849243164,10000.0,33.29862539028316,True,True
1960,0.6191715434787808,0.5054222051954753,1.4579419613099356,0.6191715434787808,-0.017547779579045058,7.506198406219482,6.061485290527344,10000.0,10.865073128855485,True,True
1961,0.9860578511317892,0.5534857697891067,2.091097661802876,0.9860578511317892,-0.04245705062110633,12.1748046875,6.173473834991455,10000.0,27.878941238260737,True,True
1962,0.3661060935644948,0.3661060935644948,1.1670136659859833,0.3661060935644948,0.050786120852614365,4.7847418785095215,6.534638404846191,10000.0,5.160093468930377,True,True
1963,0.7641072167130625,0.40590620587935156,2.0473333479684737,0.7641072167130625,0.009895482744846853,7.8492608070373535,5.136229991912842,10000.0,12.484112243769943,True,True
1964,0.7677981936372432,0.4420954046551407,1.9059132616406622,0.7677981936372432,-0.008276663162491373,10.786175727844238,7.02409553527832,10000.0,22.991094414912922,True,True
1965,0.772411579720085,0.4751270221616351,2.8320551258705757,0.772411579720085,0.08152227227992956,10.26651668548584,6.645755290985107,10000.0,23.723007081343283,True,True
1966,0.48401211149039336,0.47601553109451095,1.1974489847284318,0.48401211149039336,-0.01045673736722554,6.553998947143555,6.770490646362305,10000.0,8.370106828076786,True,True
1967,0.873534241156739,0.5157674021007338,2.2553459951699018,0.873534241156739,-0.001464069808215366,11.305305480957031,6.471014499664307,10000.0,25.506744281923133,True,True
1968,0.4828934519459032,0.4828934519459032,1.2075536639169295,0.4828934519459032,-0.00942973106753309,6.1830902099609375,6.402126789093018,10000.0,7.465868749200965,True,True
1969,1.0,0.5346041067513129,4.0158497601663745,1.1789530206043726,0.06055744784885914,14.380931854248047,6.099026679992676,10000.0,44.20177644035007,True,True
1970,0.7513470560751382,0.5562784016836954,4.940866657357335,0.7513470560751382,0.23828912029738714,9.454668045043945,6.291811466217041,10000.0,25.763452782764503,True,True
1971,0.9609482613952539,0.5967453876548512,4.587664017197275,0.9609482613952539,0.14254952955286415,11.462559700012207,5.964191913604736,10000.0,32.09356862637608,True,True
1972,0.4613212210822676,0.4613212210822676,1.963919157905123,0.4613212210822676,0.1118507674621616,5.711775779724121,6.190670967102051,10000.0,8.349407625105574,True,True
1973,0.4103133897761771,0.4103133897761771,1.0858629837977496,0.4103133897761771,-0.00016595141560018676,6.225628852844238,7.586431503295898,10000.0,7.748474912468552,True,True
1974,0.3556668917776983,0.3556668917776983,1.206068425680117,0.3556668917776983,0.05537891020979473,4.892982006072998,6.878602027893066,10000.0,5.45117538379494,True,True
1975,0.5267199349766646,0.3727721960975949,1.0950359567558765,0.5267199349766646,-0.05630641801065582,7.213497161865234,6.847564220428467,10000.0,9.370135945954395,True,True
1976,0.5424000647624135,0.3897349829640767,3.077206321209906,0.5424000647624135,0.18488362794799004,7.993630886077881,7.3687591552734375,10000.0,17.023929135073033,True,True
1977,0.7307671922407872,0.42383820389174776,2.9552358438841817,0.7307671922407872,0.09444382759839971,9.21737003326416,6.306639194488525,10000.0,19.318887257279627,True,True
1978,0.34522781665843516,0.34522781665843516,0.9698197430799175,0.34522781665843516,0.009635751490745368,5.256924629211426,7.613703727722168,10000.0,5.660194543726071,True,True
1979,0.9449817738604165,0.4052032123786333,1.997016315196197,0.9449817738604165,-0.05509831511272613,11.496874809265137,6.083119869232178,10000.0,24.874214571529635,True,True
1980,0.7181001113943878,0.43649290228020876,1.1461491410189415,0.7181001113943878,-0.12320285687754184,8.835044860839844,6.1516804695129395,10000.0,12.688794155097021,True,True
1981,0.40728969561487627,0.40728969561487627,1.3600842408106433,0.40728969561487627,0.04622135822456123,5.116047382354736,6.280600070953369,10000.0,5.8396857110598965,True,True
1982,0.4350896866852817,0.4100696947219168,1.1068388753407596,0.4350896866852817,-0.01525811972171684,5.154248237609863,5.923202037811279,10000.0,5.122234218053023,True,True
1983,1.0,0.4690627252497251,3.461011587461633,1.1216046554929087,0.026915205672334228,13.540393829345703,6.036170482635498,10000.0,37.70031453471705,True,True
1984,0.6107613457798828,0.4832325873027409,1.8848975602618665,0.6107613457798828,0.02619342539169298,7.977663516998291,6.530917167663574,10000.0,13.388098134500801,True,True
1985,0.7561695713206043,0.5105262857045272,3.4146563074093166,0.7561695713206043,0.11396961415540428,9.920594215393066,6.559768199920654,10000.0,23.470097842825467,True,True
1986,0.7133995804591249,0.5308136151799869,4.069440829144143,0.7133995804591249,0.17450055703979772,10.472003936767578,7.339508056640625,10000.0,29.051845845410753,True,True
1987,0.769948891572432,0.5547271428192314,2.1535763572401985,0.769948891572432,0.00226769335163878,9.2156400680542,5.984579086303711,10000.0,17.05498254565198,True,True
1988,0.778247636918937,0.577079192229202,1.473955116474148,0.778247636918937,-0.08616140745394944,9.622289657592773,6.182023048400879,10000.0,15.559970371169669,True,True
1989,0.61675268305531,0.5810465413118128,1.885824687859309,0.61675268305531,0.02044078294824915,8.410072326660156,6.818026542663574,10000.0,14.826894283316477,True,True
1990,0.6550351948429778,0.5884454066649293,1.5927006699533528,0.6550351948429778,-0.030592417096278992,7.957625389099121,6.074196815490723,10000.0,11.794613983600158,True,True
1991,0.705922966785644,0.6001931626770007,2.2792911599879457,0.705922966785644,0.030965288217103183,8.660543441772461,6.1341986656188965,10000.0,15.98834804337848,True,True
1992,0.5558762324157233,0.5558762324157233,1.8432709217371006,0.5558762324157233,0.03609448829482328,7.468443393707275,6.717721462249756,10000.0,12.162162153416297,True,True
1993,0.5128837263554864,0.5128837263554864,1.4308927388558246,0.5128837263554864,-0.0024540628438323928,7.216744899749756,7.035459041595459,10000.0,10.352375866789941,True,True
1994,1.0,0.5615953537199377,3.479596417048422,1.1663777586461623,0.011439289077057066,15.818416595458984,6.78100061416626,10000.0,50.73355609039294,True,True
1995,0.8160163353197307,0.587037451879917,2.445505878900468,0.8160163353197307,0.011721447187580045,9.457101821899414,5.794676780700684,10000.0,18.26443569253803,True,True
1996,1.0,0.6283337066919252,3.0957541693907866,1.193408362201215,-0.020309291818438793,12.359809875488281,5.178365707397461,10000.0,29.736229085860856,True,True
1997,0.51954061842962,0.51954061842962,1.0575271359433671,0.51954061842962,-0.07481054350059212,7.366852760314941,7.089775562286377,10000.0,8.82410038505747,True,True
1998,0.4562657835839245,0.4562657835839245,1.058008676300278,0.4562657835839245,-0.0461482071986379,6.025601863861084,6.603170871734619,10000.0,6.423803830022383,True,True
1999,0.4056905740209395,0.4056905740209395,1.1769609771220024,0.4056905740209395,0.0018958596100628231,5.327730178833008,6.566248416900635,10000.0,5.703848483223659,True,True
2000,0.42319883664560753,0.4074414002834063,0.8952185474238702,0.42319883664560753,-0.06785606662656127,5.78444766998291,6.834196090698242,10000.0,5.599009733952258,True,True
2001,1.0,0.46669726025506564,3.2696728005955484,1.1420938427065164,-0.002327952738341568,14.813703536987305,6.485326766967773,10000.0,43.78478546934244,True,True
2002,0.7515982252371819,0.49518735675327724,2.5010065439103792,0.7515982252371819,0.02934760402481277,10.086986541748047,6.710358142852783,10000.0,21.33312930172565,True,True
2003,0.34929041997663796,0.34929041997663796,0.8724514674459096,0.34929041997663796,-0.033018812682668756,4.842496871948242,6.931906223297119,10000.0,4.3028133111141855,True,True
2004,0.44270199957995143,0.3586315779369693,2.7362323671653734,0.44270199957995143,0.17553573297843897,5.901985168457031,6.665866851806641,10000.0,9.4433596003595,True,True
2005,0.5955428991668499,0.3823227100599574,1.5558837315479788,0.5955428991668499,-0.024599989986113416,9.009480476379395,7.564090251922607,10000.0,15.593201638765564,True,True
2006,0.5178639695779594,0.39587683601175755,1.3905967000165549,0.5178639695779594,-0.019360510860059223,7.111691951751709,6.866370677947998,10000.0,9.740969319306494,True,True
2007,0.4494049931052186,0.40122965172110364,1.2474114205254063,0.4494049931052186,-0.012942365920403513,5.58329439163208,6.211874008178711,10000.0,6.0545327028707945,True,True
2008,0.433593589203069,0.4044660454693002,1.4767242191462802,0.433593589203069,0.029918955385948725,7.6344685554504395,8.803714752197266,10000.0,12.470364154049335,True,True
2009,0.5925182454050512,0.4232712654628753,2.086442022913771,0.5925182454050512,0.03633305750061164,8.226463317871094,6.941949367523193,10000.0,14.41318404447739,True,True
2010,1.0,0.48094413891658777,5.611080391483556,1.1717050801456779,0.10423490404556156,15.082077980041504,6.435953140258789,10000.0,50.35992457458457,True,True
2011,0.702938915310438,0.5031436165559728,3.0581040081819477,0.702938915310438,0.0811796312949979,9.092154502868652,6.467243671417236,10000.0,18.935189624416452,True,True
2012,0.495409272970622,0.495409272970622,1.490971441409202,0.495409272970622,0.0008654779558782727,6.675180912017822,6.73703670501709,10000.0,8.930890042412067,True,True
2013,0.7441409306919846,0.5202824387427583,3.5457671918926277,0.7441409306919846,0.10025417481704595,9.082015037536621,6.102348804473877,10000.0,19.387418282110715,True,True
2014,0.7140642419038099,0.5396606190588634,4.646760032323692,0.7140642419038099,0.17773032080459603,8.663047790527344,6.066014289855957,10000.0,20.04997945944819,True,True
2015,0.5796528705216502,0.5436598442051421,2.2647654896118063,0.5796528705216502,0.05410856736232297,7.471737861633301,6.445010662078857,10000.0,12.581945025208128,True,True
2016,0.5187424225283048,0.5187424225283048,1.7420232951168912,0.5187424225283048,0.021136829790022345,6.852291584014893,6.604714870452881,10000.0,9.887008286107658,True,True
2017,0.5881967821860705,0.5256878584940814,1.6139101515551941,0.5881967821860705,-0.021808459467107456,9.106050491333008,7.740649700164795,10000.0,15.775939862354122,True,True
2018,0.4117937015189797,0.4117937015189797,1.2493315292454787,0.4117937015189797,-0.0014640191922936287,4.754344463348389,5.772726058959961,10000.0,4.504212063110838,True,True
2019,0.49948741349209247,0.42056307271629095,1.8897312370956623,0.49948741349209247,0.044093254214179346,6.331343173980713,6.337840557098389,10000.0,8.761296951347944,True,True
2020,0.5268922018612852,0.43119598563079037,2.6050033664621353,0.5268922018612852,0.10229146599039338,6.542570114135742,6.20864200592041,10000.0,10.352719253992824,True,True
2021,0.47256255244800677,0.435332642312512,1.7815342912928087,0.47256255244800677,0.04181930688502494,5.341446399688721,5.651576042175293,10000.0,6.255784352269622,True,True
2022,0.6971662941463213,0.46151600749589294,2.1118417004079624,0.6971662941463213,-0.004423762799480027,8.122269630432129,5.825202465057373,10000.0,13.097655036003204,True,True
2023,0.5219018013600571,0.46755458688230933,1.1446588306601642,0.5219018013600571,-0.07314799554729792,7.207989692687988,6.905503749847412,10000.0,8.688691038406326,True,True
2024,0.5476810531639745,0.4755672335104758,3.0476949702382665,0.5476810531639745,0.12631803438125555,7.84637451171875,7.163269996643066,10000.0,15.689547717601187,True,True
2025,0.671319828085122,0.49514249296794044,2.016601658607554,0.671319828085122,-0.008099970726121005,9.343207359313965,6.958834648132324,10000.0,17.198341641291535,True,True
2026,1.0,0.5456282436711464,4.211299094401269,1.0750316985183215,0.04609391644271496,13.702178001403809,6.372918128967285,10000.0,39.746118748582745,True,True
2027,1.0,0.5910654193040317,6.5653501331657935,1.0269560711373968,0.15772270784559653,14.174982070922852,6.901454925537109,10000.0,49.30598369095361,True,True
2028,0.6336043150225725,0.5953193088758858,1.965955581197728,0.6336043150225725,-0.0034064047044470615,8.148441314697266,6.4302287101745605,10000.0,13.173164710209107,True,True
2029,0.6461278983097503,0.6004001678192723,2.5192991412922234,0.6461278983097503,0.0428299589947913,7.584210395812988,5.868969917297363,10000.0,12.648667856081289,True,True
2030,0.4741005224537679,0.4741005224537679,1.4767489006539047,0.4741005224537679,-0.003917472981869845,5.636251926422119,5.94415283203125,10000.0,6.291243315811069,True,True
2031,0.933967105885181,0.5200871807969092,3.8791820849896994,0.933967105885181,0.054512166860142194,11.220013618469238,6.006642818450928,10000.0,27.088451164001555,True,True
2032,0.7862873302656297,0.5467071957437812,3.8727669895874093,0.7862873302656297,0.0904264727834265,10.488653182983398,6.669733047485352,10000.0,25.460795681055245,True,True
2033,0.37442026203432055,0.37442026203432055,1.2099602705249157,0.37442026203432055,0.0015876511398781868,5.079993724822998,6.783812522888184,10000.0,5.18175297842533,True,True
2034,0.5632619940927716,0.3933044352401656,0.9122535482498727,0.5632619940927716,-0.1496530310374108,7.181247711181641,6.374695777893066,10000.0,7.619591380705536,True,True
2035,0.9303009050830094,0.44700408222445,1.6239555907406165,0.9303009050830094,-0.13173719693446737,12.807307243347168,6.883421897888184,10000.0,27.614052067950382,True,True
2036,1.0,0.502303674002005,3.602294084122164,1.0702740774905652,0.007809619059035072,13.477157592773438,6.296124458312988,10000.0,36.65962011352394,True,True
2037,0.6072267776302516,0.5127959843648298,1.6941938450450647,0.6072267776302516,-0.030617911894224095,8.624934196472168,7.101905345916748,10000.0,13.916173091579928,True,True
2038,1.0,0.5615163859283467,5.174401396519143,1.007594691408405,0.09425359764715983,10.730445861816406,5.324782848358154,10000.0,26.05248151172627,True,True
2039,0.48006100650587674,0.48006100650587674,1.8534864693712705,0.48006100650587674,0.033396766877142235,6.9934210777282715,7.28388786315918,10000.0,10.598271182181989,True,True
2040,0.5616804232764885,0.4882229481829379,1.7175557069012333,0.5616804232764885,-0.01398683072935243,7.490901947021484,6.668295383453369,10000.0,10.881618680737013,True,True
2041,0.6512399580310192,0.504524649167746,1.6869380357989288,0.6512399580310192,-0.04807126409082958,9.877589225769043,7.583678722381592,10000.0,17.696588512463066,True,True
2042,0.7727547409504191,0.5313476583460133,2.0346897559664554,0.7727547409504191,-0.04530109608427557,10.117128372192383,6.546144485473633,10000.0,18.877103097037022,True,True
2043,0.7189600282741416,0.5501088953388261,2.838030127275142,0.7189600282741416,0.03495843380210537,9.936763763427734,6.9105119705200195,10000.0,21.068407779500518,True,True
2044,0.43492591445939666,0.43492591445939666,2.3031285303931965,0.43492591445939666,0.09553671499712739,5.309378623962402,6.103773593902588,10000.0,6.984466453789853,True,True
2045,0.5523444677399573,0.4466677697874527,1.7875534788537417,0.5523444677399573,-0.0058540274678877055,7.284059524536133,6.5937652587890625,10000.0,10.485917153100587,True,True
2046,0.47428003853015077,0.4494289966617225,2.1964689655375924,0.47428003853015077,0.0652315266964479,6.331592559814453,6.674951553344727,10000.0,9.256836844256817,True,True
2047,0.6866805554033903,0.4731541525358892,3.1020003940887504,0.6866805554033903,0.059292267635720236,8.906219482421875,6.48498010635376,10000.0,17.48447642620637,True,True
2048,0.540283540979354,0.4798670913802357,2.005309494421747,0.540283540979354,0.019163168056543077,8.549154281616211,7.911729335784912,10000.0,15.239596997806515,True,True
2049,0.5008150745271408,0.4819618896949262,1.1916994484869112,0.5008150745271408,-0.0699534430048795,5.251813888549805,5.243266582489014,10000.0,4.587914253766776,True,True
2050,0.5579736978317031,0.48956307050860387,1.511397021351789,0.5579736978317031,-0.0441005440011357,7.4307684898376465,6.658708572387695,10000.0,9.975005623533157,True,True
2051,0.44201052547892,0.44201052547892,2.1896872771615885,0.44201052547892,0.07509602280379403,5.577853679656982,6.309638977050781,10000.0,7.39070102444116,True,True
2052,0.5668429404616889,0.4544937669771969,3.5555824210107883,0.5668429404616889,0.12590479605285845,7.198118686676025,6.349306106567383,10000.0,12.97784615491824,True,True
2053,0.5615269482741991,0.4651970851068971,2.827319245566517,0.5615269482741991,0.07678684254899991,6.623776435852051,5.898004055023193,10000.0,10.170397913462011,True,True
2054,0.6567407316922742,0.4843514497654348,2.967113042402258,0.6567407316922742,0.05380263665260879,8.367687225341797,6.370616912841797,10000.0,15.392794133150865,True,True
2055,0.4769285778586364,0.4769285778586364,1.7608677637997212,0.4769285778586364,0.013399508129907894,5.67905855178833,5.95378303527832,10000.0,6.666419705535311,True,True
2056,0.5764497316958254,0.4868806932423553,1.4513315626277137,0.5764497316958254,-0.0620933080301476,6.89691162109375,5.982231616973877,10000.0,8.26613687323536,True,True
2057,0.5265202725050798,0.49084465116862774,2.517943139746621,0.5265202725050798,0.06288655072312911,9.33658504486084,8.866311073303223,10000.0,19.989610896497297,True,True
2058,0.49659351689817416,0.49141953774158237,2.074188893704077,0.49659351689817416,0.03526824274273286,7.64140510559082,7.693822860717773,10000.0,12.697161521052195,True,True
2059,1.0,0.5422775839674241,8.943650654471865,1.1140491660737557,0.17855145229425107,13.891740798950195,6.23479700088501,10000.0,46.98226956579509,True,True
2060,1.0,0.5880498255706816,7.942909493388519,1.150112573166047,0.13992356441153633,12.63460922241211,5.492770671844482,10000.0,37.636961381216864,True,True
2061,0.5592667122427601,0.5592667122427601,1.3394212592007335,0.5592667122427601,-0.07487618470504077,7.609803676605225,6.803376197814941,10000.0,9.413815716318425,True,True
2062,0.41771157909255624,0.41771157909255624,1.3881980506930478,0.41771157909255624,-0.011239623542996442,4.8290205001831055,5.780328750610352,10000.0,4.53283694049032,True,True
2063,0.45200138008413215,0.42114055919171384,1.9271609274002524,0.45200138008413215,0.03564753452530555,5.762136936187744,6.374025821685791,10000.0,7.191828162414165,True,True
2064,0.5924020457663871,0.43826670784918115,2.4329646840406642,0.5924020457663871,0.027741662315489506,7.250854015350342,6.119875907897949,10000.0,11.054490816669308,True,True
2065,0.7762438166114416,0.4720644187254072,4.166425680793201,0.7762438166114416,0.0797100117312888,9.275712966918945,5.9747419357299805,10000.0,19.293128068430548,True,True
2066,0.46501832267788035,0.46501832267788035,2.301830015143112,0.46501832267788035,0.06254658359001182,5.60956335067749,6.031550884246826,10000.0,7.277523155437077,True,True
2067,0.8706534280717477,0.505581833217267,3.5901065143076303,0.8706534280717477,0.026416005372028095,10.113582611083984,5.808041572570801,10000.0,21.241411367293225,True,True
2068,0.7102044131298779,0.5260440912085281,3.1780928238877117,0.7102044131298779,0.04131514010136464,9.306827545166016,6.552217483520508,10000.0,18.64872960842753,True,True
2069,0.5830806377789619,0.5317477458655715,1.5568319726678141,0.5830806377789619,-0.0572524751409359,7.544583320617676,6.469588279724121,10000.0,9.898171387867862,True,True
2070,0.6198430740754499,0.5405572786865593,3.051363241570334,0.6198430740754499,0.058271611042054736,8.003890037536621,6.456384181976318,10000.0,14.440206839928777,True,True
2071,0.5980299154044662,0.54630454235835,1.5166119046248834,0.5980299154044662,-0.06842898364149352,7.47725772857666,6.251574993133545,10000.0,9.434418827402887,True,True
2072,0.822738645050951,0.5739479526276101,4.624838688828564,0.822738645050951,0.08305781722346134,10.079743385314941,6.125726222991943,10000.0,23.263718525152967,True,True
2073,0.4234916962607601,0.4234916962607601,1.9042674538538387,0.4234916962607601,0.03857720526481143,5.07364559173584,5.990253925323486,10000.0,5.6449008045412725,True,True
2074,0.4322755980492442,0.42437008643960855,2.1528655464969373,0.4322755980492442,0.05737841268657306,6.418044090270996,7.423555850982666,10000.0,9.398391493869674,True,True
2075,0.4533672417764577,0.4272698019732935,1.9312022313342787,0.4533672417764577,0.026986696505618007,5.582278728485107,6.156464576721191,10000.0,6.6286404743814344,True,True
2076,0.6789320399910997,0.45243602577507414,3.7471193527273448,0.6789320399910997,0.0759072208673103,7.938317775726318,5.846179962158203,10000.0,14.197203905972245,True,True
2077,0.63653318269112,0.4708457414666787,2.4149318055328965,0.63653318269112,0.004249394153659384,8.6697998046875,6.810171127319336,10000.0,15.151219145261358,True,True
2078,0.6942239928846584,0.4931835666084767,2.9205107199084996,0.6942239928846584,0.022614295700180496,9.432766914367676,6.79374885559082,10000.0,18.51014544138677,True,True
2079,0.9861179576607915,0.5424770057137082,7.922605454677154,0.9861179576607915,0.15432176694581148,12.946087837219238,6.5641679763793945,10000.0,40.6344493047867,True,True
2080,0.3744365032748332,0.3744365032748332,1.6981834014284725,0.3744365032748332,0.03513928541254381,5.06298303604126,6.76080322265625,10000.0,5.577136103065694,True,True
2081,0.6153324894650921,0.39852610189385906,3.755832869280445,0.6153324894650921,0.09177252200224002,8.401834487915039,6.82706880569458,10000.0,16.21603101273999,True,True
2082,0.5359596575587788,0.41226945746035104,2.5114027254204268,0.5359596575587788,0.03976152239540464,7.169539928436279,6.688507080078125,10000.0,11.066536752840484,True,True
2083,0.7589322846449645,0.4469357401788124,2.081522544075866,0.7589322846449645,-0.059261566386726375,9.719815254211426,6.403611660003662,10000.0,17.246415187885034,True,True
2084,0.6494473608667917,0.46718690224761034,1.2466961076328817,0.6494473608667917,-0.13295424850374762,7.234391689300537,5.569652080535889,10000.0,7.964502961222863,True,True
2085,0.9610854367127932,0.5165767556941285,2.626650800439928,0.9610854367127932,-0.060941561327024635,12.242341041564941,6.369018077850342,10000.0,27.520356483278107,True,True
2086,0.512498886482751,0.512498886482751,3.045607910236553,0.512498886482751,0.08193077737009567,6.29317045211792,6.1396918296813965,10000.0,9.543191889476383,True,True
2087,0.4502174546761533,0.4502174546761533,0.752538459973797,0.4502174546761533,-0.16666453301311981,5.576338291168213,6.192938804626465,10000.0,3.627847192944621,True,True
2088,0.47150500813632495,0.45234621002217046,1.527122836218052,0.47150500813632495,-0.031010291088793697,6.119881629943848,6.489731311798096,10000.0,6.933473070420359,True,True
2089,0.47593618650777786,0.4547052076707312,1.3422685051087178,0.47593618650777786,-0.05701346543438833,5.74512243270874,6.035601615905762,10000.0,5.702353564085229,True,True
2090,0.5260730980739196,0.46184199671105003,1.7449914460828537,0.5260730980739196,-0.027792943880825573,6.485652446746826,6.164212226867676,10000.0,7.899569933463532,True,True
2091,0.4386524242217232,0.4386524242217232,1.4965103277425427,0.4386524242217232,-0.023297184682853144,5.842007637023926,6.659039497375488,10000.0,6.428255218121873,True,True
2092,0.6481609691244197,0.4596032787119928,3.513715478684455,0.6481609691244197,0.05929180295086895,8.04438591003418,6.2055463790893555,10000.0,14.30277904763841,True,True
2093,1.0,0.5136429508407936,8.222832438004163,1.2679595152788965,0.09297224968917195,15.002262115478516,5.915907382965088,10000.0,49.251884386191904,True,True
2094,0.48265220896541666,0.48265220896541666,2.287789113792893,0.48265220896541666,0.03326404249714216,6.156426906585693,6.377705097198486,10000.0,8.210698538985124,True,True
2095,0.7499344804360585,0.5093804361124808,3.8618645599792383,0.7499344804360585,0.04750426858865081,11.24592113494873,7.497935771942139,10000.0,27.3345311983566,True,True
2096,0.36430891855920144,0.36430891855920144,2.1637247162350994,0.36430891855920144,0.07320527282343223,5.018228054046631,6.887325286865234,10000.0,5.958272580788158,True,True
2097,0.9301862802395399,0.42089665472723525,3.977743472716442,0.9301862802395399,0.013004977459943058,11.654223442077637,6.264456748962402,10000.0,27.56380905678236,True,True
2098,0.8919958447916109,0.4680065737336728,5.905842973954611,0.8919958447916109,0.09246546314143429,11.101807594299316,6.223015308380127,10000.0,27.6397157488056,True,True
2099,0.8571205967705012,0.5069179760373557,3.3431563198355247,0.8571205967705012,-0.004290796402377889,10.869293212890625,6.340585708618164,10000.0,23.478405384841494,True,True
2100,0.6181144171543227,0.5180376201490524,2.6484382915058973,0.6181144171543227,0.011428514672546925,6.951923847198486,5.62349271774292,10000.0,9.897301725630932,True,True
2101,0.7707338534748921,0.5433072434816364,2.801112094190119,0.7707338534748921,-0.017739083440623585,10.24785041809082,6.6481122970581055,10000.0,20.347077179485538,True,True
2102,1.0,0.5889765191334728,4.707103838145079,1.072850302584504,0.014261151416055195,13.895734786987305,6.476082801818848,10000.0,39.374157962259204,True,True
2103,0.6944089446553142,0.5995197616856569,5.262609018923135,0.6944089446553142,0.11487925900320888,9.332042694091797,6.719414234161377,10000.0,21.73610639730846,True,True
2104,0.5161308473251791,0.5161308473251791,1.8014475354585908,0.5161308473251791,-0.026425573926698864,7.505727767944336,7.271148204803467,10000.0,10.522834968469155,True,True
2105,0.6986833306140899,0.5343860956540701,3.82451204848269,0.6986833306140899,0.0509450195317707,9.634054183959961,6.894435405731201,10000.0,20.371275820666625,True,True
2106,1.0,0.5809474860886631,11.294053509692706,1.0128035371161497,0.20109242057867344,15.36320686340332,7.5844950675964355,10000.0,60.81822649662462,True,True
2107,0.4492814835832581,0.4492814835832581,1.8534113284253682,0.4492814835832581,0.0005625084308543436,5.615965843200684,6.249941349029541,10000.0,6.31668496744901,True,True
2108,0.6288837604881845,0.4672417112737507,2.429928835181149,0.6288837604881845,-0.011171843409917085,7.857788562774658,6.247409343719482,10000.0,12.092716524258257,True,True
2109,0.5106383422065086,0.4715813743670265,1.6902524191870518,0.5106383422065086,-0.03826993805487799,6.660731792449951,6.521965980529785,10000.0,8.089071739919014,True,True
2110,0.8360191881161302,0.5080251557419369,5.01118442785586,0.8360191881161302,0.06330932945381175,9.460885047912598,5.658294200897217,10000.0,19.623419693724998,True,True
2111,0.502771770521054,0.502771770521054,2.598790970295745,0.502771770521054,0.036461754287382714,6.280036926269531,6.245415210723877,10000.0,8.606777839600827,True,True
2112,0.9642606812711707,0.5489206615960657,4.266327160257049,0.9642606812711707,0.009347354893847307,12.10290813446045,6.275744915008545,10000.0,29.685797632904013,True,True
2113,0.4884498502195511,0.4884498502195511,1.6181252587592283,0.4884498502195511,-0.040168857615809093,6.191763877868652,6.338177680969238,10000.0,6.897592358905328,True,True
2114,0.914882056228742,0.5310930708204702,4.113168409899985,0.914882056228742,0.010781979919479377,11.08935546875,6.060538291931152,10000.0,24.97960666017063,True,True
2115,0.673214456278653,0.5453052093662885,1.7212506756439245,0.673214456278653,-0.0875588399352768,8.576850891113281,6.370073318481445,10000.0,12.103847533252335,True,True
2116,0.9232526682618751,0.5830999552558471,3.8331132575722693,0.9232526682618751,-0.003716780358955375,13.029067993164062,7.056068420410156,10000.0,33.75207819285322,True,True
2117,0.5038665485872295,0.5038665485872295,1.8076382870514793,0.5038665485872295,-0.028665211829403903,6.806921482086182,6.7546868324279785,10000.0,8.602746469429341,True,True
2118,0.7360018683918256,0.5270800805676891,1.8832984203040561,0.7360018683918256,-0.08870631279622981,8.97109317779541,6.09447717666626,10000.0,13.53979588820279,True,True
2119,0.6606073982659099,0.5404328123375112,3.226468665581291,0.6606073982659099,0.02138470154965196,8.774406433105469,6.641165733337402,10000.0,16.071494149027288,True,True
2120,0.6632177857592771,0.5527113096796877,1.9139677455431081,0.6632177857592771,-0.06763369443750514,8.421804428100586,6.3491997718811035,10000.0,12.186483103016513,True,True
2121,0.5833621681128436,0.5557763955230033,1.2327761265616144,0.5833621681128436,-0.12765421857738865,8.023077964782715,6.876584053039551,10000.0,8.959701703582425,True,True
2122,0.7468565690281883,0.5748844128735218,4.2336163811524585,0.7468565690281883,0.04425522817865662,10.42426586151123,6.978760242462158,10000.0,23.583903743631794,True,True
2123,0.707432438684523,0.5881392154546219,2.120258393881375,0.707432438684523,-0.06234001436105979,8.968156814575195,6.338525295257568,10000.0,14.00137181375085,True,True
2124,0.5569367766232405,0.5569367766232405,3.7089613118872857,0.5569367766232405,0.07054906749996422,7.4697113037109375,6.7060675621032715,10000.0,13.127515982039483,True,True
2125,0.7348819247151415,0.5747312914324306,1.871092972943728,0.7348819247151415,-0.09261045066852053,8.915949821472168,6.066246509552002,10000.0,13.020025504180559,True,True
2126,0.5863864717895468,0.5758968094681423,1.2071833623870587,0.5863864717895468,-0.13507834575438243,7.730466842651367,6.591614246368408,10000.0,7.988075861975112,True,True
2127,1.0,0.6183071285213281,4.0601520031683735,1.0321812367366296,-0.018781481510413645,13.256509780883789,6.421599864959717,10000.0,34.15844233732153,True,True
2128,0.43382497738812237,0.43382497738812237,3.345708758801139,0.43382497738812237,0.09357884599588487,5.7607855796813965,6.639527320861816,10000.0,8.190114326911502,True,True
2129,1.0,0.4904424796493101,4.127455590925545,1.1003464232857623,-0.02755973435229964,14.848041534423828,6.746984958648682,10000.0,42.738794656466325,True,True
2130,0.5528769567277766,0.4966859273571567,3.1663103951074176,0.5528769567277766,0.04011665909604635,7.040782928466797,6.367404937744141,10000.0,10.807809842268497,True,True
2131,0.5256082725238858,0.49957816187382964,2.161062716909888,0.5256082725238858,-0.013833606950005357,6.850575923919678,6.516807556152344,10000.0,9.077545640655295,True,True
2132,0.6182057878984849,0.5114409244762952,2.9939125683007894,0.6182057878984849,0.011665699577892262,7.735991954803467,6.256809711456299,10000.0,12.257899696881651,True,True
2133,0.4903006591455695,0.4903006591455695,3.890074860931959,0.4903006591455695,0.09405550075629224,6.28535270690918,6.409692287445068,10000.0,9.758993983578343,True,True
2134,0.4024203393084392,0.4024203393084392,1.5079560639570393,0.4024203393084392,-0.030294568688284333,5.773288249969482,7.173206329345703,10000.0,6.161299471743664,True,True
2135,0.4346540891139156,0.4056437142889868,1.7333551323990246,0.4346540891139156,-0.020863331943278374,5.122880458831787,5.893054485321045,10000.0,4.993285432334808,True,True
2136,0.7186569277052628,0.4369450356306144,3.897964256348808,0.7186569277052628,0.02711476341420555,9.469831466674805,6.58856201171875,10000.0,18.674747658349915,True,True
2137,0.7184937129004346,0.4650999033575964,3.4216256133303657,0.7184937129004346,0.005942233446941522,8.326841354370117,5.794651508331299,10000.0,14.000610628106237,True,True
2138,0.40159877372837316,0.40159877372837316,1.3611030796760766,0.40159877372837316,-0.04851544576539814,5.356236934661865,6.668642044067383,10000.0,5.041918359217867,True,True
2139,0.5004711863165153,0.41148601498718734,1.4558797574595528,0.5004711863165153,-0.07458588823863821,6.2807745933532715,6.2748613357543945,10000.0,6.680061247401369,True,True
2140,0.7016978757874371,0.4405072010672123,2.7474807287280867,0.7016978757874371,-0.026370115906037467,8.508967399597168,6.063127517700195,10000.0,13.881213058359002,True,True
2141,0.3796684183133061,0.3796684183133061,1.7993846211064592,0.3796684183133061,0.0028010142510072476,5.57306432723999,7.339383602142334,10000.0,6.255307614339102,True,True
2142,0.72797212864188,0.4144987893461635,2.3329028714001763,0.72797212864188,-0.05954319199494878,8.998932838439941,6.180822372436523,10000.0,14.823404653037073,True,True
2143,0.976843752336435,0.4707332856451907,5.881447474892172,0.976843752336435,0.038832214870995856,13.7185697555542,7.021885395050049,10000.0,39.40071075178153,True,True
2144,0.8273599855150783,0.5063959556321794,6.921635267363383,0.8273599855150783,0.09310995079928847,9.927094459533691,5.9992594718933105,10000.0,22.517499218185108,True,True
2145,0.7208067048237798,0.5278370305513395,3.578740037482339,0.7208067048237798,0.007560975652146275,8.505180358886719,5.8997650146484375,10000.0,14.667879382643989,True,True
2146,1.0,0.5750533274962055,8.401847449982569,1.0622826126909835,0.08135550812742207,12.402580261230469,5.837702751159668,10000.0,34.152063894594264,True,True
2147,0.5947493021934708,0.577022924965932,3.483507471892466,0.5947493021934708,0.03168581398345288,7.823882102966309,6.577462196350098,10000.0,13.1835156723957,True,True
2148,0.6419252871808641,0.5835131611874251,2.326197105090088,0.6419252871808641,-0.04247538226266955,7.419326305389404,5.778964042663574,10000.0,9.94660078729386,True,True
2149,0.5534408281472698,0.5534408281472698,4.001564190792663,0.5534408281472698,0.06366160635793337,6.617208957672119,5.978244304656982,10000.0,10.151280720279253,True,True
2150,0.6009607978647736,0.5581928251190202,4.87631511757312,0.6009607978647736,0.08210706600140262,8.0697603225708,6.714048862457275,10000.0,15.507396139866202,True,True
2151,0.5886621170349465,0.5612397543106128,2.382828898304449,0.5886621170349465,-0.02681138607180689,7.760504245758057,6.59164571762085,10000.0,11.275332052326377,True,True
2152,0.5880171185899765,0.5639174907385491,4.753449203796426,0.5880171185899765,0.07964587382449027,7.671744346618652,6.523402214050293,10000.0,14.01887770337978,True,True
2153,0.5884617621386073,0.5663719178785549,2.5736118409830078,0.5884617621386073,-0.01615242432647964,8.424376487731934,7.15796422958374,10000.0,13.64236990944513,True,True
2154,0.8376212632143186,0.5934968524121313,3.7139896068494225,0.8376212632143186,-0.014627609560780668,9.269394874572754,5.53316593170166,10000.0,16.739073012545006,True,True
2155,0.8050694677646488,0.6146541139473831,3.079759877985144,0.8050694677646488,-0.03739098921593612,13.823141098022461,8.585061073303223,10000.0,35.48845198152995,True,True
2156,0.43193667675836955,0.43193667675836955,1.8487403491363144,0.43193667675836955,-0.020946595582821432,5.867641448974609,6.792247295379639,10000.0,6.525255801032692,True,True
2157,0.7184652623652367,0.4605895353190563,6.571374129683557,0.7184652623652367,0.09619760797058344,9.845179557800293,6.851534843444824,10000.0,22.374263910888985,True,True
2158,0.5372102709596348,0.4682516088831141,1.5561977250125532,0.5372102709596348,-0.08307287189693423,6.516706466674805,6.065321922302246,10000.0,6.955973537589919,True,True
2159,0.6054506952379242,0.4819715175185951,3.716009483382096,0.6054506952379242,0.030545208803179225,7.489590167999268,6.185136318206787,10000.0,11.900772433122235,True,True
2160,0.7978204092355204,0.5135564066902877,3.621918942110849,0.7978204092355204,-0.01433292607618037,9.963213920593262,6.244020462036133,10000.0,19.395209306151116,True,True
2161,0.5322613266264936,0.5154268986839082,3.4652902419532507,0.5322613266264936,0.03797641835237142,7.009799480438232,6.584922790527344,10000.0,10.730976906589682,True,True
2162,0.7211055946950217,0.5359947682850196,4.05666010210988,0.7211055946950217,0.015731997272983595,9.946268081665039,6.896540641784668,10000.0,20.364059858113478,True,True
2163,0.5681895318513402,0.5392142446416516,3.247645205452195,0.5681895318513402,0.017414733699006202,6.323892116546631,5.5649495124816895,10000.0,8.328786087293604,True,True
2164,0.5651402913748402,0.5418068493149705,4.806636794852029,0.5651402913748402,0.0772303686052806,7.895055294036865,6.985040187835693,10000.0,14.77395918058022,True,True
2165,0.3841172960934689,0.3841172960934689,1.6159983508270737,0.3841172960934689,-0.028012158439812435,4.91548490524292,6.398416519165039,10000.0,4.493983598720952,True,True
2166,0.5960671784713835,0.4053122843312604,5.539246183596628,0.5960671784713835,0.0900586066871661,7.240261077880859,6.073359966278076,10000.0,12.089361846649815,True,True
2167,0.4587475891517844,0.4106558148133128,1.8570608630583472,0.4587475891517844,-0.0346102747181779,5.7113037109375,6.224886894226074,10000.0,6.018497497868463,True,True
2168,0.44828154612873256,0.4144183879448548,2.8515058877896915,0.44828154612873256,0.02964643713480538,6.255638122558594,6.977354049682617,10000.0,8.362859811371969,True,True
2169,0.9183772078161991,0.4648142699319892,9.721668975369724,0.9183772078161991,0.10959573186974447,14.0098295211792,7.6274919509887695,10000.0,44.69868340577369,True,True
2170,0.38619472974951496,0.38619472974951496,1.5199487933255762,0.38619472974951496,-0.040132342476221175,5.149343967437744,6.666771411895752,10000.0,4.771079213534495,True,True
2171,0.6058831497917663,0.4081635717537401,4.4360862293382235,0.6058831497917663,0.048098842415857136,7.20431661605835,5.9453020095825195,10000.0,11.221318591396098,True,True
2172,1.0,0.46734721457836603,10.047197161393719,1.0049944972932952,0.09645182856940321,12.9656343460083,6.450599670410156,10000.0,37.39155766047372,True,True
2173,0.5794782001354061,0.47856031313407005,3.474190372530157,0.5794782001354061,0.017899634609095372,7.097391605377197,6.123950481414795,10000.0,10.446909163602257,True,True
2174,0.8081854157871686,0.5115228233993799,3.0773306615449445,0.8081854157871686,-0.046773106387964676,9.7603178024292,6.03841495513916,10000.0,17.642666466327498,True,True
2175,0.4921878102154357,0.4921878102154357,2.6402285847273395,0.4921878102154357,0.0011744668087878825,5.95782995223999,6.052394866943359,10000.0,7.1199918308760175,True,True
2176,0.49157181760332364,0.49157181760332364,3.081306546726486,0.49157181760332364,0.022215780203552624,6.840329647064209,6.9576096534729,10000.0,9.877761332282226,True,True
2177,1.0,0.5424146358429913,14.556630467591356,1.0713407916744295,0.1472436152239458,15.591075897216797,7.276431560516357,10000.0,57.67704318989911,True,True
2178,0.6885873420926583,0.5570319064679581,2.0236072047486884,0.6885873420926583,-0.08826935353930528,8.83883285522461,6.418091297149658,10000.0,12.835721487797727,True,True
2179,1.0,0.6013287158211623,12.89231769251865,1.2304014580052243,0.09718804920764665,14.40784740447998,5.854937553405762,10000.0,46.44720492971413,True,True
2180,0.6660768544752855,0.6078035296865747,4.789611722448514,0.6660768544752855,0.03877338584954598,8.048686981201172,6.041860580444336,10000.0,14.102293704445927,True,True
2181,0.636725579413449,0.6106957346592621,5.735994359889464,0.636725579413449,0.07106654686656246,7.843513488769531,6.159257411956787,10000.0,14.400806046387402,True,True
2182,0.7854164505277664,0.6281678062461125,2.8446306101207526,0.7854164505277664,-0.057513047319244705,9.407415390014648,5.988807201385498,10000.0,15.664479099419253,True,True
2183,1.0,0.6653510256215012,2.643189251236601,1.065471247164459,-0.1189709693842967,14.289604187011719,6.7057671546936035,10000.0,33.25347173377017,True,True
2184,0.9339485770492169,0.6922107807642727,5.0765845573772275,0.9339485770492169,-0.002102858734971962,12.1358003616333,6.497038841247559,10000.0,29.340759036267116,True,True
2185,0.48328107222022265,0.48328107222022265,2.897167658208158,0.48328107222022265,0.010457081786788877,6.339859485626221,6.559184551239014,10000.0,8.248918682127012,True,True
2186,0.49840891905069695,0.4847938569032701,3.3394851764888664,0.49840891905069695,0.02482415159224569,6.466230869293213,6.486873149871826,10000.0,8.867226922700944,True,True
2187,0.4861952309066065,0.48493399430360373,1.8767077341218736,0.4861952309066065,-0.050379862891408445,5.84222936630249,6.008110523223877,10000.0,5.968785356818682,True,True
2188,0.770436215664543,0.5134842164396977,3.922035792026761,0.770436215664543,-0.013011058039726398,9.717456817626953,6.306464195251465,10000.0,18.476364715341376,True,True
2189,0.43928974710772656,0.43928974710772656,1.260716455382487,0.43928974710772656,-0.09603540496547647,6.728613376617432,7.658514022827148,10000.0,6.8808827053270605,True,True
2190,1.0,0.49536077239695386,6.4809730351065395,1.0675707798080367,0.00913123117500065,13.393216133117676,6.2727532386779785,10000.0,36.2556568072016,True,True
2191,0.4281828360704887,0.4281828360704887,1.7670570689719107,0.4281828360704887,-0.042731421674791534,5.610188007354736,6.551159381866455,10000.0,5.622373037033654,True,True
2192,0.48094910286830655,0.4334594627502705,3.349992601841281,0.48094910286830655,0.026040411761415597,5.394906997680664,5.608604907989502,10000.0,6.162539247216493,True,True
2193,0.7078578497489053,0.46089930145013397,4.275234242637951,0.7078578497489053,0.006683907387748333,8.579110145568848,6.059910297393799,10000.0,14.880382804613909,True,True
2194,0.5796014440667121,0.47276951571179177,2.9696546180702126,0.5796014440667121,-0.015237176111133973,8.18982982635498,7.0650529861450195,10000.0,12.997846639714247,True,True
2195,0.5359668577408164,0.4790892499146942,5.97702871596046,0.5359668577408164,0.09082441343906247,7.20281982421875,6.71946382522583,10000.0,12.482112172723333,True,True
2196,0.8031726689783126,0.511497591821056,5.541151031439881,0.8031726689783126,0.022139861250035142,9.936760902404785,6.185943126678467,10000.0,20.443939627123953,True,True
2197,0.6137405242059523,0.5217218850595456,2.060718438542185,0.6137405242059523,-0.07447400921565282,7.506223678588867,6.1151442527771,10000.0,9.48518336816111,True,True
2198,0.5653310956482271,0.5260828061184137,2.4338356143761772,0.5653310956482271,-0.04002373843415517,7.364649295806885,6.513571739196777,10000.0,9.837561482440087,True,True
2199,0.7627631321526053,0.5497508387218328,4.703877157621439,0.7627631321526053,0.005861540428622582,8.823266983032227,5.783752918243408,10000.0,15.734451590934889,True,True
2200,0.6175335522019396,0.5565291100698435,4.887151776640927,0.6175335522019396,0.03737341776717024,7.953927040100098,6.44007682800293,10000.0,13.71841722324261,True,True
2201,0.38116598664427415,0.38116598664427415,2.799804214347518,0.38116598664427415,0.02695224674012476,4.984976768493652,6.5391154289245605,10000.0,5.304880253051024,True,True
2202,0.638450214860456,0.40689440946589234,3.3694202880338566,0.638450214860456,-0.015471534287483516,7.782632350921631,6.094940662384033,10000.0,11.815258616353773,True,True
2203,0.5105078216010117,0.4172557506794043,1.926790067431721,0.5105078216010117,-0.05995703343139548,7.108977794647217,6.962653160095215,10000.0,8.869217294346257,True,True
2204,0.5939265438871515,0.43492283000017895,2.114738621866876,0.5939265438871515,-0.06851602332540942,10.546810150146484,8.878884315490723,10000.0,19.456528962547154,True,True
2205,0.3988177740579855,0.3988177740579855,2.0958626856342777,0.3988177740579855,-0.01749720168909735,4.83975076675415,6.06762170791626,10000.0,4.479717379052332,True,True
2206,0.37499913803463064,0.37499913803463064,3.869595772590409,0.37499913803463064,0.06861237674022659,4.615731716156006,6.154323101043701,10000.0,4.991888487353332,True,True
2207,0.38626775066805624,0.3761259992979732,2.275538001619778,0.38626775066805624,-0.004343573576042459,5.662026882171631,7.329147815704346,10000.0,6.343913390387293,True,True
2208,0.6223000290305915,0.400743402271235,1.3619006149463952,0.6223000290305915,-0.14990527659765943,7.655892848968506,6.15128755569458,10000.0,8.89345939776495,True,True
2209,0.7299435763334259,0.4336634196774541,2.64914297037663,0.7299435763334259,-0.06765226721954619,8.389270782470703,5.746520042419434,10000.0,12.661598788110453,True,True
2210,0.8431136524645328,0.47460844295616195,2.834463069609332,0.8431136524645328,-0.07889191223884759,10.19995403289795,6.04897928237915,10000.0,18.497619503967513,True,True
2211,0.8924622551449158,0.5163938241750373,3.6102447351682154,0.8924622551449158,-0.053647751589155676,10.25027084350586,5.742691516876221,10000.0,19.382875469369054,True,True
2212,0.4398317978690841,0.4398317978690841,1.4641858833429318,0.4398317978690841,-0.08100346263442931,6.621490001678467,7.5272979736328125,10000.0,6.99306280175454,True,True
2213,0.598319682164945,0.4556805862986702,6.855902567531716,0.598319682164945,0.07692363306754964,6.633047580718994,5.543063163757324,10000.0,10.088257295293445,True,True
2214,0.49136180542703123,0.4592487082115063,5.631339386733884,0.49136180542703123,0.07598111144477747,6.955242156982422,7.077516078948975,10000.0,11.392776278593267,True,True
2215,0.8178319877971051,0.49510703617006624,4.577842059780957,0.8178319877971051,-0.014699120222359965,9.679254531860352,5.917630195617676,10000.0,18.320743306550398,True,True
2216,0.5468601195201173,0.5002823445050714,9.685345238161927,0.5468601195201173,0.14404031344620413,7.604801177978516,6.953150272369385,10000.0,15.376983919895686,True,True
2217,0.9090379986430983,0.541157909918874,7.441661790103657,0.9090379986430983,0.029614206967586952,11.731504440307617,6.45270299911499,10000.0,28.73880325616227,True,True
2218,0.4302288303290444,0.4302288303290444,2.9574502735451476,0.4302288303290444,0.008072935196252202,5.448173999786377,6.331716537475586,10000.0,6.056332839243105,True,True
2219,0.41583733963623415,0.41583733963623415,2.8183088536479186,0.41583733963623415,0.0058233350991677485,5.150312900543213,6.19270133972168,10000.0,5.382378681511561,True,True
2220,0.9100604824948545,0.4652596539220962,22.243218100908567,0.9100604824948545,0.20477916679448702,11.60927963256836,6.37830114364624,10000.0,34.0099843820221,True,True
2221,0.4159376435138604,0.4159376435138604,1.1059948809136313,0.4159376435138604,-0.11861973834795143,6.063475131988525,7.288923263549805,10000.0,5.172575458755034,True,True
2222,0.545341814476487,0.4288780606101231,2.480837807851456,0.545341814476487,-0.042991695381275494,6.0941548347473145,5.58746337890625,10000.0,6.79990810709311,True,True
2223,0.9711302669084714,0.48310328123995794,6.195898667096341,0.9711302669084714,-0.0034285233007455783,13.731761932373047,7.0699896812438965,10000.0,37.55145489728804,True,True
2224,0.5151646519920727,0.48630941831516944,2.309971610333441,0.5151646519920727,-0.04557536674031881,6.551552772521973,6.358697891235352,10000.0,7.661242272420118,True,True
2225,0.46058253094536816,0.46058253094536816,2.574462522398047,0.46058253094536816,-0.019712950421402094,5.73840856552124,6.229511737823486,10000.0,6.261299419882214,True,True
2226,0.6520511965809304,0.47972939750892435,6.3966173153049,0.6520511965809304,0.045050865945499084,7.784846782684326,5.969505786895752,10000.0,13.125124451066732,True,True
2227,0.7689155817162554,0.5086480159296574,7.089832583578926,0.7689155817162554,0.036807390420460266,8.74598503112793,5.687220573425293,10000.0,16.229689894687354,True,True
2228,0.7237929100656895,0.5301625053432606,3.7285222831476754,0.7237929100656895,-0.030574419916733746,8.247810363769531,5.697631359100342,10000.0,12.843546581287363,True,True
2229,0.599072216567988,0.5370534764657333,2.3426450883102365,0.599072216567988,-0.06472454267945275,7.515902042388916,6.272951602935791,10000.0,9.658905323575688,True,True
2230,0.7631182213037409,0.5596599509495341,5.269240283084028,0.7631182213037409,0.001731651116326289,9.778757095336914,6.407104969024658,10000.0,19.18553783690011,True,True
2231,0.5789057351197965,0.5615845293665604,3.8835292773327117,0.5789057351197965,-0.002037696654329981,6.872542381286621,5.93580436706543,10000.0,9.399685517989923,True,True
2232,0.6391750304087263,0.5693435794707771,6.940421856595371,0.6391750304087263,0.05261690053027504,8.514419555664062,6.660475730895996,10000.0,16.197937443177473,True,True
2233,0.5116043489969349,0.5116043489969349,2.4470228611680502,0.5116043489969349,-0.04135943848105723,6.221660137176514,6.080538749694824,10000.0,6.941318585882886,True,True
2234,0.3955607695006443,0.3955607695006443,2.7391348751648366,0.3955607695006443,-0.00015398074922240397,4.819245338439941,6.091662406921387,10000.0,4.643237015292215,True,True
2235,0.377846625748251,0.377846625748251,2.043367631814448,0.377846625748251,-0.028040520341888663,4.867749214172363,6.44143533706665,10000.0,4.406786664251882,True,True
2236,0.4550801318884102,0.3855699763622669,3.607073417178717,0.4550801318884102,0.013503812595249918,6.021752834320068,6.616145610809326,10000.0,7.459739093228549,True,True
2237,0.6819141094021028,0.4152043896662505,6.834970212271824,0.6819141094021028,0.03910947959806758,8.170931816101074,5.99117374420166,10000.0,14.147752762477495,True,True
2238,0.475905567769619,0.42127450747658735,6.344454487106555,0.475905567769619,0.07302896155967338,6.073385715484619,6.38087272644043,10000.0,8.569463569931084,True,True
2239,0.5019550674367081,0.4293425634725994,1.7149115293147343,0.5019550674367081,-0.08597255150022622,6.978886604309082,6.951704502105713,10000.0,7.950195892141707,True,True
2240,0.9301375168877517,0.4794220588141146,10.959024158524103,0.9301375168877517,0.055696243593513765,11.787520408630371,6.336439609527588,10000.0,29.783524768531976,True,True
2241,0.4152933249094346,0.4152933249094346,1.836210162149556,0.4152933249094346,-0.05369862595917211,5.907665729522705,7.112642288208008,10000.0,6.043048040839022,True,True
2242,0.68427394587295,0.44219138700578614,8.698446813474364,0.68427394587295,0.06315310414446348,8.77557373046875,6.412324905395508,10000.0,16.97357240657967,True,True
2243,0.46651228727235666,0.4446234770324432,2.936410373747343,0.46651228727235666,-0.015066094663908703,6.216089725494385,6.662300109863281,10000.0,7.4505363508485445,True,True
2244,0.4406942421010821,0.4406942421010821,1.1717652503664895,0.4406942421010821,-0.12482649814253359,5.90951681137085,6.7047810554504395,10000.0,4.804858029457236,True,True
2245,0.43496841106843537,0.43496841106843537,5.2063279340264375,0.43496841106843537,0.05323094124582493,5.493014335632324,6.314268112182617,10000.0,6.837715389265025,True,True
2246,0.6517551694041197,0.4566470869020038,6.52346953183296,0.6517551694041197,0.032282572928652706,8.199614524841309,6.290410041809082,10000.0,14.20709910681213,True,True
2247,0.7431923135554523,0.4853016095673486,5.607688778472567,0.7431923135554523,0.001865526480929307,10.065960884094238,6.772110462188721,10000.0,20.326428943951697,True,True
2248,0.7252427660049837,0.5092957252111121,2.499281977623956,0.7252427660049837,-0.0874518853394198,9.135313987731934,6.298107624053955,10000.0,14.128239874487392,True,True
2249,0.40839132901415937,0.40839132901415937,6.565323615552591,0.40839132901415937,0.08608690680619721,6.426380157470703,7.867919445037842,10000.0,10.03729650295314,True,True
2250,0.41867353243951566,0.409419549356695,1.2485742231550936,0.41867353243951566,-0.10849076345688165,6.4908599853515625,7.7516961097717285,10000.0,6.191341217150722,True,True
2251,0.6059243726451821,0.4290700316855437,11.336594843002631,0.6059243726451821,0.1048547873114357,6.56164026260376,5.414570331573486,10000.0,10.209451790479278,True,True
2252,1.0,0.48616302851698934,10.553784536858817,1.1707870782054226,0.017179665419121994,15.179266929626465,6.4825053215026855,10000.0,46.90387464803527,True,True
2253,0.4852245448268915,0.4852245448268915,3.5610952208514584,0.4852245448268915,-0.004179177385270703,7.414186954498291,7.639954566955566,10000.0,10.879168597355374,True,True
2254,0.7341049387272544,0.5101125842169277,6.8330948494539685,0.7341049387272544,0.019173282352992035,9.721566200256348,6.621373653411865,10000.0,19.531343957475116,True,True
2255,0.964557279625236,0.5555570537577585,11.558951207221098,0.964557279625236,0.04495572546005771,12.135247230529785,6.290578842163086,10000.0,31.359415771008372,True,True
2256,0.6715020999899236,0.5671515583809751,3.073675178775874,0.6715020999899236,-0.05492940001148983,8.471694946289062,6.308018207550049,10000.0,12.689103252884202,True,True
2257,0.7859882038189439,0.589035222924772,6.497796072901944,0.7859882038189439,0.005489144569160426,8.970636367797852,5.706597328186035,10000.0,16.2599818205465,True,True
2258,0.5011076412871425,0.5011076412871425,4.661286256599658,0.5011076412871425,0.016550979487094344,6.5647501945495605,6.550239562988281,10000.0,8.975829075170566,True,True
2259,0.7260462348192356,0.5236015006403518,4.856066796951882,0.7260462348192356,-0.016370100701815216,9.187732696533203,6.327236652374268,10000.0,16.384605034983196,True,True
2260,0.3887268160256596,0.3887268160256596,2.4966956791338255,0.3887268160256596,-0.020834504932212436,4.796591281890869,6.169617176055908,10000.0,4.361784858221849,True,True
2261,0.35441666201009964,0.35441666201009964,2.510114636290242,0.35441666201009964,-0.011707526372876706,5.153552532196045,7.270471572875977,10000.0,5.156350036904676,True,True
2262,0.6241970348345561,0.38139469929254527,1.9241932004142117,0.6241970348345561,-0.10671408003915539,8.714141845703125,6.980281352996826,10000.0,12.711576914213808,True,True
2263,0.5045822495208353,0.39371345431537424,7.535226286655064,0.5045822495208353,0.06232442798749796,6.914849281311035,6.852053642272949,10000.0,10.725659468584091,True,True
2264,0.7650729557777564,0.43084940446161246,5.3190659313978985,0.7650729557777564,-0.014920470860288968,9.020048141479492,5.894894123077393,10000.0,15.93043729917592,True,True
2265,0.6049095635081766,0.44825542036626886,6.218937360449034,0.6049095635081766,0.02182010984828898,7.333775043487549,6.061877250671387,10000.0,11.191678979982534,True,True
2266,0.569959148575968,0.4604257931872388,4.782536338738322,0.569959148575968,0.0018970122180908718,6.888875484466553,6.043306350708008,10000.0,9.527683503034716,True,True
2267,0.5839517913087956,0.4727783929993945,3.027702448869672,0.5839517913087956,-0.045241087510490684,6.53257417678833,5.593419075012207,10000.0,7.753362997429107,True,True
2268,1.0,0.525500553699455,4.416456678044816,1.092597847282357,-0.07305673269472956,12.918599128723145,5.911872863769531,10000.0,30.44597341112859,True,True
2269,0.7906764049920253,0.552018138828712,4.271999169384469,0.7906764049920253,-0.041729841328416506,9.091425895690918,5.749144554138184,10000.0,15.326780493036452,True,True
2270,0.9849960780365705,0.5953159327494978,9.574660437590223,0.9849960780365705,0.013299646977692484,13.193633079528809,6.697302341461182,10000.0,35.51399419146432,True,True
2271,1.0,0.635784339474548,11.095533264338947,1.17749986399731,0.009822226814808587,13.561846733093262,5.75874662399292,10000.0,37.272452895466984,True,True
2272,0.41675380829327796,0.41675380829327796,4.8124393675160615,0.41675380829327796,0.028135160414139545,4.801145553588867,5.760169982910156,10000.0,4.934471497384035,True,True
2273,0.8094648862175651,0.4560249160857066,18.229136459995466,0.8094648862175651,0.10169199260626988,10.97568416595459,6.779592514038086,10000.0,27.543854947941426,True,True
2274,0.4908609969470235,0.4595085241718383,1.7466826455167377,0.4908609969470235,-0.09031872121759082,6.17854642868042,6.293580532073975,10000.0,6.021065829974567,True,True
2275,0.5342292601404923,0.4669805977687037,12.071062247556993,0.5342292601404923,0.09941236602575017,7.082493305206299,6.628702163696289,10000.0,12.211827490681706,True,True
2276,0.4155291888656426,0.4155291888656426,7.8897757228008745,0.4155291888656426,0.07639851862320274,5.02564811706543,6.047286510467529,10000.0,6.016231801311541,True,True
2277,0.755233784396232,0.44949964841870155,2.4227153915125106,0.755233784396232,-0.10475393915855787,10.301237106323242,6.819899559020996,10000.0,17.915085143604173,True,True
2278,1.0,0.5045496835768314,30.88403829677463,1.0455211639156587,0.1339978301324568,12.575784683227539,6.014122486114502,10000.0,36.7434638220235,True,True
2279,0.5515100459317008,0.5092457198123184,3.646980415147247,0.5515100459317008,-0.026152790061630602,6.340841293334961,5.748618125915527,10000.0,7.555791083047254,True,True
2280,0.7700716066761525,0.5353283084987017,13.701092024124017,0.7700716066761525,0.06471654096317511,9.137166023254395,5.93267297744751,10000.0,18.575568562443607,True,True
2281,0.39951020255154557,0.39951020255154557,13.147419301653784,0.39951020255154557,0.14636410487743345,5.163086891174316,6.461771011352539,10000.0,7.282341341847847,True,True
2282,0.7289810262219952,0.4324572849185905,3.149359486577568,0.7289810262219952,-0.06943415532329071,9.744932174682617,6.683940887451172,10000.0,17.03692551655857,True,True
2283,0.9022531986642155,0.47943687629315296,12.133444246951807,0.9022531986642155,0.03418522264596151,11.150110244750977,6.1790361404418945,10000.0,25.994188769413242,True,True
2284,0.46906282928926246,0.46906282928926246,3.1131650096211008,0.46906282928926246,-0.027831155452810796,6.2269368171691895,6.637636184692383,10000.0,7.215375487141426,True,True
2285,0.7844160366015369,0.5005981500204899,8.507034723601466,0.7844160366015369,0.013782722441432157,10.115217208862305,6.447609901428223,10000.0,20.913509023197236,True,True
2286,0.5458743439609883,0.5051257694145398,11.337851770013463,0.5458743439609883,0.07519262393777272,6.4230265617370605,5.883246421813965,10000.0,9.686317153018415,True,True
2287,0.6425294137842655,0.5188661338515124,6.268045256302168,0.6425294137842655,0.0036681410633883035,7.442580699920654,5.791626453399658,10000.0,11.160441456794779,True,True
2288,0.47619225457227976,0.47619225457227976,5.888343872752415,0.47619225457227976,0.023055066238334858,5.660539150238037,5.943543910980225,10000.0,6.777702492236358,True,True
2289,0.48836754723112624,0.4774097838381644,6.894811147050352,0.48836754723112624,0.033909806353800996,6.495232582092285,6.649942874908447,10000.0,9.136854060500283,True,True
2290,0.5898737046416583,0.4886561759185138,13.993793096866387,0.5898737046416583,0.08562269091589646,9.212531089782715,7.808901309967041,10000.0,19.984108872711673,True,True
2291,0.474321973439972,0.474321973439972,3.6753914598887447,0.474321973439972,-0.01739451573896197,5.759230613708496,6.071013927459717,10000.0,6.345270391203822,True,True
2292,0.5249044096406841,0.47938021706004325,5.591606896130137,0.5249044096406841,0.008066021713642542,6.592087268829346,6.279321670532227,10000.0,8.851180096725301,True,True
2293,0.7414284225518463,0.5055850376092236,2.2069753108300922,0.7414284225518463,-0.11871840149838324,9.810988426208496,6.616274833679199,10000.0,15.354922897570944,True,True
2294,0.5351452195496628,0.5085410558032675,9.183359983343275,0.5351452195496628,0.04739079546097601,7.2770514488220215,6.799137115478516,10000.0,11.783515590833233,True,True
2295,0.5855477698025296,0.5162417272031937,9.557763417431818,0.5855477698025296,0.04192989458755933,7.655373573303223,6.536933422088623,10000.0,12.804170545765842,True,True
2296,0.4903956736076826,0.4903956736076826,4.444881600312738,0.4903956736076826,-0.006991262259387023,6.130757808685303,6.250827789306641,10000.0,7.385850801365656,True,True
2297,0.49827297997776765,0.4911834042446911,10.893480206635509,0.49827297997776765,0.06803591206557547,6.016299724578857,6.037152290344238,10000.0,8.452962296817482,True,True
2298,0.45078014404008154,0.45078014404008154,6.9864424797031095,0.45078014404008154,0.03488503248308169,5.4422407150268555,6.036468982696533,10000.0,6.440208967026059,True,True
2299,0.3966900322161878,0.3966900322161878,9.694926901704687,0.3966900322161878,0.07751279901416534,5.20823335647583,6.564613342285156,10000.0,6.4764331996277384,True,True
2300,0.4689960577034567,0.4039206347649147,5.336121223661862,0.4689960577034567,0.008589302025221462,6.326197624206543,6.744403839111328,10000.0,8.152182036953633,True,True
2301,0.5416967844237497,0.4176982497307982,4.52249164856467,0.5416967844237497,-0.015748905702573486,6.559496879577637,6.054583549499512,10000.0,8.344142917435953,True,True
2302,0.47462980884570466,0.4233914056422889,3.334932184803957,0.47462980884570466,-0.0298600950868252,9.452587127685547,9.957852363586426,10000.0,16.680273460520198,True,True
2303,0.4717270981900002,0.42822497489706,2.7892702368214475,0.4717270981900002,-0.04475107536698656,6.681176662445068,7.0816121101379395,10000.0,8.020930701039802,True,True
2304,0.5447611806969378,0.4398785954770478,8.945457281260817,0.5447611806969378,0.03485302330944199,6.502018451690674,5.967769622802734,10000.0,9.050134494905677,True,True
2305,0.914779733736934,0.4873687093030364,10.35405051450139,0.914779733736934,0.005303280569302503,10.46765422821045,5.721406936645508,10000.0,22.06915112600022,True,True
2306,0.4113701834776272,0.4113701834776272,8.436902428379991,0.4113701834776272,0.05219042082753658,5.893283843994141,7.162993431091309,10000.0,7.852466282601011,True,True
2307,0.644272706674039,0.4346604357972684,3.2764115993676173,0.644272706674039,-0.059609390533678586,9.940999031066895,7.714900016784668,10000.0,17.777567626750965,True,True
2308,0.6903678768523207,0.4602311799027736,7.186191059131612,0.6903678768523207,-0.0024756353097471944,9.537481307983398,6.907535552978516,10000.0,18.117648043159647,True,True
2309,0.6942921641781411,0.48363727833031034,5.3184615609517385,0.6942921641781411,-0.02565671200124033,9.489348411560059,6.833829402923584,10000.0,17.204870201453303,True,True
2310,0.9647729124916892,0.5317508417464483,8.610399304958019,0.9647729124916892,-0.014630836733139781,12.554281234741211,6.506340026855469,10000.0,30.886509504954617,True,True
2311,0.4561750701128143,0.4561750701128143,15.847573328734546,0.4561750701128143,0.10114148170833107,6.150289058685303,6.74114990234375,10000.0,9.478102751574887,True,True
2312,0.5328263535800386,0.4638401984595367,17.87822547135386,0.5328263535800386,0.09532713723047184,7.7899298667907715,7.3100080490112305,10000.0,14.654489057646693,True,True
2313,0.7552657373739684,0.4929827523509799,5.172333908977886,0.7552657373739684,-0.03578192936808155,8.943561553955078,5.920804500579834,10000.0,15.063373002299947,True,True
2314,0.6531386947965018,0.508998346595532,11.790700622431839,0.6531386947965018,0.03416047846535371,7.839009761810303,6.001029968261719,10000.0,13.107965865100844,True,True
2315,0.6074177284754759,0.5188402847835264,2.424962485895496,0.6074177284754759,-0.08617911002382182,8.731934547424316,7.187750816345215,10000.0,12.443003349968038,True,True
2316,0.4715765233286915,0.4715765233286915,18.960939335895706,0.4715765233286915,0.11108218094546886,5.7527756690979,6.099514484405518,10000.0,8.456986193872751,True,True
2317,0.5289340621636203,0.4773122772121844,4.227026212828156,0.5289340621636203,-0.02550360652892264,6.7495503425598145,6.3803324699401855,10000.0,8.58705538015738,True,True
2318,0.480999235189183,0.47768097300988427,1.5494799122234424,0.480999235189183,-0.11260504236234123,7.306494235992432,7.595120429992676,10000.0,7.692004896463615,True,True
2319,0.7688985109270253,0.5068027268015984,7.752829348060257,0.7688985109270253,-0.010034008290539752,9.166667938232422,5.960908889770508,10000.0,16.527692956019777,True,True
2320,0.5000076888244653,0.5000076888244653,8.007701876286456,0.5000076888244653,0.020729100392406868,6.387840270996094,6.387742042541504,10000.0,8.583820988523598,True,True
2321,0.4023562096578655,0.4023562096578655,7.072269050738971,0.4023562096578655,0.02655340372220235,5.186001777648926,6.444540500640869,10000.0,5.735994665115204,True,True
2322,0.6286021226340194,0.4249808009554809,7.332362630068739,0.6286021226340194,-0.0017625875925767738,7.493994235992432,5.960840702056885,10000.0,11.198528769727453,True,True
2323,0.8390235743673011,0.4663850782966629,7.687901178678286,0.8390235743673011,-0.018231646321634244,9.83122730255127,5.858731269836426,10000.0,18.840847704207675,True,True
2324,0.6482719530024926,0.48457376576724587,8.515868089686467,0.6482719530024926,0.0049085243389535346,8.674555778503418,6.690522193908691,10000.0,15.18762777257458,True,True
2325,0.9775580379254407,0.5338721929830653,8.973379142460125,0.9775580379254407,-0.018912119637898215,11.969176292419434,6.12197732925415,10000.0,27.91240358280416,True,True
2326,0.8242055422062207,0.5629055279053808,17.82413106777445,0.8242055422062207,0.03737824088953968,9.196248054504395,5.578855991363525,10000.0,17.99366471928542,True,True
2327,0.7931312310172619,0.5859280982165689,22.879206352798352,0.7931312310172619,0.05929448842176088,9.416141510009766,5.9360551834106445,10000.0,19.67465624265364,True,True
2328,0.7189089646662267,0.5992261848615347,7.049715245445404,0.7189089646662267,-0.015787772675633308,7.932978630065918,5.517373561859131,10000.0,12.172353739404834,True,True
2329,0.5642563170626579,0.5642563170626579,4.231779020806973,0.5642563170626579,-0.03420224611455834,7.422031879425049,6.576826572418213,10000.0,10.07526945003292,True,True
2330,0.5924527003909345,0.5670759553954855,12.309796780190828,0.5924527003909345,0.031021250613252015,6.200942516326904,5.233280658721924,10000.0,8.261201106792605,True,True
2331,0.48388717603399223,0.48388717603399223,2.4618129528084842,0.48388717603399223,-0.06546980014381584,6.011572360992432,6.211750030517578,10000.0,6.044793822890014,True,True
2332,0.3658463388652904,0.3658463388652904,17.354671813142627,0.3658463388652904,0.10202812370778319,4.443967342376709,6.073543548583984,10000.0,4.957237986151114,True,True
2333,0.9486753393809944,0.4241292389168607,34.84746746332549,0.9486753393809944,0.07325162916741644,12.01683235168457,6.333479881286621,10000.0,31.245398671039382,True,True
2334,0.6087361566703512,0.44258993069220975,23.6803106520358,0.6087361566703512,0.07728094467720142,8.049330711364746,6.611510276794434,10000.0,14.778609062751755,True,True
2335,0.5343193507450086,0.4517628726974896,3.3694718545046496,0.5343193507450086,-0.048662783259564905,6.509280204772949,6.091188907623291,10000.0,7.602494989820109,True,True
2336,0.5604905384616291,0.46263563927390355,2.8919327660623857,0.5604905384616291,-0.06531857714490254,7.2604546546936035,6.476875305175781,10000.0,9.121804114693617,True,True
2337,0.4514792240293451,0.4514792240293451,4.623967827959465,0.4514792240293451,-0.016721339270890884,5.836695194244385,6.463968753814697,10000.0,6.528579135416447,True,True
2338,0.6284872367085008,0.46918002529726066,16.763609469393437,0.6284872367085008,0.04104809266227188,8.153021812438965,6.486227035522461,10000.0,14.312811222718906,True,True
2339,1.0,0.5222620227675345,22.211964474395316,1.186115866161413,0.017417882438142324,19.025733947753906,8.020183563232422,10000.0,73.78377457291128,True,True
2340,1.0,0.570035820490781,8.989536140974481,1.0850756248720097,-0.030965342833927493,12.956306457519531,5.970232009887695,10000.0,32.207805076970544,True,True
2341,0.8129407530357196,0.5943263137452749,3.0457026237189835,0.8129407530357196,-0.09806693843731804,10.505245208740234,6.46126127243042,10000.0,18.11590065294358,True,True
2342,0.658972714264568,0.6007909537972043,10.033527286151688,0.658972714264568,0.003671139948631446,9.234108924865723,7.006442546844482,10000.0,17.196451197866978,True,True
2343,0.4522024421352263,0.4522024421352263,1.3232187545704852,0.4522024421352263,-0.12954116763624926,6.103758335113525,6.748922348022461,10000.0,5.038088983305542,True,True
2344,0.4777261617973368,0.45475481410143737,4.5858445577911295,0.4777261617973368,-0.023206728960836382,6.374298095703125,6.671497821807861,10000.0,7.677541334322001,True,True
2345,0.7942098818475952,0.48870032087605314,8.884741353916299,0.7942098818475952,-0.014787315609222727,10.90146255493164,6.863086700439453,10000.0,23.227702254234003,True,True
2346,0.3808915887377855,0.3808915887377855,8.715287763517283,0.3808915887377855,0.023987516069559584,5.229308605194092,6.86456298828125,10000.0,5.797111028820051,True,True
2347,0.636873435702274,0.4064897734342343,11.603798562829365,0.636873435702274,0.010517073276284318,9.144243240356445,7.179011344909668,10000.0,17.0040816449132,True,True
2348,0.3705311753823362,0.3705311753823362,13.599673969658078,0.3705311753823362,0.0528956506939702,4.7629194259643555,6.427150726318359,10000.0,5.137059827339197,True,True
2349,0.5016955191355809,0.3836476097576607,48.19935503728341,0.5016955191355809,0.1592977487472738,6.815107822418213,6.7920756340026855,10000.0,12.118037519063265,True,True
2350,0.8177232025344615,0.4270551690353408,3.2342479421246764,0.8177232025344615,-0.09352681000912978,10.520221710205078,6.4326300621032715,10000.0,19.43209059253094,True,True
2351,0.5608959862084606,0.4404392507526528,8.454369155290026,0.5608959862084606,-0.0016487179686442092,10.840088844299316,9.663189888000488,10000.0,23.42544007770482,True,True
2352,0.7955617754484103,0.4759515032222285,30.149863032055435,0.7955617754484103,0.050219277483951184,9.759539604187012,6.1337409019470215,10000.0,20.48055227221323,True,True
2353,0.6700547573335742,0.4953618286333631,4.444769500790505,0.6700547573335742,-0.0493298318330306,8.119234085083008,6.0586347579956055,10000.0,11.982343879413257,True,True
2354,0.5357677466757603,0.49940242043760286,6.055008701559315,0.5357677466757603,-0.017708107204288462,6.987485408782959,6.521002292633057,10000.0,9.362034072761688,True,True
2355,0.38829461056949155,0.38829461056949155,13.593623362503465,0.38829461056949155,0.04133062891536717,5.514021873474121,7.100306987762451,10000.0,6.709204700314196,True,True
2356,0.49301364993763125,0.3987665145063055,1.4954625550048977,0.49301364993763125,-0.12623805836191704,7.449664115905762,7.555231094360352,10000.0,8.266193401100509,True,True
2357,0.5689524093915359,0.4157851039948286,5.303154248953935,0.5689524093915359,-0.029110987276221176,7.035668849945068,6.183002948760986,10000.0,9.37358803909867,True,True
2358,0.368401160627625,0.368401160627625,28.019551631036244,0.368401160627625,0.102035841626947,5.1512932777404785,6.991418361663818,10000.0,6.660966974281049,True,True
2359,0.5863052066881133,0.3901915652336738,25.099830950974393,0.5863052066881133,0.04979112934795656,7.498157501220703,6.394414901733398,10000.0,12.175978256192316,True,True
2360,0.43851274981801047,0.3950236836921075,9.019096393493037,0.43851274981801047,0.008459766951894333,5.945881366729736,6.779599189758301,10000.0,7.205411652389554,True,True
2361,0.5626230940104374,0.4117836247239405,5.373852947660366,0.5626230940104374,-0.028945771396802253,6.689608097076416,5.945017337799072,10000.0,8.476138925967078,True,True
2362,0.694261193616427,0.4400313816131891,45.08596214831782,0.694261193616427,0.07764352177265979,8.103124618530273,5.835789680480957,10000.0,14.74775243163458,True,True
2363,0.6349740341545145,0.45952564686732167,39.441332610732935,0.6349740341545145,0.07190238069281445,8.163869857788086,6.428506851196289,10000.0,15.063794601715486,True,True
2364,0.4782250708696427,0.4613955892675538,1.6915268260649308,0.4782250708696427,-0.10789547387729789,5.801629066467285,6.065793514251709,10000.0,4.979860064165983,True,True
2365,0.47940025455418045,0.4631960557962165,51.50068579518465,0.47940025455418045,0.1255352035216681,7.1313910484313965,7.437825679779053,10000.0,13.255605166359558,True,True
2366,0.685407855944265,0.48541723581102136,9.02270097884954,0.685407855944265,-0.014707594915597264,9.15998363494873,6.682140827178955,10000.0,16.344074389453937,True,True
2367,0.7542028212508499,0.5122957943550042,12.174824513207222,0.7542028212508499,-0.006095662921984092,9.41812801361084,6.243763446807861,10000.0,17.556593195807125,True,True
2368,0.6219533809593868,0.5232615530154424,44.30045499636129,0.6219533809593868,0.07414553201118436,7.877817153930664,6.333125114440918,10000.0,14.347654829521204,True,True
2369,0.5368122527678207,0.5246166229906802,6.257581136683927,0.5368122527678207,-0.02135954031998221,6.314216136932373,5.881214618682861,10000.0,7.557743329873091,True,True
2370,0.728955849452381,0.5450505456368503,29.320880115605856,0.728955849452381,0.03296349756579058,8.539287567138672,5.857204914093018,10000.0,15.482518931885949,True,True
2371,0.5250510157845988,0.5250510157845988,73.41427225880906,0.5250510157845988,0.14238092945303715,7.17757511138916,6.8351216316223145,10000.0,13.97107767661938,True,True
2372,0.43383510901791456,0.43383510901791456,15.54260059666212,0.43383510901791456,0.025173735490502475,5.987637042999268,6.900821208953857,10000.0,7.621621303522872,True,True
2373,0.9687477239609721,0.4873263705122203,60.319494450133135,0.9687477239609721,0.05504187268484755,12.748149871826172,6.579705715179443,10000.0,34.75298331253771,True,True
2374,0.6188999135869553,0.5004837248196938,4.770126412144055,0.6188999135869553,-0.04419175601596736,7.091923713684082,5.729459285736084,10000.0,9.160388456916948,True,True
2375,0.7756693942377674,0.5280022917615012,115.83103374043009,0.7756693942377674,0.1370835740801427,9.620159149169922,6.201198101043701,10000.0,22.82745712155996,True,True
2376,0.5096497504890266,0.5096497504890266,34.02634325757217,0.5096497504890266,0.05486159275371236,6.243633270263672,6.125415802001953,10000.0,8.865924822256456,True,True
2377,0.9641754164175056,0.5551023170818745,14.467443245433508,0.9641754164175056,-0.013214839939720734,11.212728500366211,5.814672470092773,10000.0,24.666787879100823,True,True
2378,0.9734246401233447,0.5969345493860215,194.04187486444386,0.9734246401233447,0.16988772501329505,11.175056457519531,5.740072727203369,10000.0,31.48150522804295,True,True
2379,0.6871457568377618,0.6059556701311956,6.058724231613387,0.6871457568377618,-0.03774492126774296,8.42408275604248,6.129764080047607,10000.0,13.011990914578753,True,True
2380,1.0,0.645360103118076,7.719962034291189,1.009795583633476,-0.04583536347106013,13.729559898376465,6.798187732696533,10000.0,34.939251011926075,True,True
2381,0.8756725430407745,0.6683913471103459,59.174840487156224,0.8756725430407745,0.04761209931706347,10.543707847595215,6.02034854888916,10000.0,24.254009825166364,True,True
2382,0.9449276460753078,0.6960449770068421,54.007243868033314,0.9449276460753078,0.036980641066049084,11.675808906555176,6.178149700164795,10000.0,29.121668596091993,True,True
2383,0.5513126514696657,0.5513126514696657,7.172921054430451,0.5513126514696657,-0.020895165900969244,6.804956912994385,6.171595096588135,10000.0,8.77768691167244,True,True
2384,0.5409194532249165,0.5409194532249165,2.823217147914388,0.5409194532249165,-0.0725256396039615,6.4484052658081055,5.960596561431885,10000.0,6.808508042692019,True,True
2385,0.5894179019462571,0.5457692980970505,26.39722898069591,0.5894179019462571,0.02256424129579057,7.816869258880615,6.631007671356201,10000.0,12.859014532719968,True,True
2386,0.7172553271204252,0.562917900999388,67.29030544120864,0.7172553271204252,0.05963626034264813,8.41661548614502,5.8672380447387695,10000.0,15.825662337128556,True,True
2387,0.5030790924732677,0.5030790924732677,26.519937639253335,0.5030790924732677,0.02722238776631925,8.097007751464844,8.047450065612793,10000.0,14.004677663184651,True,True
2388,0.9218944958985661,0.5449606328157974,146.90111418530705,0.9218944958985661,0.09931541772393362,11.358555793762207,6.160442352294922,10000.0,29.59054553646888,True,True
2389,0.6093560115913087,0.5514001706933486,71.23097342950479,0.6093560115913087,0.06888778302091877,7.440195083618164,6.104965686798096,10000.0,12.796648378096172,True,True
2390,0.3902932101556295,0.3902932101556295,30.2787732287183,0.3902932101556295,0.041280493701648144,5.083636283874512,6.5125861167907715,10000.0,5.70208485916849,True,True
2391,0.47812166878099843,0.3990760560181664,6.598084471932146,0.47812166878099843,-0.020901353363930307,6.562469959259033,6.862761497497559,10000.0,8.237541217366783,True,True
2392,0.44501530493107233,0.40366998090945705,6.418330881928703,0.44501530493107233,-0.01957813928943223,6.024949550628662,6.769373416900635,10000.0,6.937674140220736,True,True
2393,0.750979406469264,0.43840092346543774,111.17066932103035,0.750979406469264,0.07722988043066699,8.079384803771973,5.379231929779053,10000.0,14.526775223777996,True,True
2394,0.6023104404583051,0.4547918751647244,140.73129596814024,0.6023104404583051,0.12004735163862913,7.263956069946289,6.030076503753662,10000.0,12.944461595501622,True,True
2395,0.8730612091211146,0.4966188085603634,34.76053252201452,0.8730612091211146,0.009995230291361144,10.039173126220703,5.7494096755981445,10000.0,20.44350768519338,True,True
2396,0.4784581062658577,0.4784581062658577,26.0311406225449,0.4784581062658577,0.019028116808518836,7.68953800201416,8.035748481750488,10000.0,12.388355645696699,True,True
2397,0.540967651670774,0.48470906080634935,102.4791250535081,0.540967651670774,0.08630048857527806,6.5709686279296875,6.073347091674805,10000.0,10.304892987640152,True,True
2398,0.7302139534070151,0.5092595500664159,23.17719790097946,0.7302139534070151,0.0016897726683692729,9.714198112487793,6.651610851287842,10000.0,18.928732381481126,True,True
2399,0.8623633074329634,0.5445699258030706,15.605164342353776,0.8623633074329634,-0.014228456933920807,10.5383882522583,6.1101789474487305,10000.0,21.712595433428206,True,True
2400,0.6996879689555554,0.5600817301183191,4.154072212587491,0.6996879689555554,-0.0647402940904247,13.121758460998535,9.376864433288574,10000.0,29.974661894384667,True,True
2401,0.706411072189968,0.5747146643254839,11.378204288727325,0.706411072189968,-0.018350682092293888,9.450329780578613,6.688973426818848,10000.0,17.19507657323392,True,True
2402,0.8046652580187077,0.5977097236948062,9.920617902307958,0.8046652580187077,-0.027651600417325336,10.308493614196777,6.405454635620117,10000.0,20.161678958820147,True,True
2403,0.5166936743906451,0.5166936743906451,6.859168463985063,0.5166936743906451,-0.02519475774275844,5.554403781890869,5.374948501586914,10000.0,5.781633482657071,True,True
2404,0.7796817929856169,0.5429924862501423,4.534506425210452,0.7796817929856169,-0.066588799081414,9.717133522033691,6.231473922729492,10000.0,16.695142619380732,True,True
2405,0.5111544781751928,0.5111544781751928,68.7636315904322,0.5111544781751928,0.04227331961947485,6.615634441375732,6.471267223358154,10000.0,9.678403950517463,True,True
2406,0.5935210417899629,0.5193911345366697,180.99555078329234,0.5935210417899629,0.09673368184879334,7.896141052246094,6.651947021484375,10000.0,15.10878767668897,True,True
2407,0.6554499709795011,0.5329970181809529,41.04939176045904,0.6554499709795011,0.012854154760249469,7.464498996734619,5.694179058074951,10000.0,11.434954899310533,True,True
2408,0.6034842100738089,0.5400457373702385,6.248880592375074,0.6034842100738089,-0.035528987185773846,8.541573524475098,7.076882362365723,10000.0,13.43186861395342,True,True
2409,0.4947146881595673,0.4947146881595673,79.52492182663977,0.4947146881595673,0.042384164477459636,6.103626728057861,6.168835163116455,10000.0,8.240347172553339,True,True
2410,0.8453808672023034,0.5297813060638409,226.1662897817709,0.8453808672023034,0.06957979288567223,10.518346786499023,6.221069812774658,10000.0,24.5392072339381,True,True
2411,1.0,0.5768031754574567,40.83269766968351,1.2990107509744644,-0.004767865648197268,13.431882858276367,5.170042991638184,10000.0,35.89211770473665,True,True
2412,0.6617742719322017,0.5853002851049313,158.66052050241174,0.6617742719322017,0.05581166982868901,8.854190826416016,6.689736366271973,10000.0,17.614252886229195,True,True
2413,0.7670164507258997,0.603471901667028,131.76528788552517,0.7670164507258997,0.03671895434561587,8.970531463623047,5.8476786613464355,10000.0,17.256469365603834,True,True
2414,0.526420942374554,0.526420942374554,465.41231155917507,0.526420942374554,0.18976583811706235,6.652142524719238,6.318273067474365,10000.0,13.048864101146776,True,True
2415,0.8041336227670444,0.5541922104138031,179.6285240263123,0.8041336227670444,0.04363800750700553,9.201860427856445,5.721599102020264,10000.0,18.208110879173276,True,True
2416,0.6705302766722663,0.5658260170396494,38.264579369330455,0.6705302766722663,0.003949502421604058,8.327709197998047,6.209793567657471,10000.0,13.985713546451343,True,True
2417,0.8184990159948075,0.5910933169351652,228.0806804458801,0.8184990159948075,0.048938767138144934,9.978142738342285,6.095390796661377,10000.0,21.672049296826742,True,True
2418,0.7080827266012452,0.6027922579017732,276.31189759651784,0.7080827266012452,0.065304209083986,8.460312843322754,5.974099159240723,10000.0,16.304987462812086,True,True
2419,0.495676723737893,0.495676723737893,111.55984757424099,0.495676723737893,0.03412506577854505,5.210566997528076,5.2560133934021,10000.0,5.893249599024397,True,True
2420,0.5531789510609135,0.501426946470195,20.01058479002114,0.5531789510609135,-0.005644096913548289,7.309013843536377,6.6063737869262695,10000.0,10.547682135032026,True,True
2421,0.6106422203890832,0.5123484738620838,3.8193221225608127,0.6106422203890832,-0.06302633165607938,8.58092212677002,7.0261454582214355,10000.0,12.77956763979676,True,True
2422,1.0,0.5611136264758754,645.8818883715975,1.1821783727757718,0.07035988515856999,15.142293930053711,6.404403209686279,10000.0,49.686468465192974,True,True
2423,0.5641561184108229,0.5614178756693701,183.19581705446345,0.5641561184108229,0.038057376771297585,7.089835166931152,6.283575534820557,10000.0,11.005001553733862,True,True
2424,0.4883346683275802,0.4883346683275802,151.0529134929529,0.4883346683275802,0.03341065925266358,6.855476379394531,7.019239902496338,10000.0,10.184620948788215,True,True
2425,0.7820962024954912,0.5177108217443713,19.793940619685063,0.7820962024954912,-0.01316980417885732,9.19209098815918,5.876573085784912,10000.0,16.530604549938502,True,True
2426,0.7974819789163681,0.5456879374615711,560.5345804570364,0.7974819789163681,0.06661905619537462,9.231731414794922,5.788050174713135,10000.0,18.987460682464047,True,True
2427,0.5855694039617835,0.5496760841115923,194.92287537868432,0.5855694039617835,0.028021432724285148,7.783608436584473,6.646187782287598,10000.0,12.913714702414445,True,True
2428,0.7315312978110964,0.5678616054815427,614.2583570228278,0.7315312978110964,0.06696583660479971,9.643254280090332,6.591142654418945,10000.0,21.01549001421448,True,True
2429,0.9109452499249189,0.6021699699258803,463.6633745463189,0.9109452499249189,0.03646279139874375,12.652624130249023,6.944777488708496,10000.0,33.94711583437589,True,True
2430,0.7929957743453205,0.6212525503678243,1338.064485706626,0.7929957743453205,0.11176222420391917,11.761640548706055,7.415954113006592,10000.0,33.72340907111911,True,True
2431,0.4202068637074468,0.4202068637074468,139.74537588964483,0.4202068637074468,0.018719144694537986,4.983149528503418,5.929400444030762,10000.0,5.198770678837814,True,True
2432,0.8753058485449385,0.46571676219119595,107.77633103256387,0.8753058485449385,0.0033721869601527157,9.902292251586914,5.65647554397583,10000.0,19.699044432698273,True,True
2433,0.5173692866001994,0.47088201463209634,8.480195127266263,0.5173692866001994,-0.023610618900315076,7.66231632232666,7.405074596405029,10000.0,11.111393150248936,True,True
2434,0.9886823200872128,0.522662045177608,8.386585373788904,0.9886823200872128,-0.046783080312697095,13.317757606506348,6.735104560852051,10000.0,33.2792982417366,True,True
2435,0.46406132553072715,0.46406132553072715,127.18660197246963,0.46406132553072715,0.008772839625438685,5.51393461227417,5.940954685211182,10000.0,6.214057386400892,True,True
2436,0.33846695661998066,0.33846695661998066,296.7823636382461,0.33846695661998066,0.028059524471140237,4.702765464782715,6.947155952453613,10000.0,4.733482867276795,True,True
2437,0.6399200092246528,0.3686122618804479,4.248225706708989,0.6399200092246528,-0.06005663088165429,7.340779781341553,5.735701084136963,10000.0,9.845316125561205,True,True
2438,0.6173582779400265,0.3934868634864057,71.3876220393573,0.6173582779400265,-0.0006959418570769246,8.148137092590332,6.599196434020996,10000.0,13.263702708300123,True,True
2439,0.5240599465547096,0.4065441717932361,2.6294146255894266,0.5240599465547096,-0.07961234769332895,6.792030334472656,6.480203628540039,10000.0,7.801789335133556,True,True
2440,0.5895358756310212,0.4248433421770146,11.308045342079021,0.5895358756310212,-0.020533358276223247,7.821328163146973,6.633462429046631,10000.0,11.782040022452414,True,True
2441,0.49982636078566656,0.4323416440378798,21.176030479121103,0.49982636078566656,-0.008871234719566178,5.388795852661133,5.390667915344238,10000.0,5.696408690393618,True,True
2442,0.7913819146313047,0.46824567109722226,31.45326023574166,0.7913819146313047,-0.009641563332481971,10.575179100036621,6.681463718414307,10000.0,22.047890024022195,True,True
2443,0.631848805840228,0.4846059845715228,6915.5811759667595,0.631848805840228,0.08894192296412762,7.888098239898682,6.242077350616455,10000.0,14.566669758021959,True,True
2444,0.42059381676962476,0.42059381676962476,4456.862265920224,0.42059381676962476,0.06325287564063636,6.144408226013184,7.304444313049316,10000.0,8.744767193856841,True,True
2445,0.46342333898148125,0.4248767689908104,4.850019793226355,0.46342333898148125,-0.03817596602357658,6.046726226806641,6.523976802825928,10000.0,6.6727184726633055,True,True
2446,0.5645328460535934,0.4388423766970887,8422.495978315654,0.5645328460535934,0.03957707740273423,6.698749542236328,5.933002471923828,10000.0,9.66492154882151,True,True
2447,0.6926152968784703,0.4642196687152269,13690.81129859074,0.6926152968784703,0.029494870623947827,10.058107376098633,7.26096248626709,10000.0,21.23305988339436,True,True
2448,0.48700163624293774,0.466497865467998,3.8426715736242616,0.48700163624293774,-0.050688629939662215,6.81854772567749,7.0005388259887695,10000.0,8.1698055136725,True,True
2449,0.4522177673060644,0.4522177673060644,10.806417168891977,0.4522177673060644,-0.016734879019984553,8.033286094665527,8.882099151611328,10000.0,12.366755386149023,True,True
