step,lambda_raw,lambda_used,lambda_curvature,lambda_norm,grad_cosine,emotion_grad_norm,alignment_grad_norm,beta,directional_margin,constraint_active,feasible
0,0.5300256312613509,0.5300256312613509,28.206338146369404,0.5300256312613509,-0.007516404696149096,5.17673921585083,4.883480072021484,0.0,5.259011111694861,True,True
1,0.8695860298702981,0.5639816711222456,8.17922076888225,0.8695860298702981,-0.01646572409115867,8.721158981323242,5.0145463943481445,10000.0,14.805605316957099,True,True
2,0.7293304581019432,0.5805165498202154,10.488048600026875,0.7293304581019432,0.03136601232656239,6.713129997253418,4.602255344390869,10000.0,9.57578395119944,True,True
3,1.0,0.6224648948381939,12.9535569836538,1.0996122740443004,0.031403091754030193,7.714674472808838,3.507906675338745,10000.0,12.43223707735686,True,True
4,0.6003412750569522,0.6003412750569522,3.3334606121167334,0.6003412750569522,-0.03101361706740125,5.744676113128662,4.78450870513916,10000.0,6.088515831968536,True,True
5,1.0,0.640307147551257,9.183410711321455,1.1896356166204505,0.014603324537058282,12.546195030212402,5.273125171661377,10000.0,32.10001659839054,True,True
6,0.4452057056224677,0.4452057056224677,3.607170767885738,0.4452057056224677,0.032122000631430184,5.284622669219971,5.93503475189209,10000.0,6.033986709562427,True,True
7,0.9772947846455797,0.4984146135247789,5.819170440575128,0.9772947846455797,0.003714456378940974,8.443196296691895,4.319677352905273,10000.0,14.325034574251376,True,True
8,0.6793156077921286,0.5165047129515139,3.1491672354099403,0.6793156077921286,-0.02127224494757821,6.735856056213379,4.957825183868408,10000.0,8.707431162566536,True,True
9,0.7976708481728576,0.5446213264736482,2.913194645115215,0.7976708481728576,-0.048781649098469555,6.33706521987915,3.9722306728363037,10000.0,7.362913777111444,True,True
10,0.861934970593884,0.5763526908856718,4.068198940889674,0.861934970593884,-0.0032203700808429124,6.912213325500488,4.009706974029541,10000.0,9.504295896947369,True,True
11,0.6917709624848598,0.5878945180455906,3.724297430709319,0.6917709624848598,0.025433748894761538,6.312278747558594,4.562405109405518,10000.0,8.399588241528892,True,True
12,0.6952997530189035,0.5986350415429218,2.880721338569679,0.6952997530189035,-0.008519064100167057,6.974248886108398,5.015282154083252,10000.0,9.549649228186553,True,True
13,0.868415182102074,0.625613055598837,3.1818761905074333,0.868415182102074,-0.02197015265842263,8.089540481567383,4.6576457023620605,10000.0,12.570252992067395,True,True
14,0.9396240014295801,0.6570141501819112,2.7733397001457645,0.9396240014295801,-0.05361285725627436,8.108596801757812,4.314809322357178,10000.0,11.917470402741486,True,True
15,0.649226163333276,0.649226163333276,3.132223145861756,0.649226163333276,0.041323930946136345,6.123600959777832,4.716076850891113,10000.0,8.274490222031535,True,True
16,1.0,0.6843035469999483,3.8953873182333667,1.0465712579282551,0.001475930120187782,8.567916870117188,4.093327045440674,10000.0,14.717261343801496,True,True
17,0.7732788119718028,0.6932010734971338,2.7776249101356076,0.7732788119718028,0.0018399688596067749,7.416398048400879,4.7954230308532715,10000.0,11.045953737257982,True,True
18,0.9753056020428734,0.7214115263517077,2.6559560386212264,0.9753056020428734,-0.04518737496430259,8.5217924118042,4.368780612945557,10000.0,13.31054500386243,True,True
19,1.0,0.7492703737165369,3.5729705858457246,1.1172825211950146,-0.0071169652248692875,10.992682456970215,4.919383525848389,10000.0,23.8794450521884,True,True
20,1.0,0.7743433363448833,3.4734074545184312,1.0873652989560965,-0.0007006513224917279,11.162208557128906,5.132685661315918,10000.0,24.887896446117026,True,True
21,1.0,0.796909002710395,3.8861806357005184,1.0016957094314631,0.04651524825351666,9.470047950744629,4.72700834274292,10000.0,19.595729302971435,True,True
22,0.8329460374999452,0.80051270618935,2.7703293730625815,0.8329460374999452,0.021337298715376433,7.974785327911377,4.78709602355957,10000.0,13.371517092677202,True,True
23,1.0,0.820461435570415,2.8669775662287664,1.1429199379652792,-0.03218292857756922,9.370633125305176,4.099426746368408,10000.0,16.547431141090314,True,True
24,1.0,0.8384152920133735,3.5318578505037075,1.0373894545690063,0.04070921352502418,8.050006866455078,3.879934787750244,10000.0,14.02655985047054,True,True
25,0.5856218655793297,0.5856218655793297,2.391916907136792,0.5856218655793297,0.09027260321540527,5.614355087280273,4.793498516082764,10000.0,7.72693720695267,True,True
26,0.6742905132192846,0.5944887303433252,1.9988768543132922,0.6742905132192846,0.0239297926106902,5.685397148132324,4.215836524963379,10000.0,6.805726751988285,True,True
27,0.6597239115416966,0.6010122484631623,2.6742926247472187,0.6597239115416966,0.1053958831700737,6.781421184539795,5.139590263366699,10000.0,11.405316648253319,True,True
28,0.6589757397189538,0.6068085975887414,2.115982286281945,0.6589757397189538,0.056658849265892215,6.192397117614746,4.6985015869140625,10000.0,8.669473420367307,True,True
29,0.8161953686628513,0.6277472746961523,2.1318461912331523,0.8161953686628513,0.015144214837879928,6.853050231933594,4.19816780090332,10000.0,9.666370816863072,True,True
30,0.9447332511294666,0.6594458723394837,2.6270772568950944,0.9447332511294666,0.03676698988136643,7.179637908935547,3.7998228073120117,10000.0,10.970899385462076,True,True
31,0.7680018344953062,0.6703014685550659,1.502067584991445,0.7680018344953062,-0.0406142871162957,7.761434555053711,5.053005218505859,10000.0,10.98029414410206,True,True
32,0.8338617780399011,0.6866574995035494,2.0469658719090646,0.8338617780399011,0.020513631590637058,7.282494068145752,4.366727352142334,10000.0,11.054883031602031,True,True
33,0.8912525142355878,0.7071170009767532,1.8530712047284539,0.8912525142355878,-0.013162238716839487,6.3310346603393555,3.551762580871582,10000.0,7.807114223162358,True,True
34,0.8076781973560571,0.7171731206146835,1.6677585952938314,0.8076781973560571,-0.008374135460415157,6.934837818145752,4.293069839477539,10000.0,9.43959481068044,True,True
35,0.6539097986451651,0.6539097986451651,1.0417171167757762,0.6539097986451651,-0.06677876650205812,10.509157180786133,8.035632133483887,10000.0,18.400873821841685,True,True
36,0.5030850450687545,0.5030850450687545,1.1782005415038221,0.5030850450687545,0.03632718902789773,4.557603359222412,4.5296549797058105,10000.0,4.531639290919092,True,True
37,0.779931749142372,0.5307697154761162,1.7506805995352737,0.779931749142372,0.03258324476114147,6.126117706298828,3.927342176437378,10000.0,7.921951010907982,True,True
38,0.9392647328030609,0.5716192172088106,1.3814304108333981,0.9392647328030609,-0.06806591067163502,8.602240562438965,4.579241752624512,10000.0,13.267063316660767,True,True
39,0.9436726685758265,0.6088245623455122,1.538828096977931,0.9436726685758265,-0.03475364462353375,8.051947593688965,4.266282081604004,10000.0,12.239924967489621,True,True
40,0.7582612877865594,0.6237682348896169,1.4227288865222947,0.7582612877865594,0.007804639721254021,6.110385894775391,4.029208660125732,10000.0,7.587220462592132,True,True
41,0.6179683075705914,0.6179683075705914,1.2346485248209833,0.6179683075705914,0.03088901917905459,5.129454135894775,4.150256633758545,10000.0,5.668625067477233,True,True
42,0.6882637289730981,0.624997849710842,1.447179899858155,0.6882637289730981,0.051346880157140964,5.651142120361328,4.105360984802246,10000.0,7.13160795984993,True,True
43,0.862374204041038,0.6487354851438616,1.7519798199168934,0.862374204041038,0.04964430069415042,8.315462112426758,4.821260929107666,10000.0,15.120553961710549,True,True
44,0.622889682762365,0.622889682762365,0.9911004851747358,0.622889682762365,-0.006447578943084018,5.536386966705322,4.444115161895752,10000.0,6.031501886051103,True,True
45,0.7751116088201562,0.6381118753681441,1.2027315634764961,0.7751116088201562,-0.005713201768621676,6.8861083984375,4.442010879516602,10000.0,9.372183654949382,True,True
46,0.8341054431019076,0.6577112321415204,1.0808223886667643,0.8341054431019076,-0.04515918125863785,7.166065216064453,4.295659065246582,10000.0,9.356191483770466,True,True
47,0.6200479861083181,0.6200479861083181,0.9616376125707332,0.6200479861083181,0.008891538736505462,8.954002380371094,7.2204108238220215,10000.0,16.391267544090667,True,True
48,1.0,0.6580431874974864,1.5946036722254717,1.0257111819790474,0.01703786032287546,11.789040565490723,5.746764183044434,10000.0,28.5558715876725,True,True
49,0.8663368385626427,0.678872552604002,1.307431459808833,0.8663368385626427,0.01701503930863986,7.605364799499512,4.389380931854248,10000.0,11.953921409925655,True,True
50,1.0,0.7109852973436018,1.5108836218264599,1.0247035372165314,0.01878528429560034,8.313048362731934,4.056318759918213,10000.0,14.271725986652896,True,True
51,0.7487568300756882,0.7147624506168104,1.0822263275977706,0.7487568300756882,0.021549599181465765,6.646894931793213,4.438620567321777,10000.0,9.2906732490991,True,True
52,0.8274676896157691,0.7260329745167062,1.1435485298616377,0.8274676896157691,0.01811679222651498,7.083382606506348,4.28015661239624,10000.0,10.433646091766065,True,True
53,0.9033378696865829,0.7437634640336939,1.1567539605638826,0.9033378696865829,0.006996288832427038,7.5880937576293945,4.20003080368042,10000.0,11.681672781485325,True,True
54,0.765082776346146,0.7458953952649391,0.8069280769639041,0.765082776346146,-0.033288516598325144,6.705657482147217,4.382308483123779,10000.0,8.263514935948535,True,True
55,0.6172850426053422,0.6172850426053422,0.6172850426053422,0.6660243504716121,-0.05680954601367859,5.783928871154785,4.342130184173584,10000.0,5.810056782230692,True,True
56,0.679799982772373,0.6235365366220453,0.7798769731379637,0.679799982772373,0.005432262897219007,5.501779079437256,4.046616077423096,10000.0,6.129326152405934,True,True
57,0.8195541457626153,0.6431382975361024,1.0065432783465653,0.8195541457626153,0.03102781068154134,7.8182573318481445,4.7698235511779785,10000.0,12.96919203762409,True,True
58,0.6980994791237474,0.6486344156948669,0.6980994791237474,0.729173145342996,-0.019713098879671404,6.086832523345947,4.17379093170166,10000.0,7.085060475852249,True,True
59,0.6132505237590885,0.6132505237590885,0.6775052057156609,0.6132505237590885,0.02392261829931459,8.176190376281738,6.6662726402282715,10000.0,14.169632395879276,True,True
60,0.9242150957132113,0.6443469809545008,0.9242150957132113,0.9735928973797576,-0.001665260211228516,8.863996505737305,4.55220890045166,10000.0,15.67079022372635,True,True
61,0.6430231828134823,0.6430231828134823,0.6430231828134823,0.7932350016267228,-0.02712753432140695,7.222039699554443,4.55226993560791,10000.0,9.858082830252954,True,True
62,0.6522810226588621,0.6439489667980202,0.6522810226588621,0.8183575459267126,-0.01953233453735774,6.617022514343262,4.042867660522461,10000.0,8.420518563261638,True,True
63,0.7111039071190145,0.6506644608301195,0.7111039071190145,0.7760244306846015,0.022053488767876283,6.719313144683838,4.329318046569824,10000.0,9.447259121631546,True,True
64,0.581168721459799,0.581168721459799,0.581168721459799,0.7477329092068724,-0.001318757203873038,6.916291236877441,4.62484073638916,10000.0,9.542501599195248,True,True
65,0.8264145551746147,0.6056933048312806,0.8264145551746147,1.0398232462562302,0.015346334259675048,11.60694408416748,5.581210136413574,10000.0,27.546378811375362,True,True
66,0.6843282897132249,0.613556803319475,0.6843282897132249,1.0826347035693453,-0.01642737029012095,9.719799041748047,4.488955974578857,10000.0,18.455128829006924,True,True
67,0.4472653877184252,0.4472653877184252,0.4472653877184252,0.8199711231366027,-0.028939141650736286,8.443001747131348,5.148353099822998,10000.0,13.694234437780459,True,True
68,0.3346212401330874,0.3346212401330874,0.3346212401330874,0.5740087124582973,-0.0011583020999432307,5.6211628913879395,4.896409034729004,10000.0,6.308826543590417,True,True
69,0.3021413487641365,0.3021413487641365,0.3021413487641365,0.5529633020810413,0.004407988349196613,5.845274925231934,5.285409450531006,10000.0,6.874594411743487,True,True
70,0.4149019660554087,0.3134174104932637,0.4149019660554087,0.7651524428889706,0.020239468497189862,6.792879104614258,4.438905715942383,10000.0,9.419913582743362,True,True
71,0.17689307106753646,0.17689307106753646,0.17689307106753646,0.4379561146752595,-0.00011971504791524507,4.7240190505981445,5.393256187438965,10000.0,4.46273165981135,True,True
72,0.17685937774993907,0.17685937774993907,0.17685937774993907,0.8822647320541227,-0.05272837970427748,6.489346981048584,3.677664279937744,10000.0,8.19976562502027,True,True
73,0.18342366981172262,0.1775158069561174,0.18342366981172262,0.716319450631458,0.00933380961840787,6.785885810852051,4.736633777618408,10000.0,9.262905711162198,True,True
74,0.0,0.0,0.0,0.7198485117788174,-0.05695859901034156,7.585723876953125,5.268972396850586,10000.0,11.508641347475347,True,False
75,0.0,0.0,0.0,0.7842375368295607,0.04613962665024852,7.93886661529541,5.061519145965576,10000.0,12.6051206270904,True,False
76,0.0,0.0,0.0,0.6992953937607063,0.06500930374932169,6.003656387329102,4.292646884918213,10000.0,7.208778003423504,True,False
77,0.0,0.0,0.0,0.708035925199801,-0.05978865029977345,5.631161689758301,3.976607322692871,10000.0,6.341996395240312,True,False
78,0.0,0.0,0.0,0.7264439028568972,-0.05415174414884154,6.8823018074035645,4.73698091506958,10000.0,9.47321563363807,True,False
79,0.0,0.0,0.0,0.5483953943870671,-0.009691390888591287,5.136867046356201,4.6835432052612305,10000.0,5.277480610388054,True,False
80,0.0,0.0,0.0,0.42951630304483335,0.0363665862932982,4.578832149505615,5.330219268798828,10000.0,4.193140770669242,True,False
81,0.0,0.0,0.0,0.767001073974283,0.010724117600573216,6.946399688720703,4.528285503387451,10000.0,9.650493727091813,True,False
82,0.0,0.0,0.0,0.6881643682961492,0.010844151626633125,6.749057769775391,4.903666973114014,10000.0,9.109956155953114,True,False
83,0.0,0.0,0.0,0.7104357683158445,0.01763038989446609,5.590534210205078,3.9345810413360596,10000.0,6.250814551094663,True,False
84,0.0,0.0,0.0,0.7024459262379568,0.002149001358334787,6.466198921203613,4.602631092071533,10000.0,8.36234569771495,True,False
85,0.0,0.0,0.0,0.5578558238849236,-0.0356317618563068,5.30727481842041,4.756851673126221,10000.0,5.633433199647879,True,False
86,0.0,0.0,0.0,1.0255641320777265,0.019868111090525907,12.464540481567383,6.076919078826904,10000.0,31.072953883326406,True,False
87,0.0,0.0,0.0,0.8318209134816549,0.0447335752337816,7.109620094299316,4.273528099060059,10000.0,10.109339577052921,True,False
88,0.0,0.0,0.0,0.6491234178505354,-0.01800532275919807,6.240755081176758,4.807063579559326,10000.0,7.7894047966467035,True,False
89,0.0,0.0,0.0,0.901426902684348,0.11151822804112957,6.97266960144043,3.8675734996795654,10000.0,9.723624274170284,True,False
90,0.0,0.0,0.0,0.811384587020649,-0.013244040929171422,6.295609474182129,3.879547119140625,10000.0,7.926939730282356,True,False
91,0.0,0.0,0.0,0.6251059071438004,-0.025024430597022227,5.841456890106201,4.6723737716674805,10000.0,6.8245237197938415,True,False
92,0.0,0.0,0.0,0.8974131843924613,-0.03619249560175777,7.339011192321777,4.0889811515808105,10000.0,10.772217056204859,True,False
93,0.0,0.0,0.0,0.9890262561468541,-0.06158795831294229,7.623762607574463,3.8541760444641113,10000.0,11.624351259330112,True,False
94,0.0,0.0,0.0,1.1106782109565314,-0.022249445156859643,9.335947036743164,4.202813625335693,10000.0,17.431981414574693,True,False
95,0.0,0.0,0.0,0.63466760820675,0.08771975161296326,5.5199127197265625,4.348664283752441,10000.0,6.093887286679816,True,False
96,0.0,0.0,0.0,0.6661263179047529,0.06101234362634405,6.80943489074707,5.1112189292907715,10000.0,9.273680706264713,True,False
97,0.0,0.0,0.0,1.1230141043240585,0.022041205766858203,11.541046142578125,5.138424396514893,10000.0,26.639149213023472,True,False
98,0.0,0.0,0.0,0.6792237489246352,0.051258606001041256,7.023533821105957,5.170265197753906,10000.0,9.866005467243845,True,False
99,0.0,0.0,0.0,1.1253960193678811,0.01646215558398454,8.865321159362793,3.938756227493286,10000.0,15.718783851729128,True,False
100,0.0,0.0,0.0,0.6659881663787492,0.0702018263040642,6.437007427215576,4.832674026489258,10000.0,8.287012923605694,True,False
101,0.0,0.0,0.0,0.5844749943566988,0.03394480397411917,5.148478031158447,4.404361248016357,10000.0,5.3013652074642295,True,False
102,0.0,0.0,0.0,0.770788814139872,0.03267461228724646,6.5279154777526855,4.234568119049072,10000.0,8.522736096936612,True,False
103,0.0,0.0,0.0,0.5892626817074916,-0.07316412294513708,5.204762935638428,4.416335105895996,10000.0,5.417911443239106,True,False
104,0.0,0.0,0.0,0.8386576567272084,0.021211090233096704,6.776058673858643,4.03982400894165,10000.0,9.18299423031499,True,False
105,0.0,0.0,0.0,0.5427235146004367,-0.07121408095219615,5.14246129989624,4.737643718719482,10000.0,5.288981644186105,True,False
106,0.0,0.0,0.0,0.5303756271733078,0.022186868252945843,5.63117790222168,5.308669567108154,10000.0,6.342032913293949,True,False
107,0.0,0.0,0.0,0.8083941811260125,-0.03155866199903515,6.026721954345703,3.727588653564453,10000.0,7.264275502998498,True,False
108,0.0,0.0,0.0,0.6735650219473182,0.018784855585329125,5.588497638702393,4.148447036743164,10000.0,6.246261171556441,True,False
109,0.0,0.0,0.0,0.9111339439520568,0.04571523740549314,7.477990627288818,4.103672504425049,10000.0,11.184068764363879,True,False
110,0.0,0.0,0.0,0.5716653922202681,-0.009117733287539974,5.177563190460205,4.528491020202637,10000.0,5.361432118241691,True,False
111,0.0,0.0,0.0,0.7782893758037382,-0.007766523300652621,7.139062404632568,4.586380481719971,10000.0,10.193242403447627,True,False
112,0.0,0.0,0.0,0.6432362939879538,-0.03628944872541853,4.980318546295166,3.871297836303711,10000.0,4.960714564514319,True,False
113,0.0,0.0,0.0,0.6734161031474794,0.019327862874831243,6.944036483764648,5.155828952789307,10000.0,9.6439285375709,True,False
114,0.0,0.0,0.0,0.8108056204902966,0.014823442123005102,6.71811056137085,4.142861366271973,10000.0,9.026601902960508,True,False
115,0.0,0.0,0.0,0.5924727921042477,-0.05169372722363415,4.8615522384643555,4.102764129638672,10000.0,4.726938033463558,True,False
116,0.0,0.0,0.0,1.08105923012808,0.03391275348772472,8.73892879486084,4.041836261749268,10000.0,15.273775296329582,True,False
117,0.0,0.0,0.0,0.5329887636449748,0.029351346894810334,4.683555603027344,4.393671989440918,10000.0,4.387138617329764,True,False
118,0.0,0.0,0.0,0.6463171589379821,0.008492228602827685,6.471282482147217,5.006274700164795,10000.0,8.375499392749084,True,False
119,0.0,0.0,0.0,0.6515984015702765,0.07541923420795427,5.518122673034668,4.234297275543213,10000.0,6.089935566931853,True,False
120,0.0,0.0,0.0,0.6690440691057941,0.004749125744060831,5.769077777862549,4.3114333152771,10000.0,6.656451681405496,True,False
121,0.0,0.0,0.0,0.6017287751036084,-0.024929445971711473,4.929971218109131,4.096506118774414,10000.0,4.860923242276883,True,False
122,0.0,0.0,0.0,0.6506548550336638,0.05835021516806519,5.498913288116455,4.2256760597229,10000.0,6.047609470044744,True,False
123,0.0,0.0,0.0,0.8553425035922307,-0.040251162157814754,7.6780900955200195,4.4883131980896,10000.0,11.79061350298452,True,False
124,0.0,0.0,0.0,0.7428394624804919,0.043059326752117204,5.894082546234131,3.9672653675079346,10000.0,6.948041812364362,True,False
125,0.0,0.0,0.0,0.6380841501798847,0.026085970136732077,6.209742069244385,4.865927219390869,10000.0,7.712179313308706,True,False
126,0.0,0.0,0.0,0.7831554728401009,-0.05776055955309768,6.447831630706787,4.11657190322876,10000.0,8.314906547588585,True,False
127,0.0,0.0,0.0,0.7587407209370043,-0.004926408263516385,6.557918071746826,4.321580410003662,10000.0,8.60125788714872,True,False
128,0.0,0.0,0.0,0.7235450360645652,0.009970629981260616,6.379830837249756,4.408730983734131,10000.0,8.140448302384584,True,False
129,0.0,0.0,0.0,0.7482176834112187,-0.0035690596577561636,7.864936828613281,5.255781173706055,10000.0,12.371446263615503,True,False
130,0.0,0.0,0.0,0.8844657027532933,-0.004252506964648753,7.926389217376709,4.480891227722168,10000.0,12.565529205069147,True,False
131,0.0,0.0,0.0,0.9202531581005492,0.034614043644283256,7.742862224578857,4.2069196701049805,10000.0,11.990383085762048,True,False
132,0.0,0.0,0.0,0.8423443123853286,0.07106627640725557,8.923157691955566,5.296621322631836,10000.0,15.924548639101154,True,False
133,0.0,0.0,0.0,0.7116886130278778,0.00452888334067528,5.467043399810791,3.840895652770996,10000.0,5.977712707082944,True,False
134,0.0,0.0,0.0,0.645080814578467,0.0466635879285464,5.757296562194824,4.462461471557617,10000.0,6.6292927410120654,True,False
135,0.0,0.0,0.0,0.6759321056736157,-0.023601360690041356,6.156313419342041,4.553943634033203,10000.0,7.580038983434179,True,False
136,0.0,0.0,0.0,0.6011586057895157,-0.058760705157982054,6.6254377365112305,5.510557174682617,10000.0,8.779285040077411,True,False
137,0.0,0.0,0.0,0.7058281043612041,-0.005592242319641239,7.935078144073486,5.62111234664917,10000.0,12.593093030510545,True,False
138,0.0,0.0,0.0,0.8422177351894993,-0.07280578842690832,7.6431169509887695,4.537494659423828,10000.0,11.683447345298369,True,False
139,0.0,0.0,0.0,0.7484551124239102,0.008206422814445342,6.398866653442383,4.274716377258301,10000.0,8.189098889707381,True,False
140,0.0,0.0,0.0,0.4899880684276871,0.003992847738064024,7.599006175994873,7.754276752471924,10000.0,11.548978972561642,True,False
141,0.0,0.0,0.0,0.8429920964937051,-0.006895004615738577,6.609167098999023,3.920064687728882,10000.0,8.73621794849823,True,False
142,0.0,0.0,0.0,0.5829516424941678,0.02500427009399742,7.141147613525391,6.124991416931152,10000.0,10.199197847631872,True,False
143,0.0,0.0,0.0,0.6395944017129999,0.004030879410296314,5.773906230926514,4.5137248039245605,10000.0,6.667598632706401,True,False
144,0.0,0.0,0.0,0.5055401352909009,-0.009652584694635702,4.233681678771973,4.187285423278809,10000.0,3.5848121114338927,True,False
145,0.0,0.0,0.0,0.432852957120213,0.02007251114662366,4.51190185546875,5.211818218231201,10000.0,4.0714516706764705,True,False
146,0.0,0.0,0.0,0.8299171105631928,0.07662263235617985,9.053515434265137,5.454469680786133,10000.0,16.393228343695412,True,False
147,0.0,0.0,0.0,0.6445724566949314,-0.011306324634450325,5.344176292419434,4.145520210266113,10000.0,5.712044048891585,True,False
148,0.0,0.0,0.0,0.9437709013553375,-0.04790359136500712,8.413738250732422,4.457510948181152,10000.0,14.15819827036757,True,False
149,0.0,0.0,0.0,0.590285193393328,-0.014110353195420151,5.013932228088379,4.247042179107666,10000.0,5.027903277572658,True,False
150,0.0,0.0,0.0,0.7902921041325981,-0.03503891699770795,7.4137864112854,4.690535545349121,10000.0,10.992845790432007,True,False
151,0.0,0.0,0.0,0.7991062550837644,0.007281153773097032,6.875066757202148,4.301722526550293,10000.0,9.453308583197213,True,False
152,0.0,0.0,0.0,0.6560422718860763,0.027998782459560462,5.740159034729004,4.3748393058776855,10000.0,6.589885148796199,True,False
153,0.0,0.0,0.0,0.6653149098744544,-0.044148871346267056,6.065934658050537,4.558694362640381,10000.0,7.359112655147737,True,False
154,0.0,0.0,0.0,0.9269157968837781,0.021688801373035305,8.941987037658691,4.823516368865967,10000.0,15.991826436331209,True,False
155,0.0,0.0,0.0,0.7501185146168028,-0.004086200439345825,7.768489837646484,5.17817497253418,10000.0,12.069886871523337,True,False
156,0.0,0.0,0.0,0.5160844343947221,-0.01603734412883906,4.237242221832275,4.105183124542236,10000.0,3.5908443292956225,True,False
157,0.0,0.0,0.0,1.062307164340498,-0.00292657902085211,8.761809349060059,4.123952865600586,10000.0,15.353860613855247,True,False
158,0.0,0.0,0.0,0.7474256961704243,-0.03701860394775914,6.755716800689697,4.519323348999023,10000.0,9.127941898224208,True,False
159,0.0,0.0,0.0,0.5822436244216442,-0.016885167208348862,5.52625036239624,4.7456512451171875,10000.0,6.107888613576915,True,False
160,0.0,0.0,0.0,0.9324843691592242,-0.05794156846976308,8.595261573791504,4.6087965965271,10000.0,14.77570430437936,True,False
161,0.0,0.0,0.0,0.874245144253867,0.0668743904028446,7.208855628967285,4.122902870178223,10000.0,10.39351989585866,True,False
162,0.0,0.0,0.0,0.6529391237445371,-0.07990419051914077,5.856409549713135,4.484652042388916,10000.0,6.8595065627942375,True,False
163,0.0,0.0,0.0,0.5280269947554472,-0.014619322793946132,4.056618690490723,3.8412985801696777,10000.0,3.291231040007732,True,False
164,0.0,0.0,0.0,0.6695314613723463,-0.041522437907946914,5.1542510986328125,3.8491477966308594,10000.0,5.31326087755151,True,False
165,0.0,0.0,0.0,0.6919142785752339,-0.07105911750674926,5.477123737335205,3.957949638366699,10000.0,5.99977688681615,True,False
166,0.0,0.0,0.0,0.7257056224402201,-0.01938181395199624,6.979423522949219,4.808715343475342,10000.0,9.742470542539373,True,False
167,0.0,0.0,0.0,1.022629320082997,0.05127171855637148,7.877998352050781,3.851834774017334,10000.0,12.412571606982965,True,False
168,0.0,0.0,0.0,1.0863071738051202,0.015240430668419852,9.188167572021484,4.22908353805542,10000.0,16.884484666309433,True,False
169,0.0,0.0,0.0,0.5664457312686488,0.030142837112181832,5.17590856552124,4.568759441375732,10000.0,5.358005895727228,True,False
170,0.0,0.0,0.0,1.0756312985594623,0.010158054340565357,8.155107498168945,3.790847063064575,10000.0,13.30115566133827,True,False
171,0.0,0.0,0.0,0.6975887906493236,0.019964091013403202,6.798351287841797,4.8727498054504395,10000.0,9.24351604658004,True,False
172,0.0,0.0,0.0,1.0677618381755547,-0.08313795327832214,8.781025886535645,4.111884117126465,10000.0,15.421283124001818,True,False
173,0.0,0.0,0.0,0.5753290370751607,-0.01813324807939015,4.782411098480225,4.156239986419678,10000.0,4.574291182973365,True,False
174,0.0,0.0,0.0,0.7760864241748818,0.0032015498101430322,7.317326545715332,4.714247226715088,10000.0,10.708653555326052,True,False
175,0.0,0.0,0.0,0.7025558422135436,-0.044186943828825855,6.569407939910889,4.675363540649414,10000.0,8.631424136192841,True,False
176,0.0,0.0,0.0,0.6560027432816055,-0.007346208356252615,5.196866512298584,3.9610097408294678,10000.0,5.401484309330087,True,False
177,0.0,0.0,0.0,0.7866801273695966,-0.05165532785740918,6.509885787963867,4.137568473815918,10000.0,8.475722594466788,True,False
178,0.0,0.0,0.0,0.5219604785328282,0.05969940228319204,4.826879024505615,4.623797416687012,10000.0,4.659752223442457,True,False
179,0.0,0.0,0.0,0.40245687637914895,-0.024047355550760645,5.893283367156982,7.321633338928223,10000.0,6.946157769121825,True,False
180,0.0,0.0,0.0,0.516560525175177,0.03487149119539265,5.222580432891846,5.055148601531982,10000.0,5.455069275604956,True,False
181,0.0,0.0,0.0,0.5369504856843971,-0.03329534974391879,4.521584510803223,4.210429668426514,10000.0,4.088945297667124,True,False
182,0.0,0.0,0.0,0.6916850082005698,-0.12389166356303369,6.426238536834717,4.645350456237793,10000.0,8.259308346459918,True,False
183,0.0,0.0,0.0,0.9613862279209435,0.0624045118402308,8.030041694641113,4.17628288269043,10000.0,12.89631392353494,True,False
184,0.0,0.0,0.0,0.7775374581469022,0.014394103835156977,8.144129753112793,5.237130165100098,10000.0,13.265369887107404,True,False
185,0.0,0.0,0.0,0.8316486186265616,-0.009973410831336151,7.478421211242676,4.496142387390137,10000.0,11.185356762552871,True,False
186,0.0,0.0,0.0,0.8331404638182854,-0.0011700657609704792,6.943580627441406,4.167112827301025,10000.0,9.642662385955916,True,False
187,0.0,0.0,0.0,0.5999856862710303,-0.047971848146528814,4.868951797485352,4.057556629180908,10000.0,4.7413383212471665,True,False
188,0.0,0.0,0.0,0.7073199144961139,0.017586581621110098,6.381058692932129,4.510730266571045,10000.0,8.143582008528938,True,False
189,0.0,0.0,0.0,0.8810830898581087,0.002857971744015668,7.028527736663818,3.988572597503662,10000.0,9.88004042901052,True,False
190,0.0,0.0,0.0,0.8581975763431003,0.009333294895888746,6.885602951049805,4.011665344238281,10000.0,9.482305599901153,True,False
191,0.0,0.0,0.0,0.7146656033059604,0.03635356110831048,6.361616134643555,4.450764179229736,10000.0,8.094031968911438,True,False
192,0.0,0.0,0.0,0.876887213963612,0.01425704474596458,7.188148498535156,4.098673343658447,10000.0,10.333895767398644,True,False
193,0.0,0.0,0.0,0.5327051128195934,-0.06346143974755517,4.664257526397705,4.377898216247559,10000.0,4.351059654511527,True,False
194,0.0,0.0,0.0,0.86900943713408,0.011627593490111292,6.452045917510986,3.712299108505249,10000.0,8.325779304334034,True,False
195,0.0,0.0,0.0,0.5838832271175172,-0.03129349328722759,6.807012557983398,5.829087257385254,10000.0,9.267083992908738,True,False
196,0.0,0.0,0.0,0.5750750939570954,-0.06051063489647866,5.582283973693848,4.8535261154174805,10000.0,6.232378872591834,True,False
197,0.0,0.0,0.0,0.7724429516255746,-0.01697939151641958,5.85670280456543,3.7910261154174805,10000.0,6.860193548200911,True,False
198,0.0,0.0,0.0,0.6692335824569315,0.004241603739068379,5.612364292144775,4.1931281089782715,10000.0,6.299726589548342,True,False
199,0.0,0.0,0.0,0.7708541239551778,-0.01660248794458906,6.761747360229492,4.385879993438721,10000.0,9.144245472714097,True,False
200,0.0,0.0,0.0,0.7012285340501163,0.04722598476395998,6.252702236175537,4.458391189575195,10000.0,7.819257050854912,True,False
201,0.0,0.0,0.0,0.7484796094241294,-0.0463749708393363,6.1657915115356445,4.118877410888672,10000.0,7.603396992745001,True,False
202,0.0,0.0,0.0,0.5823748530765827,0.036290051180801544,6.404085636138916,5.498250484466553,10000.0,8.202462567000154,True,False
203,0.0,0.0,0.0,0.7981855486752523,0.012260289217835946,8.156084060668945,5.109140396118164,10000.0,13.304341440939602,True,False
204,0.0,0.0,0.0,0.6584171175692783,0.006820369045868186,4.963657855987549,3.7693870067596436,10000.0,4.927579862261382,True,False
205,0.0,0.0,0.0,0.6022765153103713,-0.006088363759835583,4.7935380935668945,3.97951602935791,10000.0,4.595601490895387,True,False
206,0.0,0.0,0.0,0.6114761106810718,0.0494358397706869,5.0060343742370605,4.0934014320373535,10000.0,5.012076031208608,True,False
207,0.0,0.0,0.0,0.5007160294341622,-0.046987546304346324,4.157454490661621,4.1515092849731445,10000.0,3.456885568384495,True,False
208,0.0,0.0,0.0,0.7515870430703456,-0.025979935026011876,6.390228748321533,4.251156806945801,10000.0,8.167004691174995,True,False
209,0.0,0.0,0.0,0.9767146921503902,-0.0729311106714985,9.49948501586914,4.862978458404541,10000.0,18.048043113344463,True,False
210,0.0,0.0,0.0,0.5725579825665661,-0.10855097894931291,4.826389312744141,4.2147603034973145,10000.0,4.658806759634171,True,False
211,0.0,0.0,0.0,0.6486212504848139,-0.04376108548182007,5.105189800262451,3.9354166984558105,10000.0,5.21259257934075,True,False
212,0.0,0.0,0.0,0.6073615240161978,0.018372352423080766,5.453597068786621,4.4895806312561035,10000.0,5.948344197735604,True,False
213,0.0,0.0,0.0,0.6802376506585625,-0.011429024049291536,5.261415481567383,3.8673362731933594,10000.0,5.536498573935386,True,False
214,0.0,0.0,0.0,0.8629510326545319,-0.035177381315602364,7.032567501068115,4.0747199058532715,10000.0,9.891401131415883,True,False
215,0.0,0.0,0.0,0.6443691389199185,-0.02426834664111421,5.695369720458984,4.419337749481201,10000.0,6.487447250544207,True,False
216,0.0,0.0,0.0,0.9303785545846472,0.020062116658865363,8.605450630187988,4.624703884124756,10000.0,14.810756109720565,True,False
217,0.0,0.0,0.0,0.45523399075075094,0.06366964443195688,4.167566776275635,4.577389717102051,10000.0,3.4737225669432963,True,False
218,0.0,0.0,0.0,0.93489372065195,-0.04082898823550246,7.371532440185547,3.942444086074829,10000.0,10.867898103341574,True,False
219,0.0,0.0,0.0,0.6485904873190649,0.032671287512773775,5.241603851318359,4.040765285491943,10000.0,5.4948821868310915,True,False
220,0.0,0.0,0.0,0.7901861726443917,-0.07182099376479725,5.551144599914551,3.512554883956909,10000.0,6.163041273832093,True,False
221,0.0,0.0,0.0,0.4175884603262101,0.030639808317965398,4.136768341064453,4.953164100646973,10000.0,3.422570461526629,True,False
222,0.0,0.0,0.0,0.6332569040830996,-0.03631978919209515,7.011966705322266,5.536431312561035,10000.0,9.833535415309598,True,False
223,0.0,0.0,0.0,0.7272661632346786,-0.014379953375544591,6.291743278503418,4.325612545013428,10000.0,7.917206696518587,True,False
224,0.0,0.0,0.0,0.9170431220442817,0.051555452887623955,8.031499862670898,4.379019737243652,10000.0,12.90099800881653,True,False
225,0.0,0.0,0.0,1.4091605085172223,-0.018271068049884154,11.17890739440918,3.966513156890869,10000.0,24.993594106555236,True,False
226,0.0,0.0,0.0,0.7527710133533234,-0.04432758395562444,7.359718322753906,4.888417720794678,10000.0,10.83309075805591,True,False
227,0.0,0.0,0.0,0.9292516353106189,0.051217090187611676,6.750733852386475,3.632349729537964,10000.0,9.114481509151346,True,False
228,0.0,0.0,0.0,0.5954344840175109,0.12590159631310147,4.566719055175781,3.8347787857055664,9561.339379596491,4.170984585781117,True,False
229,0.0,0.0,0.0,0.9617843505156128,-0.015294433540029745,7.682535648345947,3.9938971996307373,10000.0,11.804270797621257,True,False
230,0.0,0.0,0.0,0.4260688848115218,0.014698610214041093,4.520139694213867,5.304470539093018,10000.0,4.0863325710415666,True,False
231,0.0,0.0,0.0,0.5191852242087034,-0.03895099101103862,4.024471759796143,3.8757572174072266,10000.0,3.239274589079331,True,False
232,0.0,0.0,0.0,0.7362649883044686,0.054401913706094776,5.638914108276367,3.8294053077697754,10000.0,6.3594704641036515,True,False
233,0.0,0.0,0.0,0.6435412967229487,0.06694252042464566,5.939835548400879,4.614960670471191,10000.0,7.056329268409353,True,False
234,0.0,0.0,0.0,0.5046295914408935,-0.011290158679193914,4.142305374145508,4.104302883148193,10000.0,3.43173876253495,True,False
235,0.0,0.0,0.0,0.49021527040286883,-0.02754947911022997,4.121760845184326,4.204031467437744,10000.0,3.397782492978921,True,False
236,0.0,0.0,0.0,0.5230038629686478,-0.03521491921560923,4.173452377319336,3.98988676071167,10000.0,3.4835409491504823,True,False
237,0.0,0.0,0.0,0.7906098811870531,0.007018236989084004,6.682505130767822,4.226171016693115,10000.0,8.931174964547651,True,False
238,0.0,0.0,0.0,0.5849713009299962,-0.04463620826908921,5.0566816329956055,4.32216215133667,10000.0,5.114005827495021,True,False
239,0.0,0.0,0.0,0.46722275553054743,-0.005917360165116279,4.700607776641846,5.030371189117432,10000.0,4.41914269396516,True,False
240,0.0,0.0,0.0,0.30595403940917876,-0.021357881192106895,4.241707801818848,6.931936264038086,10000.0,3.598417015202175,True,False
241,0.0,0.0,0.0,0.598583943482345,0.07220150157784554,5.222663402557373,4.362515449523926,10000.0,5.455242603282429,True,False
242,0.0,0.0,0.0,0.6258149520167164,0.006929408994483104,5.579073429107666,4.457446575164795,10000.0,6.225212065475034,True,False
243,0.0,0.0,0.0,0.9391280129603917,0.021237172274598676,9.235687255859375,4.917160987854004,10000.0,17.059583817608654,True,False
244,0.0,0.0,0.0,0.7495708589315744,-0.06664393260261324,8.442493438720703,5.631551265716553,10000.0,14.25513909256842,True,False
245,0.0,0.0,0.0,0.5509248813777246,-0.05572251614857699,4.776127338409424,4.334644794464111,10000.0,4.562278470540377,True,False
246,0.0,0.0,0.0,0.7706261037457646,0.05342547133055083,6.95810604095459,4.514579772949219,10000.0,9.683047935433748,True,False
247,0.0,0.0,0.0,0.8383172399369397,-0.0036170156665741005,7.966385841369629,4.751414775848389,10000.0,12.692660674714894,True,False
248,0.0,0.0,0.0,0.7893637906524889,0.04040358527541644,7.0685343742370605,4.477361679077148,10000.0,9.99283563995418,True,False
249,0.0,0.0,0.0,0.6851408416003523,-0.02358371498315332,4.3294878005981445,3.159560441970825,10000.0,3.7488929231056307,True,False
250,0.0,0.0,0.0,0.5705555174934146,-0.04410427033397834,4.979661464691162,4.363871097564697,10000.0,4.959405660586025,True,False
251,0.0,0.0,0.0,0.6398642644026726,-0.0030454606002154956,5.841400623321533,4.5645623207092285,10000.0,6.824392248428239,True,False
252,0.0,0.0,0.0,0.5506730799579633,0.018304462714020812,4.6089067459106445,4.184793949127197,10000.0,4.248404278500129,True,False
253,0.0,0.0,0.0,0.9669070585246876,0.006562940808262949,7.74310827255249,4.0040602684021,10000.0,11.991145144094162,True,False
254,0.0,0.0,0.0,0.8345141429835905,-0.026758000517587775,6.296645641326904,3.772641658782959,9151.574939094447,7.92954926648822,True,False
255,0.0,0.0,0.0,0.612938709295666,-0.023176077822609144,5.9717116355896,4.871377468109131,10000.0,7.1322679717272415,True,False
256,0.0,0.0,0.0,0.660864802103708,-0.07637242065552463,5.2484564781188965,3.970900297164917,10000.0,5.509259080541639,True,False
257,0.0,0.0,0.0,0.4743650469562159,-0.02184960431094843,4.280707359313965,4.5120391845703125,10000.0,3.6648910992169466,True,False
258,0.0,0.0,0.0,0.41880930322461973,-0.015127794646220319,3.843374252319336,4.588453769683838,10000.0,2.954305128678243,True,False
259,0.0,0.0,0.0,0.570186636040333,0.035111613925772674,4.185932636260986,3.670668840408325,10000.0,3.5044064070629695,True,False
260,0.0,0.0,0.0,0.7126533985324146,0.0686256169945579,5.943521976470947,4.169994831085205,10000.0,7.06509069695862,True,False
261,0.0,0.0,0.0,0.725694975714437,-0.004198157024522047,6.961215019226074,4.796240329742432,10000.0,9.691702908779732,True,False
262,0.0,0.0,0.0,0.6296086014954206,-0.04762199272415095,5.968356609344482,4.7397356033325195,10000.0,7.1242561232611905,True,False
263,0.0,0.0,0.0,0.5740405622108898,0.011971253235995793,4.644549369812012,4.0454888343811035,10000.0,4.314367769724232,True,False
264,0.0,0.0,0.0,0.43458390358877536,-0.032660105374578224,4.859144687652588,5.590571403503418,10000.0,4.722257419108473,True,False
265,0.0,0.0,0.0,0.3243441937948363,-0.011434120964170043,3.9252283573150635,6.051023006439209,10000.0,3.0814835314140616,True,False
266,0.0,0.0,0.0,0.6545107982254845,-0.012203157189070056,5.315823554992676,4.060913562774658,10000.0,5.651596013562994,True,False
267,0.0,0.0,0.0,0.7842544537186626,0.01456472725179592,6.3400750160217285,4.042103290557861,10000.0,8.039310241756581,True,False
268,0.0,0.0,0.0,0.557201732102334,-0.05672964560302103,5.473842144012451,4.911903381347656,10000.0,5.992589563513363,True,False
269,0.0,0.0,0.0,0.43596602311630056,-0.058575767907306744,3.87418270111084,4.443216323852539,10000.0,3.0018583203172966,True,False
270,0.0,0.0,0.0,0.6537605346216053,0.05174722008382555,5.299576759338379,4.05314826965332,10000.0,5.617102765623894,True,False
271,0.0,0.0,0.0,0.5745672919824171,0.056481875461028244,5.339216709136963,4.646293640136719,10000.0,5.701447013425465,True,False
272,0.0,0.0,0.0,0.8016437713859723,-0.0171901753040612,5.983890533447266,3.7322628498077393,10000.0,7.1613891832559595,True,False
273,0.0,0.0,0.0,0.9599263200096914,0.026770499093679567,7.617379188537598,3.9676895141601562,10000.0,11.604893140393138,True,False
274,0.0,0.0,0.0,0.5700533373312212,-0.0218547123822308,5.01505708694458,4.39876127243042,10000.0,5.030159517062611,True,False
275,0.0,0.0,0.0,0.4101782631423172,-0.007415086528549267,4.747402191162109,5.786998748779297,10000.0,4.50756551293016,True,False
276,0.0,0.0,0.0,0.6414831980979343,-0.020814323277039484,5.898996353149414,4.597935199737549,10000.0,6.959631594894017,True,False
277,0.0,0.0,0.0,0.8529767468280567,-0.010820884161539117,7.088747978210449,4.155299663543701,10000.0,10.050069579716542,True,False
278,0.0,0.0,0.0,0.4670033156500987,-0.020187219489898267,3.8296916484832764,4.100283145904541,10000.0,2.9333076244925103,True,False
279,0.0,0.0,0.0,0.638548449783869,-0.06038396363191124,5.168998718261719,4.047460079193115,10000.0,5.343709549878255,True,False
280,0.0,0.0,0.0,0.7472716917860545,0.01805777748506563,6.733399868011475,4.505322456359863,10000.0,9.067734756507384,True,False
281,0.0,0.0,0.0,0.6827306167992071,0.007928563548086564,5.5382537841796875,4.055958271026611,10000.0,6.134450995596126,True,False
282,0.0,0.0,0.0,0.4392648708354553,-0.013745653014882132,4.208273887634277,4.790132522583008,10000.0,3.541913822668903,True,False
283,0.0,0.0,0.0,0.7250701053401484,0.020414891203074024,5.808587551116943,4.005535125732422,10000.0,6.747937867798143,True,False
284,0.0,0.0,0.0,0.6791071294747585,0.08231639083128635,5.988941669464111,4.409423351287842,10000.0,7.1734844640487125,True,False
285,0.0,0.0,0.0,0.7695521024595237,-0.03561897433614459,6.026935577392578,3.91587233543396,10000.0,7.264790490808082,True,False
286,0.0,0.0,0.0,0.7555288095221677,0.0403470798515126,5.799205780029297,3.83784556388855,10000.0,6.726157535825038,True,False
287,0.0,0.0,0.0,0.5173842678114675,-0.026307797060642506,4.104729175567627,3.966809034347534,10000.0,3.369760320951217,True,False
288,0.0,0.0,0.0,0.4240762669743143,0.027600922070966146,4.337798118591309,5.114408016204834,10000.0,3.7632985035308586,True,False
289,0.0,0.0,0.0,0.6522063727295209,-0.01585500218754247,6.17224645614624,4.731820106506348,10000.0,7.6193252630819615,True,False
290,0.0,0.0,0.0,0.7440475538291971,0.02275720592963024,5.601925373077393,3.7644941806793213,10000.0,6.276313577105654,True,False
291,0.0,0.0,0.0,0.5969110393495917,-0.005583514599235919,6.704143524169922,5.615697383880615,10000.0,8.989108078533896,True,False
292,0.0,0.0,0.0,0.5828159210663834,-0.016984345729505287,5.030948162078857,4.316069602966309,10000.0,5.062087881904926,True,False
293,0.0,0.0,0.0,0.8007117589926934,0.035325175525422074,10.176941871643066,6.3549346923828125,10000.0,20.714029171760373,True,False
294,0.0,0.0,0.0,0.7746174944360186,0.03434238432938966,6.35638952255249,4.102921485900879,10000.0,8.080737552483015,True,False
295,0.0,0.0,0.0,0.7113203525077363,-0.004911959761902136,5.273025989532471,3.70650577545166,10000.0,5.560960617256978,True,False
296,0.0,0.0,0.0,0.9563877466562178,0.04757612306157005,8.597496032714844,4.494775295257568,10000.0,14.783387606509493,True,False
297,0.0,0.0,0.0,0.6701177023445015,-0.06832977597709149,5.26568603515625,3.9289262294769287,10000.0,5.545489884167907,True,False
298,0.0,0.0,0.0,1.0890677118344632,-0.017874330268400913,8.305473327636719,3.8131115436553955,10000.0,13.79617743921699,True,False
299,0.0,0.0,0.0,0.683142183417701,-0.08242228297959305,5.833522796630859,4.269625663757324,10000.0,6.805997643762382,True,False
300,0.0,0.0,0.0,0.614228262853839,-0.10311210157106149,6.796204090118408,5.53231143951416,10000.0,9.237678006908432,True,False
301,0.0,0.0,0.0,0.4788253062594395,0.06811962898254498,4.149735450744629,4.333245754241943,10000.0,3.4440608622333446,True,False
302,0.0,0.0,0.0,1.059602105846939,-0.07352713935226168,10.090723991394043,4.761562824249268,10000.0,20.364542134099054,True,False
303,0.0,0.0,0.0,1.105885523774397,0.023636118261615664,8.166583061218262,3.6923274993896484,10000.0,13.338615779155404,True,False
304,0.0,0.0,0.0,0.5489195935986843,-0.04561439646869372,4.663636207580566,4.248013973236084,10000.0,4.34990053533129,True,False
305,0.0,0.0,0.0,0.6567681220050177,0.014349321768578279,4.868106365203857,3.7061073780059814,10000.0,4.739691916587663,True,False
306,0.0,0.0,0.0,1.1733374988651268,-0.046486813188284605,9.151288032531738,3.8996827602386475,10000.0,16.749214530871726,True,False
307,0.0,0.0,0.0,0.9200198904898074,0.013684135592459921,9.671005249023438,5.2558674812316895,10000.0,18.70566850532778,True,False
308,0.0,0.0,0.0,1.0425569658372618,-0.02232477930029989,8.154983520507812,3.9110493659973145,10000.0,13.300751243950799,True,False
309,0.0,0.0,0.0,0.6065488271536196,0.01849037551320793,4.960501194000244,4.0891194343566895,10000.0,4.9213144191355696,True,False
310,0.0,0.0,0.0,0.7122073079119713,0.03067556700269432,5.317756175994873,3.7332923412323,10000.0,5.655706149466322,True,False
311,0.0,0.0,0.0,0.625576658637468,0.0018916198123510545,4.80197811126709,3.838041305541992,9759.058530861166,4.611798756217649,True,False
312,0.0,0.0,0.0,0.748623555987257,0.052112158285814114,6.016116142272949,4.018118381500244,10000.0,7.2387306874634305,True,False
313,0.0,0.0,0.0,0.6173262098407291,-0.06361786067055988,7.59516716003418,6.1516642570495605,10000.0,11.537312837772333,True,False
314,0.0,0.0,0.0,0.5831582362613927,-0.06512118681446731,5.454326629638672,4.676540851593018,10000.0,5.94993579655711,True,False
315,0.0,0.0,0.0,0.536377660262995,-0.03303397203743844,5.168918609619141,4.818357467651367,10000.0,5.343543918573413,True,False
316,0.0,0.0,0.0,0.7746491566872181,0.05186963379417053,7.119191646575928,4.595107078552246,10000.0,10.13657794013529,True,False
317,0.0,0.0,0.0,0.8371644719474644,-0.00369890439129543,7.427784442901611,4.436275482177734,10000.0,11.034396346042236,True,False
318,0.0,0.0,0.0,0.5153023109118537,0.04728046189053569,4.264636039733887,4.137994289398193,10000.0,3.637424110279426,True,False
319,0.0,0.0,0.0,0.47334141526919665,-0.03178345275536045,4.990797519683838,5.271879196166992,10000.0,4.981611976496467,True,False
320,0.0,0.0,0.0,0.7235257847717669,-0.0405746009929128,5.2540483474731445,3.6308646202087402,10000.0,5.5210048075170555,True,False
321,0.0,0.0,0.0,0.6758442786858633,-0.016793565949019103,8.929230690002441,6.605982303619385,10000.0,15.946232143056292,True,False
322,0.0,0.0,0.0,0.36829441461427853,-0.0495484557485632,4.523536205291748,6.141195774078369,10000.0,4.092475960117053,True,False
323,0.0,0.0,0.0,0.7745935137665777,0.024920502860589323,5.532016277313232,3.570915699005127,10000.0,6.120640818491708,True,False
324,0.0,0.0,0.0,0.6108241578691137,0.025001182767925564,5.240893363952637,4.290018081665039,10000.0,5.493392650464557,True,False
325,0.0,0.0,0.0,0.5094019631827322,0.013144264854773307,4.543510913848877,4.459651947021484,10000.0,4.128698284852771,True,False
326,0.0,0.0,0.0,0.6958856229405562,-0.022251783787032912,7.636433124542236,5.486845016479492,10000.0,11.663022173121178,True,False
327,0.0,0.0,0.0,0.5790850956721301,-0.02728738136926778,4.8960700035095215,4.227418422698975,10000.0,4.794300295853144,True,False
328,0.0,0.0,0.0,0.5592948443124672,-0.024817719626116216,5.318604469299316,4.754741191864014,10000.0,5.657510700170132,True,False
329,0.0,0.0,0.0,0.4804308515478755,-0.043635533181184974,4.103404521942139,4.2705464363098145,10000.0,3.3675857341390376,True,False
330,0.0,0.0,0.0,0.5667992891788347,-0.006656124092576971,4.913096904754639,4.334071159362793,10000.0,4.827704239101919,True,False
331,0.0,0.0,0.0,0.8882660200167617,-0.014183185135849569,7.910351753234863,4.452692985534668,10000.0,12.514732971981175,True,False
332,0.0,0.0,0.0,0.808636275542934,-0.048112364603986414,7.751327037811279,4.792839050292969,10000.0,12.016614169420833,True,False
333,0.0,0.0,0.0,0.8940153266910119,-0.03566712552885117,7.97689151763916,4.461272239685059,6962.479550006526,12.726159656836714,True,False
334,0.0,0.0,0.0,0.5411501002128833,0.004894108863504039,5.841213226318359,5.397036075592041,10000.0,6.823954391063307,True,False
335,0.0,0.0,0.0,0.929220415193084,0.03984464686450464,7.658742427825928,4.121057987213135,10000.0,11.731267115156193,True,False
336,0.0,0.0,0.0,0.7037102854386255,-0.022922814498860418,5.749725818634033,4.085293292999268,10000.0,6.611869397893358,True,False
337,0.0,0.0,0.0,0.40807777016410074,0.01796514670476532,3.840442180633545,4.705527305603027,10000.0,2.9497992285578665,True,False
338,0.0,0.0,0.0,0.5735823006753686,-0.008225297235187798,4.730234622955322,4.123414039611816,10000.0,4.475023917641057,True,False
339,0.0,0.0,0.0,0.5064688749808917,0.07295066688613305,4.316080093383789,4.260952949523926,10000.0,3.7257094745007624,True,False
340,0.0,0.0,0.0,0.6928739338845986,-0.052951198506916784,5.877078533172607,4.241087913513184,10000.0,6.908010417015657,True,False
341,0.0,0.0,0.0,0.562492852953719,0.004153499195890758,5.249290466308594,4.66609525680542,10000.0,5.511010079935659,True,False
342,0.0,0.0,0.0,0.7975852499533798,0.016887923817990574,7.717275619506836,4.837900161743164,10000.0,11.911268597486924,True,False
343,0.0,0.0,0.0,0.7836747104611111,-0.07060087714116513,8.502036094665527,5.42446756362915,10000.0,14.456923550999086,True,False
344,0.0,0.0,0.0,0.5665319787084768,-0.028652047876202066,4.490024566650391,3.962728261947632,10000.0,4.032064121824806,True,False
345,0.0,0.0,0.0,0.6634903385169538,0.0006901678469428978,6.435053825378418,4.849395275115967,10000.0,8.28198354710348,True,False
346,0.0,0.0,0.0,0.6956763945376189,0.019246312966683242,6.368614673614502,4.577282428741455,10000.0,8.111850572195586,True,False
347,0.0,0.0,0.0,0.9410709210319356,0.03701142538977034,9.135093688964844,4.853562831878662,10000.0,16.689987341233063,True,False
348,0.0,0.0,0.0,0.6675290168739403,0.0010102607776510844,5.710264682769775,4.27716588973999,10000.0,6.52142454945756,True,False
349,0.0,0.0,0.0,0.5238785968278624,0.007711171360011875,5.445980548858643,5.197750568389893,10000.0,5.9317408277093335,True,False
350,0.0,0.0,0.0,0.6904007221500366,-0.021073308607879218,6.8322601318359375,4.948039531707764,10000.0,9.33595570181496,True,False
351,0.0,0.0,0.0,0.6479004150661585,-0.04817302840770033,5.67084264755249,4.3763227462768555,10000.0,6.4316912666600246,True,False
352,0.0,0.0,0.0,1.0631144897694378,-0.059129090397305496,7.848870754241943,3.69145131111145,10000.0,12.320954423358899,True,False
353,0.0,0.0,0.0,0.749379667222368,0.016985572846111293,5.944803237915039,3.9664828777313232,7080.446615188812,7.068137107505024,True,False
354,0.0,0.0,0.0,0.6925673461637075,0.03279819204758088,5.114712715148926,3.6925742626190186,10000.0,5.232057231701219,True,False
355,0.0,0.0,0.0,1.2518980335417802,-0.002534485631576065,9.485401153564453,3.788408041000366,10000.0,17.994567008808374,True,False
356,0.0,0.0,0.0,0.7277826015813207,-0.10027051178058466,5.565108776092529,3.823331832885742,10000.0,6.194087137948415,True,False
357,0.0,0.0,0.0,0.7127748309464577,-0.017174051568890458,5.89370059967041,4.134335517883301,10000.0,6.947141351711068,True,False
358,0.0,0.0,0.0,0.4114408141163624,0.0492068303983973,4.384008884429932,5.327630043029785,10000.0,3.843906779752114,True,False
359,0.0,0.0,0.0,0.519011760121921,-0.05149210870148054,5.833366870880127,5.619686603546143,10000.0,6.80563381005636,True,False
360,0.0,0.0,0.0,0.8701734049839688,-0.0668931614061996,6.990931987762451,4.016976356506348,10000.0,9.774626011504047,True,False
361,0.0,0.0,0.0,0.8534464201804501,-0.03697136160464278,7.44114875793457,4.359470367431641,8255.981612913523,11.07413896754224,True,False
362,0.0,0.0,0.0,1.0299361191562535,0.044548517208605046,8.275601387023926,4.017531394958496,10000.0,13.697115663382462,True,False
363,0.0,0.0,0.0,0.5550704801555592,-0.019231311805417824,4.788870334625244,4.31374979019165,10000.0,4.58665581637074,True,False
364,0.0,0.0,0.0,0.9982996572332088,0.024485404998816393,7.356764316558838,3.68464732170105,10000.0,10.82439624187868,True,False
365,0.0,0.0,0.0,0.6613401872840079,0.005055338526347457,5.194366455078125,3.927151679992676,7568.98518641395,5.3962885739281745,True,False
366,0.0,0.0,0.0,0.5787085748245012,-0.026686845768860597,5.583187580108643,4.823833465576172,10000.0,6.234396710935879,True,False
367,0.0,0.0,0.0,0.8646320001900045,0.018314730009763948,6.266639709472656,3.6238768100738525,10000.0,7.854154649667905,True,False
368,0.0,0.0,0.0,0.4541581010729405,0.016859232837329822,3.794057607650757,4.177022933959961,10000.0,2.878974626034516,True,False
369,0.0,0.0,0.0,0.489150997643437,-0.045766927038474264,4.1130852699279785,4.204310417175293,10000.0,3.3834940875397024,True,False
370,0.0,0.0,0.0,0.4359541122927499,0.004540147755361641,4.616569519042969,5.294788360595703,10000.0,4.262542824831325,True,False
371,0.0,0.0,0.0,0.7679826104466283,-0.038032806156639114,6.474308967590332,4.215140342712402,10000.0,8.383335321564118,True,False
372,0.0,0.0,0.0,0.7074889178864866,-0.029185059274203017,7.4116106033325195,5.237969398498535,10000.0,10.986394347086204,True,False
373,0.0,0.0,0.0,0.3815687499721956,0.016777842470199644,3.926270008087158,5.144905090332031,10000.0,3.0831192352809467,True,False
374,0.0,0.0,0.0,0.3875092650265681,0.016335325534180614,3.872565984725952,4.996739864349365,10000.0,2.999353461211296,True,False
375,0.0,0.0,0.0,0.7401921774350251,0.007501973664247919,6.161318302154541,4.1619720458984375,10000.0,7.5923686440929,True,False
376,0.0,0.0,0.0,0.5592573121158101,-0.028670485866202872,4.3866777420043945,3.921877861022949,10000.0,3.8485883224393547,True,False
377,0.0,0.0,0.0,0.6648581500254246,0.042122315500157596,4.927271842956543,3.7055060863494873,10000.0,4.855601562878473,True,False
378,0.0,0.0,0.0,0.6407477908221423,-0.035697816113621286,5.347837924957275,4.173122406005859,10000.0,5.719874094322265,True,False
379,0.0,0.0,0.0,0.6678802798391539,-0.01721282738567048,6.32481050491333,4.734988212585449,10000.0,8.0006455846124,True,False
380,0.0,0.0,0.0,0.5994434754147513,0.023103542471881768,4.743810176849365,3.956845283508301,10000.0,4.500746998795922,True,False
381,0.0,0.0,0.0,0.7679331966374258,0.05013047074860551,8.276020050048828,5.388502597808838,10000.0,13.698501573762037,True,False
382,0.0,0.0,0.0,1.0082662260259911,0.08821304363036149,7.531142234802246,3.734699249267578,10000.0,11.343620672164434,True,False
383,0.0,0.0,0.0,0.6025588887428442,0.051705258064975106,6.138166427612305,5.093416213989258,10000.0,7.53541741861336,True,False
384,0.0,0.0,0.0,1.1589355960664756,0.007515673559068457,9.720157623291016,4.193571090698242,10000.0,18.896292844324492,True,False
385,0.0,0.0,0.0,0.5108435440617952,0.024123951902635818,4.026230812072754,3.9407670497894287,10000.0,3.2421069104168048,True,False
386,0.0,0.0,0.0,0.6065335705953673,-0.05928727688452326,5.13532018661499,4.233335494995117,10000.0,5.274302683811083,True,False
387,0.0,0.0,0.0,0.7167979726508212,0.00022038933021237592,5.390914440155029,3.7604141235351562,10000.0,5.812391700214402,True,False
388,0.0,0.0,0.0,0.45246351512006444,-0.0359286601500649,3.758439302444458,4.153306484222412,10000.0,2.8251731980318358,True,False
389,0.0,0.0,0.0,0.7052653837854107,-0.0468840987668544,6.829002380371094,4.841441631317139,10000.0,9.32705470222281,True,False
390,0.0,0.0,0.0,0.433174912070493,-0.016161112279202472,4.633452892303467,5.348247051239014,10000.0,4.293777141039072,True,False
391,0.0,0.0,0.0,0.6975963952552114,0.011184608967711028,6.9809675216674805,5.003586292266846,10000.0,9.74678150771524,True,False
392,0.0,0.0,0.0,0.4563216570339142,-0.025021891301529157,4.399069309234619,4.820140838623047,9027.659967455862,3.870362157489989,True,False
393,0.0,0.0,0.0,1.006075107340444,-0.0013824458144578147,10.316428184509277,5.127066612243652,10000.0,21.285738097227465,True,False
394,0.0,0.0,0.0,0.8079864223156901,-0.022611397522602016,6.163455486297607,3.8140835762023926,10000.0,7.597636706314415,True,False
395,0.0,0.0,0.0,0.5686147542600938,0.005973292752897451,5.716402053833008,5.026603698730469,10000.0,6.535450488213243,True,False
396,0.0,0.0,0.0,0.5176011462456099,0.018897951143652048,4.46422004699707,4.312413215637207,10000.0,3.9858521256021042,True,False
397,0.0,0.0,0.0,0.547690337261811,-0.027807605556195412,5.457348823547363,4.982148170471191,10000.0,5.956531236374758,True,False
398,0.0,0.0,0.0,0.5541598574422426,-0.02953478539910562,4.585343360900879,4.137202739715576,10000.0,4.205074747471553,True,False
399,0.0,0.0,0.0,0.5622735233208811,0.013945114918219734,4.479811191558838,3.9836583137512207,10000.0,4.013741662403163,True,False
400,0.0,0.0,0.0,0.6958462086384322,0.026093665464392006,6.620272159576416,4.756993770599365,10000.0,8.765600693372512,True,False
401,0.0,0.0,0.0,0.690035528007421,-0.032525500200228215,6.469925403594971,4.6881103515625,10000.0,8.371986945616705,True,False
402,0.0,0.0,0.0,0.645121448408152,0.022132946875185473,4.910780429840088,3.8060898780822754,10000.0,4.823152886020079,True,False
403,0.0,0.0,0.0,0.8630823435844529,0.008059846404878472,7.695714950561523,4.458273887634277,10000.0,11.844805720059227,True,False
404,0.0,0.0,0.0,0.657210679401792,-0.003050626926245909,6.799606800079346,5.173079967498779,10000.0,9.246930527137053,True,False
405,0.0,0.0,0.0,0.453556991559832,0.01621206602572723,4.759393692016602,5.2467427253723145,10000.0,4.530365663121483,True,False
406,0.0,0.0,0.0,0.8972202962638683,0.04817199999544091,7.184920787811279,4.003989219665527,10000.0,10.324617345424528,True,False
407,0.0,0.0,0.0,0.5791632995895266,-0.03580887033410413,5.0038838386535645,4.319924831390381,10000.0,5.007770694147666,True,False
408,0.0,0.0,0.0,0.7967220078628896,-0.0038283517798976684,5.757674217224121,3.613352060317993,10000.0,6.630162478337478,True,False
409,0.0,0.0,0.0,0.5225853705036866,0.08481080522947988,5.87121057510376,5.617465496063232,10000.0,6.8942227234420415,True,False
410,0.0,0.0,0.0,0.7934438001755071,0.047086545939091694,7.783862590789795,4.9051127433776855,10000.0,12.11770336645936,True,False
411,0.0,0.0,0.0,0.6988953225564324,-0.031646097072597815,6.380173206329346,4.564469814300537,10000.0,8.141322028552572,True,False
412,0.0,0.0,0.0,1.036721449024465,-0.0023223367700122587,7.5791544914245605,3.6553475856781006,10000.0,11.488716560976215,True,False
413,0.0,0.0,0.0,0.6947958487392291,-0.023319516785393655,9.186238288879395,6.610746383666992,10000.0,16.877394780014768,True,False
414,0.0,0.0,0.0,0.6043233510587478,-0.052648222567339184,5.392805099487305,4.461853981018066,8668.25613536559,5.816469368211255,True,False
415,0.0,0.0,0.0,0.48833154614827295,-0.01854226590933896,4.782992839813232,4.897280216217041,10000.0,4.575404101140929,True,False
416,0.0,0.0,0.0,0.6289094715043805,0.05828552689822322,5.319904804229736,4.229467868804932,10000.0,5.660277425213323,True,False
417,0.0,0.0,0.0,0.6891959917827972,-0.015617202895382879,5.8089680671691895,4.21430778503418,10000.0,6.748822001078267,True,False
418,0.0,0.0,0.0,0.6282578784401304,-0.024834391457614395,5.342190742492676,4.251590728759766,10000.0,5.7078003858348865,True,False
419,0.0,0.0,0.0,0.5893605058222088,0.03678441881541655,6.012800693511963,5.101122856140137,10000.0,7.230754435979588,True,False
420,0.0,0.0,0.0,0.47902354018780363,-0.01698455978574932,5.938560962677002,6.198610782623291,10000.0,7.05330126148624,True,False
421,0.0,0.0,0.0,1.1323958666227725,-0.024751096419016273,8.973605155944824,3.9622209072113037,10000.0,16.105117898959904,True,False
422,0.0,0.0,0.0,0.7143974553397255,-0.04359411259538908,6.489114761352539,4.541669845581055,10000.0,8.421722077200684,True,False
423,0.0,0.0,0.0,0.7866032296965895,0.009790820794565754,7.427964687347412,4.7215447425842285,10000.0,11.034931879296025,True,False
424,0.0,0.0,0.0,0.6284543179933999,-0.02062002371426962,6.092881202697754,4.847513198852539,10000.0,7.424640270037525,True,False
425,0.0,0.0,0.0,0.5111801456488387,0.06461252166650759,5.144272327423096,5.0317606925964355,10000.0,5.292707555738204,True,False
426,0.0,0.0,0.0,0.8108508315461049,0.006632296913653022,6.976871490478516,4.302191734313965,10000.0,9.73534715893038,True,False
427,0.0,0.0,0.0,0.6508108949444349,-0.028268547394550012,5.518863677978516,4.239990234375,9121.81592788772,6.091571259222107,True,False
428,0.0,0.0,0.0,0.42192223754933583,-0.034425979187879645,4.119322776794434,4.881613731384277,10000.0,3.3937640278834795,True,False
429,0.0,0.0,0.0,0.5246083455376023,-0.019796830613520975,5.158108234405518,4.916151523590088,10000.0,5.3212161115684005,True,False
430,0.0,0.0,0.0,0.7341039826814565,-0.02430258606636118,6.4304304122924805,4.379781723022461,10000.0,8.270087057467208,True,False
431,0.0,0.0,0.0,0.7930242685174835,0.04636109119692296,6.481528282165527,4.0865888595581055,10000.0,8.402041774502322,True,False
432,0.0,0.0,0.0,0.5779337581333954,-0.0678658816984124,5.842370510101318,5.054533004760742,10000.0,6.826658635460305,True,False
433,0.0,0.0,0.0,0.4538768077074265,-0.014644767949117739,4.567576885223389,5.031736373901367,10000.0,4.172551720485398,True,False
434,0.0,0.0,0.0,0.6446219753313384,-0.0029226653426194017,5.250036239624023,4.0721821784973145,10000.0,5.5125761034731084,True,False
435,0.0,0.0,0.0,0.8434474490690321,0.010262285826841971,7.0846123695373535,4.199794769287109,10000.0,10.038346485320332,True,False
436,0.0,0.0,0.0,0.7426525794409099,0.08221037203032094,6.524947166442871,4.393001079559326,7260.274948209215,8.514987104974168,True,False
437,0.0,0.0,0.0,0.6256207454616826,-0.02375602967261596,5.901909828186035,4.716843128204346,10000.0,6.966507924007782,True,False
438,0.0,0.0,0.0,1.1016741721106942,0.007026335575160811,9.533343315124512,4.326752662658691,10000.0,18.176926952805843,True,False
439,0.0,0.0,0.0,0.5940916130685778,-0.036279029076215705,4.903136253356934,4.126582622528076,10000.0,4.808149023796613,True,False
440,0.0,0.0,0.0,0.6341415058299472,-0.003029100317276114,8.38539981842041,6.6116156578063965,10000.0,14.062986022953005,True,False
441,0.0,0.0,0.0,0.5756476495415515,-0.0006604101867230196,4.7527756690979,4.128198623657227,10000.0,4.517775312153798,True,False
442,0.0,0.0,0.0,0.584713173753965,0.009990528340594553,6.75923490524292,5.7799577713012695,10000.0,9.137451300850849,True,False
443,0.0,0.0,0.0,0.5522083556786684,0.03983838817200405,5.046422004699707,4.569309711456299,10000.0,5.093275009903479,True,False
444,0.0,0.0,0.0,0.9800974683903312,-0.004237277496265349,8.799327850341797,4.489006519317627,10000.0,15.485634123560153,True,False
445,0.0,0.0,0.0,0.47981841139426057,-0.05433350203192213,3.9458065032958984,4.1117706298828125,10000.0,3.11387779229044,True,False
446,0.0,0.0,0.0,0.627293717646747,0.0006393207225656877,6.184326171875,4.929370403289795,10000.0,7.649178040027618,True,False
447,0.0,0.0,0.0,0.5693803774888594,-0.003447612641048865,5.4382500648498535,4.775586128234863,9995.925886055387,5.9149127535678865,True,False
448,0.0,0.0,0.0,0.5269239156088822,-0.0613019331288451,5.316464900970459,5.0448126792907715,10000.0,5.6529598086501665,True,False
449,0.0,0.0,0.0,0.8067528340478395,0.012872716096834127,7.273417949676514,4.507835388183594,10000.0,10.580521734135296,True,False
450,0.0,0.0,0.0,0.7871157135334221,-0.07356172053648835,8.60120677947998,5.463749885559082,10000.0,14.796151612674471,True,False
451,0.0,0.0,0.0,0.8364272889127232,-0.08279480273463437,6.8571577072143555,4.099075794219971,10000.0,9.404122364321843,True,False
452,0.0,0.0,0.0,0.6910334248369816,-0.021267833168308815,5.980645656585693,4.327320098876953,10000.0,7.153624493927463,True,False
453,0.0,0.0,0.0,0.6675881200829038,-0.004172881049375128,6.947206020355225,5.203212738037109,10000.0,9.652734297851971,True,False
454,0.0,0.0,0.0,0.708890117863827,-0.01898639563717076,5.797978401184082,4.089476108551025,10000.0,6.723310708119424,True,False
455,0.0,0.0,0.0,0.9144158594470968,-0.07906724913547242,7.981219291687012,4.364108085632324,10000.0,12.739972276399385,True,False
456,0.0,0.0,0.0,0.5349126306841993,0.008379779609511931,5.42173957824707,5.067873954772949,10000.0,5.879052010866143,True,False
457,0.0,0.0,0.0,0.7474402392739132,-0.008595144922958823,6.6650214195251465,4.458564758300781,10000.0,8.884502104545795,True,False
458,0.0,0.0,0.0,0.6035696987018792,0.0294450261993452,5.171839237213135,4.28437614440918,10000.0,5.349584219115467,True,False
459,0.0,0.0,0.0,0.6270013999986702,-0.02010416951984592,4.901314735412598,3.9085357189178467,10000.0,4.804577227114532,True,False
460,0.0,0.0,0.0,0.5789325370616856,-0.019123918580543787,4.614072322845459,3.98498272895813,10000.0,4.257932680089699,True,False
461,0.0,0.0,0.0,0.6352439071912045,-0.030112491501925836,4.67950963973999,3.6832385063171387,10000.0,4.379562093683898,True,False
462,0.0,0.0,0.0,0.8725930687647919,0.04318927073462344,7.328366756439209,4.199189186096191,10000.0,10.740991863376664,True,False
463,0.0,0.0,0.0,0.5968658483992011,-0.05753935845498931,6.174365043640137,5.1723222732543945,10000.0,7.624556738425053,True,False
464,0.0,0.0,0.0,0.639698472947543,-0.04841318544003061,6.660775184631348,5.206183433532715,10000.0,8.873185212040148,True,False
465,0.0,0.0,0.0,0.9788594020932168,-0.0262000388076648,7.9430928230285645,4.057320594787598,10000.0,12.618544719049574,True,False
466,0.0,0.0,0.0,0.99124525358357,0.05135024413218476,8.788701057434082,4.433161735534668,10000.0,15.448253255388586,True,False
467,0.0,0.0,0.0,0.5889961067788367,-0.049687176056002334,6.267195701599121,5.320235252380371,10000.0,7.855548392428499,True,False
468,0.0,0.0,0.0,0.4883897367090854,0.0062247690129066235,4.503072738647461,4.610122203826904,10000.0,4.055532817909988,True,False
469,0.0,0.0,0.0,0.8405670203684631,0.053502426071952554,7.011992454528809,4.170989513397217,10000.0,9.833607636473786,True,False
470,0.0,0.0,0.0,0.5254375889944283,-0.05297560476768548,4.895144939422607,4.658160209655762,9580.844438597747,4.792488795590952,True,False
471,0.0,0.0,0.0,0.9000274710294885,0.01802678182308557,8.264309883117676,4.5911431312561035,10000.0,13.659763568839296,True,False
472,0.0,0.0,0.0,0.6590962726734694,-0.06391991442326923,4.945989608764648,3.7520995140075684,10000.0,4.892562642001575,True,False
473,0.0,0.0,0.0,1.1439830592199278,0.0031018409949111064,9.485871315002441,4.145984172821045,10000.0,17.996350920957227,True,False
474,0.0,0.0,0.0,0.5939456728923114,0.018108349120229135,4.8191819190979,4.056921482086182,10000.0,4.644902873872024,True,False
475,0.0,0.0,0.0,0.9428816934455194,-0.00508436172380191,6.98990535736084,3.7066714763641357,10000.0,9.771755380972351,True,False
476,0.0,0.0,0.0,0.8410797540184264,0.03865379809340604,8.1058931350708,4.818742275238037,7623.459717054885,13.141100703437587,True,False
477,0.0,0.0,0.0,1.1009109889096185,0.008376350762231942,9.480772972106934,4.3058762550354,10000.0,17.97701122972667,True,False
478,0.0,0.0,0.0,0.6158621606963612,-0.03401901287537742,5.356252193450928,4.348580360412598,10000.0,5.737887511969575,True,False
479,0.0,0.0,0.0,0.4914714380909935,-0.07660404123899066,3.8484835624694824,3.915266752243042,10000.0,2.9621651461195597,True,False
480,0.0,0.0,0.0,0.7986273226566641,0.009959893899793758,7.298000812530518,4.569090366363525,10000.0,10.652163171939215,True,False
481,0.0,0.0,0.0,0.9379844934441546,0.009137096521238277,10.350259780883789,5.517287254333496,10000.0,21.425575506356097,True,False
482,0.0,0.0,0.0,0.7465038717973387,0.034579793807316316,7.007517337799072,4.693557262420654,10000.0,9.821059847910917,True,False
483,0.0,0.0,0.0,0.8065504547252086,0.03127219300894997,7.303652286529541,4.527709484100342,10000.0,10.668667344505636,True,False
484,0.0,0.0,0.0,0.5873168229078977,-0.05066201654180672,5.289517879486084,4.503121376037598,10000.0,5.595799879480591,True,False
485,0.0,0.0,0.0,0.44307073370568684,-0.010011071615351983,4.3939290046691895,4.95849609375,10000.0,3.861322419614634,True,False
486,0.0,0.0,0.0,0.8741729753410924,-0.05529489393622336,6.6259918212890625,3.789863109588623,10000.0,8.780753523157905,True,False
487,0.0,0.0,0.0,0.6874526782471639,-0.0399681807238214,5.045533657073975,3.669731616973877,10000.0,5.091481976933252,True,False
488,0.0,0.0,0.0,0.8699407969535209,0.02320814988068856,7.851747989654541,4.512805938720703,10000.0,12.329989298608822,True,False
489,0.0,0.0,0.0,0.9859961381527022,0.048301974378682146,9.422555923461914,4.778191089630127,10000.0,17.756912026153444,True,False
490,0.0,0.0,0.0,1.1175133434409206,-0.02585649916476551,8.408838272094727,3.762298822402954,10000.0,14.141712217249001,True,False
491,0.0,0.0,0.0,0.5134474303193147,0.051375975195322575,5.389510154724121,5.248356342315674,10000.0,5.809363941574883,True,False
492,0.0,0.0,0.0,1.2049591575925265,0.008060433495595293,11.620274543762207,4.821854114532471,10000.0,27.006156094481582,True,False
493,0.0,0.0,0.0,0.5367456147774395,-0.008472762478827821,5.594943523406982,5.211913585662842,10000.0,6.260678606022747,True,False
494,0.0,0.0,0.0,0.7452189451156291,0.018666416669062307,5.8140106201171875,3.900874137878418,10000.0,6.760543898167086,True,False
495,0.0,0.0,0.0,0.5956460381975691,-0.023703157288822926,4.794904708862305,4.024961471557617,10000.0,4.598222233413981,True,False
496,0.0,0.0,0.0,0.6065601591862266,-0.05350209419837559,4.97984504699707,4.1049885749816895,10000.0,4.95977133842025,True,False
497,0.0,0.0,0.0,0.8069276244827174,0.016581844011379077,6.241615295410156,3.867518663406372,10000.0,7.7915522991796,True,False
498,0.0,0.0,0.0,0.689823441913003,-0.038379348979457314,6.411141872406006,4.646944046020508,10000.0,8.220548021623515,True,False
499,0.0,0.0,0.0,0.44640843756556436,0.05173925174570724,5.0566487312316895,5.663702011108398,10000.0,5.113939278213408,True,False
500,0.0,0.0,0.0,0.9132317459565421,0.0029981107906174526,7.3529205322265625,4.025769233703613,10000.0,10.813088070647787,True,False
501,0.0,0.0,0.0,0.5593217158244214,-0.03651763397148198,5.102067470550537,4.560941696166992,10000.0,5.206218494809988,True,False
502,0.0,0.0,0.0,0.6236110131360476,0.03322851937549247,4.7844462394714355,3.8360822200775146,10000.0,4.578185163678473,True,False
503,0.0,0.0,0.0,0.6039593822444104,-0.025791305412373976,5.183600902557373,4.291348934173584,10000.0,5.37394366339872,True,False
504,0.0,0.0,0.0,0.7987216349711912,0.021083451402898364,6.221263408660889,3.894512891769409,10000.0,7.74082367998858,True,False
505,0.0,0.0,0.0,0.8017526123180243,-0.0001719739718698994,6.34126091003418,3.9546244144439697,10000.0,8.042317985825498,True,False
506,0.0,0.0,0.0,0.4687034093640551,0.006418257309233415,4.645293235778809,4.955471992492676,10000.0,4.3157498492744715,True,False
507,0.0,0.0,0.0,0.7542896205556229,0.008155781301892224,7.319244861602783,4.851747035980225,10000.0,10.714269068819746,True,False
508,0.0,0.0,0.0,0.7867836297064484,0.02220064816822832,5.816786766052246,3.6965606212615967,10000.0,6.767001656344107,True,False
509,0.0,0.0,0.0,0.6295405882905609,0.007637772422073167,5.099334239959717,4.050044059753418,10000.0,5.200641938165106,True,False
510,0.0,0.0,0.0,0.6626407837990629,-0.011139125959684155,5.813887119293213,4.38690710067749,10000.0,6.760256687176707,True,False
511,0.0,0.0,0.0,0.8798247907426346,-0.007993843036570329,8.174142837524414,4.645324230194092,10000.0,13.363322225650336,True,False
512,0.0,0.0,0.0,0.8065806102625277,-0.04258989021131614,7.246621131896973,4.492186546325684,10000.0,10.50270356585115,True,False
513,0.0,0.0,0.0,0.5825160148490915,0.0014924209290711871,6.353713035583496,5.453680992126465,10000.0,8.073933867708725,True,False
514,0.0,0.0,0.0,0.42421721229273684,-0.03910521316894503,4.201524257659912,4.952090740203857,10000.0,3.530561217540935,True,False
515,0.0,0.0,0.0,0.8797503088710227,0.00284932901901762,6.319199562072754,3.591473340988159,10000.0,7.986456621060096,True,False
516,0.0,0.0,0.0,0.6464431108067911,0.023867743017842707,6.198995590209961,4.7946953773498535,10000.0,7.6855092654885055,True,False
517,0.0,0.0,0.0,0.4043978985809306,-0.1029138282034757,4.742591381072998,5.863768577575684,10000.0,4.498434601565577,True,False
518,0.0,0.0,0.0,0.9271691323600987,0.013364183434922223,8.135261535644531,4.387150764465332,10000.0,13.236496050667483,True,False
519,0.0,0.0,0.0,0.746988492064859,-0.020667144772590754,5.790719509124756,3.8760433197021484,10000.0,6.706486486671608,True,False
520,0.0,0.0,0.0,0.5101540099545915,0.012424928010541375,5.123364448547363,5.021389961242676,10000.0,5.249772654527803,True,False
521,0.0,0.0,0.0,0.5844500786557502,-0.09086863080644574,5.182889938354492,4.433988571166992,10000.0,5.372469622619246,True,False
522,0.0,0.0,0.0,0.9271066309340997,-0.010469619954370648,7.537936687469482,4.065301895141602,10000.0,11.364097900859676,True,False
523,0.0,0.0,0.0,0.4459726969627387,0.023816987853392865,3.7655770778656006,4.221757411956787,10000.0,2.835914145869367,True,False
524,0.0,0.0,0.0,0.7672866212540206,-0.001152853392011897,6.358040809631348,4.143198013305664,10000.0,8.084936587387524,True,False
525,0.0,0.0,0.0,0.5137805504752554,0.009587877476947951,4.435486793518066,4.316518783569336,10000.0,3.9347086190946357,True,False
526,0.0,0.0,0.0,0.9072858240384504,-0.09523241179334575,8.059370994567871,4.441473007202148,10000.0,12.99069216561638,True,False
527,0.0,0.0,0.0,0.5750239648488906,-0.029948441907388285,5.763062000274658,5.0111494064331055,10000.0,6.642576723801948,True,False
528,0.0,0.0,0.0,0.6827572776940319,0.005472512856018751,5.988518714904785,4.385540008544922,10000.0,7.172471279752969,True,False
529,0.0,0.0,0.0,0.6438292087012465,-0.010783467099114307,6.506063938140869,5.052631855010986,10000.0,8.465773593435415,True,False
530,0.0,0.0,0.0,0.6465977055161893,0.002881164908649044,5.586838722229004,4.320181369781494,10000.0,6.242553381639482,True,False
531,0.0,0.0,0.0,0.5276019140131883,-0.008411139185453987,4.927257537841797,4.6694841384887695,10000.0,4.855573368843761,True,False
532,0.0,0.0,0.0,1.1908473858772533,-0.02489381006972143,9.48626708984375,3.982990264892578,10000.0,17.99785265997052,True,False
533,0.0,0.0,0.0,0.5971807182607075,-0.03744938443638231,5.523853302001953,4.624942779541016,10000.0,6.102591060407576,True,False
534,0.0,0.0,0.0,0.8038046463780507,-0.07555950140379208,7.977761268615723,4.962500095367432,10000.0,12.728934971805025,True,False
535,0.0,0.0,0.0,0.5288196526563143,0.05176921296644822,4.44903039932251,4.20656681060791,10000.0,3.9587742988191614,True,False
536,0.0,0.0,0.0,0.4827158308433981,0.013227978915182518,5.279260158538818,5.468289852142334,10000.0,5.574117564307059,True,False
537,0.0,0.0,0.0,0.9211213587837868,-0.019479978961325528,8.518659591674805,4.624070167541504,10000.0,14.513512247766627,True,False
538,0.0,0.0,0.0,0.45527205545606375,-0.004492361228695426,6.208747386932373,6.818722248077393,10000.0,7.709708822947913,True,False
539,0.0,0.0,0.0,0.5547811177358887,0.0021251871746947324,5.275364875793457,4.754456043243408,10000.0,5.5658949145510626,True,False
540,0.0,0.0,0.0,0.5945384767758967,-0.07449892898358788,4.551158428192139,3.8274717330932617,10000.0,4.142608607700868,True,False
541,0.0,0.0,0.0,0.6037289196427524,-0.022593194595245107,5.839550495147705,4.836235523223877,10000.0,6.8200699970759615,True,False
542,0.0,0.0,0.0,0.5608146379986539,-0.015151916350345289,7.132715702056885,6.359245300292969,10000.0,10.175126657273765,True,False
543,0.0,0.0,0.0,0.97398128758079,-0.03363276264787937,8.424885749816895,4.324973106384277,10000.0,14.195739979493553,True,False
544,0.0,0.0,0.0,1.0378065034436452,-0.034622370247259684,9.730036735534668,4.687789440155029,10000.0,18.934722974970825,True,False
545,0.0,0.0,0.0,0.5508448665823314,0.010128460038028206,6.52055025100708,5.9186811447143555,10000.0,8.503515115181699,True,False
546,0.0,0.0,0.0,0.7182069076783603,-0.0009572856767515343,7.157730579376221,4.98305606842041,10000.0,10.246621409387487,True,False
547,0.0,0.0,0.0,1.055961319347339,0.040935552973964756,8.400910377502441,3.9778494834899902,10000.0,14.11505903416564,True,False
548,0.0,0.0,0.0,0.7696121282705201,0.040720069722381916,6.910828113555908,4.48981237411499,8913.715511615208,9.551909043022938,True,False
549,0.0,0.0,0.0,0.6061472687117335,0.05293497436023666,5.815098762512207,4.7967705726623535,10000.0,6.7630747235541975,True,False
550,0.0,0.0,0.0,0.5680315223202814,-0.010639734093517296,4.779270172119141,4.2068705558776855,10000.0,4.568284675621545,True,False
551,0.0,0.0,0.0,0.4994214152583615,-0.018857043387944274,4.717292308807373,4.722757339477539,10000.0,4.45056934534664,True,False
552,0.0,0.0,0.0,0.4864068164188589,0.010667267334760842,7.072604656219482,7.270256519317627,10000.0,10.004347324635496,True,False
553,0.0,0.0,0.0,0.663632749296289,-0.09589572220164176,5.870797634124756,4.423227787017822,10000.0,6.893252972168966,True,False
554,0.0,0.0,0.0,0.5633860299173867,-0.025629168384396665,5.7780256271362305,5.127945423126221,10000.0,6.677116029568605,True,False
555,0.0,0.0,0.0,0.607255992806358,0.020061799607875807,5.21994686126709,4.29797887802124,10000.0,5.449569046890428,True,False
556,0.0,0.0,0.0,0.6156802386032688,0.010645539222883516,5.946903228759766,4.829538822174072,10000.0,7.073131602446665,True,False
557,0.0,0.0,0.0,1.109280519626356,-0.03362394891282005,10.739627838134766,4.840807914733887,10000.0,23.067921220327833,True,False
558,0.0,0.0,0.0,0.5874397996154365,-0.02867642742888393,5.423318386077881,4.616063117980957,10000.0,5.882476463354077,True,False
559,0.0,0.0,0.0,0.6820980890944012,0.002211863309186593,5.853899002075195,4.291097640991211,10000.0,6.853626705299391,True,False
560,0.0,0.0,0.0,0.7615974852260109,0.033408326124604294,7.0737690925598145,4.644033908843994,10000.0,10.007641834970897,True,False
561,0.0,0.0,0.0,0.7910173523556321,-0.02757135159306226,7.243431568145752,4.578554153442383,10000.0,10.493460176482081,True,False
562,0.0,0.0,0.0,0.6322231106854163,-0.006368934068952639,5.865597724914551,4.638866901397705,10000.0,6.881047334104551,True,False
563,0.0,0.0,0.0,0.9545047399360621,0.0833685099339403,8.871957778930664,4.647414207458496,10000.0,15.742326966225662,True,False
564,0.0,0.0,0.0,0.519409493617454,-0.05488535891731141,4.7585225105285645,4.580704212188721,10000.0,4.528707296641414,True,False
565,0.0,0.0,0.0,0.47062740642195916,-0.06152554457751651,5.5214385986328125,5.866040229797363,10000.0,6.097256839694452,True,False
566,0.0,0.0,0.0,0.9417925732836657,0.0014081705408856577,8.593987464904785,4.5625691413879395,10000.0,14.771324109388111,True,False
567,0.0,0.0,0.0,0.7594131661132685,0.04245907694508034,7.28095817565918,4.7938055992126465,10000.0,10.602470391139647,True,False
568,0.0,0.0,0.0,0.8517188403397874,-0.02698493796012223,10.490192413330078,6.158248424530029,10000.0,22.008827373737574,True,False
569,0.0,0.0,0.0,0.4999166448043841,-0.05417367090528507,4.735821723937988,4.736611366271973,10000.0,4.485601480184595,True,False
570,0.0,0.0,0.0,0.943461453908437,0.03212143970569198,8.468019485473633,4.4877400398254395,10000.0,14.341470801272223,True,False
571,0.0,0.0,0.0,0.6509141822829176,-0.07274624614278755,5.33804988861084,4.1004252433776855,10000.0,5.698955322659639,True,False
572,0.0,0.0,0.0,0.7475351146649984,-0.01904240981522721,7.083539962768555,4.737931251525879,10000.0,10.035307680827827,True,False
573,0.0,0.0,0.0,1.0337481990389945,-0.015418310879738616,7.066343307495117,3.4178261756896973,10000.0,9.986641547876204,True,False
574,0.0,0.0,0.0,0.9969429230588048,-0.0667066790687538,9.09029483795166,4.559084892272949,10000.0,16.52669204817812,True,False
575,0.0,0.0,0.0,0.4726695650135802,-0.04590404807121487,4.019557952880859,4.251974582672119,10000.0,3.231369227313552,True,False
576,0.0,0.0,0.0,0.7115521804176475,0.0670203011137515,6.94301700592041,4.878782749176025,10000.0,9.641097028899999,True,False
577,0.0,0.0,0.0,0.4658927557679187,-0.019171535392767333,4.5299763679504395,4.861608505249023,10000.0,4.104137178837892,True,False
578,0.0,0.0,0.0,0.6538734965156017,-0.062333766979695227,5.3603339195251465,4.098907470703125,10000.0,5.746635945762364,True,False
579,0.0,0.0,0.0,0.7527605556220146,0.020633907538550343,6.451178550720215,4.285013675689697,10000.0,8.32354093865451,True,False
580,0.0,0.0,0.0,0.8226757125180365,-0.053113202127166206,8.282673835754395,5.033984661102295,10000.0,13.72053717389808,True,False
581,0.0,0.0,0.0,0.607651568029401,0.07846805928253342,5.785983085632324,4.7609381675720215,10000.0,6.6955200534446675,True,False
582,0.0,0.0,0.0,0.5044296273299342,-0.045089142383075424,5.035933017730713,4.991710186004639,10000.0,5.072124271814072,True,False
583,0.0,0.0,0.0,0.7079218934394861,0.04232519551259772,6.745965480804443,4.764625549316406,10000.0,9.101610053641025,True,False
584,0.0,0.0,0.0,0.4489477880565687,0.04800763870036199,5.069767951965332,5.646277904510498,10000.0,5.140509417354949,True,False
585,0.0,0.0,0.0,0.7686181202767212,-0.04669639398666851,8.017953872680664,5.215824127197266,10000.0,12.857516860886967,True,False
586,0.0,0.0,0.0,1.5075851972888625,0.002035479017180528,12.596576690673828,4.177732944488525,10000.0,31.73474886480544,True,False
587,0.0,0.0,0.0,0.4174335898464085,-0.07868906017741475,6.6069135665893555,7.913730144500732,10000.0,8.730261375276491,True,False
588,0.0,0.0,0.0,0.5623816952678107,-0.015782609833282085,6.162379741668701,5.478823184967041,10000.0,7.594984816105761,True,False
589,0.0,0.0,0.0,0.6144004653651285,-0.01301180991556742,5.058531761169434,4.116640567779541,10000.0,5.117748715751986,True,False
590,0.0,0.0,0.0,0.9516794954272411,-0.0021151378002502684,9.299887657165527,4.886039733886719,10000.0,17.297582087179947,True,False
591,0.0,0.0,0.0,0.6949392281847471,0.0603048296235559,5.874671936035156,4.226752281188965,10000.0,6.90235407120781,True,False
592,0.0,0.0,0.0,0.6398243694705645,-0.036494456486055024,6.728090286254883,5.257763385772705,10000.0,9.053439779999458,True,False
593,0.0,0.0,0.0,0.4843821690452458,0.0450484295464511,5.148819446563721,5.314831733703613,9833.912395389356,5.302068338662547,True,False
594,0.0,0.0,0.0,0.6129547881058065,-0.006887408608906225,5.241328239440918,4.275460720062256,10000.0,5.494304342712166,True,False
595,0.0,0.0,0.0,0.6413212980647168,-0.026989069761681025,5.458696365356445,4.255820274353027,10000.0,5.9594732018311305,True,False
596,0.0,0.0,0.0,0.6905426502410573,-0.024823109002025515,5.50341272354126,3.984846353530884,10000.0,6.057510321127165,True,False
597,0.0,0.0,0.0,0.6872446574199257,-0.0011780804778091737,6.386463165283203,4.646426200866699,10000.0,8.157382352303827,True,False
598,0.0,0.0,0.0,0.8402016397773183,0.010888462782302518,7.197926044464111,4.283451557159424,10000.0,10.362027868314954,True,False
599,0.0,0.0,0.0,0.9173211420676743,-0.009878869030032522,8.1456298828125,4.439900875091553,8995.513314544736,13.270257237553594,True,False
600,0.0,0.0,0.0,0.5246946711863077,-0.10732718367022674,5.714912414550781,5.445940971374512,10000.0,6.532044781197328,True,False
601,0.0,0.0,0.0,0.5926879280724557,-0.0013782757629187267,5.64153528213501,4.759279727935791,10000.0,6.365384067914828,True,False
602,0.0,0.0,0.0,0.6091734207122895,-0.05570929006524808,5.513956069946289,4.525768756866455,10000.0,6.080742308259502,True,False
603,0.0,0.0,0.0,0.6830587919951843,0.013021415292958798,6.061128616333008,4.4367547035217285,10000.0,7.347456020746176,True,False
604,0.0,0.0,0.0,0.6947276638515285,0.0942788620621791,6.208779335021973,4.468498706817627,10000.0,7.709788166199175,True,False
605,0.0,0.0,0.0,0.48437708983037364,0.008299999170177506,4.755833148956299,4.909225940704346,10000.0,4.523589788142317,True,False
606,0.0,0.0,0.0,0.699873676463659,0.02359208700757988,8.924114227294922,6.375517845153809,10000.0,15.927962948361525,True,False
607,0.0,0.0,0.0,0.5735347826956427,0.009362573224250827,6.236085891723633,5.43653678894043,10000.0,7.777753449790907,True,False
608,0.0,0.0,0.0,0.45869236365315996,-0.008173896080344582,4.167035102844238,4.542298316955566,10000.0,3.4728363096672172,True,False
609,0.0,0.0,0.0,0.8161722242484893,-0.00975638724014386,8.062591552734375,4.939270973205566,10000.0,13.00107650924474,True,False
610,0.0,0.0,0.0,0.4878649829158501,-0.09018586850754451,4.577028751373291,4.690876483917236,10000.0,4.1898384381795495,True,False
611,0.0,0.0,0.0,0.7686142774920092,-0.03857865434624998,8.099822998046875,5.269107818603516,10000.0,13.121426519937813,True,False
612,0.0,0.0,0.0,0.675284349631349,-0.058252207965997484,6.476768493652344,4.795586109161377,10000.0,8.389706024073526,True,False
613,0.0,0.0,0.0,0.4122368602431882,-0.039320967929810734,4.20951509475708,5.10569953918457,10000.0,3.544003466597541,True,False
614,0.0,0.0,0.0,0.6690070700617016,-0.05195054537721739,6.138335227966309,4.587646007537842,10000.0,7.535831874178438,True,False
615,0.0,0.0,0.0,0.5738126244642079,0.029695533950616318,5.153468608856201,4.4905500411987305,10000.0,5.311647740493253,True,False
616,0.0,0.0,0.0,0.9570552474982001,-0.023252764488109087,10.251033782958984,5.355507850646973,10000.0,21.016738723873274,True,False
617,0.0,0.0,0.0,0.6528483455187974,0.052152483545276705,5.5957350730896,4.2856316566467285,10000.0,6.262450201641013,True,False
618,0.0,0.0,0.0,0.4730407508683548,-0.0038815964248187103,4.959588050842285,5.242241859436035,10000.0,4.9195027268115155,True,False
619,0.0,0.0,0.0,0.6466046649651536,-0.034231540314445606,6.375325679779053,4.9298481941223145,10000.0,8.128955504650044,True,False
620,0.0,0.0,0.0,1.0153078407153984,-0.027235753924684317,9.027778625488281,4.445833206176758,10000.0,16.300157382164613,True,False
621,0.0,0.0,0.0,0.6400338019515954,-0.07221860181970058,6.2313337326049805,4.867972373962402,10000.0,7.765904017420141,True,False
622,0.0,0.0,0.0,0.5767235569950645,-0.028198341424194258,5.80624532699585,5.033820152282715,10000.0,6.742496959452225,True,False
623,0.0,0.0,0.0,0.5557578594655804,-0.03843832971597804,4.80966329574585,4.327121257781982,10000.0,4.626572203688966,True,False
624,0.0,0.0,0.0,0.5335957522554409,-0.0664246179456985,5.171589374542236,4.845980644226074,10000.0,5.349067331775629,True,False
625,0.0,0.0,0.0,1.1225218113800164,-0.015469257619468766,10.317768096923828,4.595798492431641,10000.0,21.29126770037982,True,False
626,0.0,0.0,0.0,0.5317741849119094,0.03906194819767492,5.663699150085449,5.325285911560059,10000.0,6.415497612535727,True,False
627,0.0,0.0,0.0,0.7562509376224371,-0.02033138052978596,6.932394981384277,4.583395957946777,10000.0,9.61162003558438,True,False
628,0.0,0.0,0.0,0.5037004285280706,-0.0774470421550301,6.2106099128723145,6.164983749389648,10000.0,7.714335097973571,True,False
629,0.0,0.0,0.0,0.6627622741112371,0.08539378390255,6.3869781494140625,4.818453311920166,10000.0,8.158697976218534,True,False
630,0.0,0.0,0.0,0.5233618909040192,0.024762821521756226,6.2696685791015625,5.989802360534668,10000.0,7.86174881835468,True,False
631,0.0,0.0,0.0,1.2185843943208956,0.037087190226255326,10.388484954833984,4.262521743774414,10000.0,21.5841239313624,True,False
632,0.0,0.0,0.0,0.656057321422538,-0.01875447528289906,5.17577600479126,3.9446065425872803,10000.0,5.357731450354592,True,False
633,0.0,0.0,0.0,0.6611231387587725,-0.041840918275733545,6.535680294036865,4.942861557006836,10000.0,8.543023381172361,True,False
634,0.0,0.0,0.0,0.5126788203816615,0.009674213756612125,4.889856815338135,4.768928050994873,10000.0,4.78213993490176,True,False
635,0.0,0.0,0.0,0.48778432598826005,-0.05805099335600662,4.926334857940674,5.049705982208252,10000.0,4.853755026512271,True,False
636,0.0,0.0,0.0,0.9310779828221448,-0.02119956323425166,9.828268051147461,5.277897357940674,10000.0,19.31897057704117,True,False
637,0.0,0.0,0.0,0.5570290290459528,-0.01401298727783577,5.781421661376953,5.189515590667725,10000.0,6.68496728532773,True,False
638,0.0,0.0,0.0,0.8831467145134908,0.03378703645407862,11.017895698547363,6.237862586975098,10000.0,24.278805124813687,True,False
639,0.0,0.0,0.0,0.6579295212296423,0.020767951641140356,6.32621431350708,4.807668685913086,10000.0,8.004197508084367,True,False
640,0.0,0.0,0.0,0.8024878479327225,-0.008424787135448523,7.996307849884033,4.982198715209961,10000.0,12.788187846023398,True,False
641,0.0,0.0,0.0,0.631844356084016,-0.06494267761046245,5.837338447570801,4.6192851066589355,10000.0,6.8149040302976545,True,False
642,0.0,0.0,0.0,0.5131224092387618,0.051311841933452715,5.213416576385498,5.080090522766113,10000.0,5.435942479786217,True,False
643,0.0,0.0,0.0,0.5395137234192073,-0.0729642900625727,5.795029163360596,5.370604038238525,10000.0,6.7164726008399604,True,False
644,0.0,0.0,0.0,0.7697515955983383,0.001203066442166757,6.379722595214844,4.14401388168335,10000.0,8.14017207837896,True,False
645,0.0,0.0,0.0,0.6786135707891825,-0.05208856325171317,6.243700981140137,4.600336074829102,10000.0,7.796760388378061,True,False
646,0.0,0.0,0.0,0.5075627730695901,-0.07504106376294338,6.448139667510986,6.3520612716674805,10000.0,8.315701034345736,True,False
647,0.0,0.0,0.0,0.45330766054244315,-0.05376616672512814,4.413652420043945,4.868274688720703,10000.0,3.896065536991955,True,False
648,0.0,0.0,0.0,0.8565104054815814,0.07641323363716997,7.9494757652282715,4.640618324279785,10000.0,12.63883298839032,True,False
649,0.0,0.0,0.0,0.9746410040778763,-0.09723922056927778,8.49399185180664,4.357497692108154,10000.0,14.429579515711517,True,False
650,0.0,0.0,0.0,0.5970846575860292,0.04706105824104072,5.709102153778076,4.7808146476745605,10000.0,6.518769480454694,True,False
651,0.0,0.0,0.0,0.783376470313493,0.025815500657606315,7.517855644226074,4.798367023468018,10000.0,11.303630697484365,True,False
652,0.0,0.0,0.0,0.5267132996519046,0.1055124986538705,5.6252288818359375,5.339934349060059,10000.0,6.328639994608238,True,False
653,0.0,0.0,0.0,0.6717647482702005,-0.06258302978387653,6.401172161102295,4.764444828033447,10000.0,8.195001007214202,True,False
654,0.0,0.0,0.0,0.8741074564077663,-0.011839363691611456,9.105793952941895,5.208623886108398,10000.0,16.583096702686632,True,False
655,0.0,0.0,0.0,0.6223136713566749,-0.06685359874868473,5.591736793518066,4.49269962310791,10000.0,6.253504073596741,True,False
656,0.0,0.0,0.0,0.47115906285598586,-0.006606703135621752,4.154280185699463,4.408575057983398,10000.0,3.451608772259032,True,False
657,0.0,0.0,0.0,0.5281862995537596,-0.03501047831357498,5.866392135620117,5.553336143493652,10000.0,6.882911337773109,True,False
658,0.0,0.0,0.0,0.6266282875773077,0.013072869339942292,5.592466354370117,4.462347507476807,10000.0,6.255135984952357,True,False
659,0.0,0.0,0.0,1.0557679993867928,0.02391284794821426,11.17842960357666,5.293980121612549,10000.0,24.991457680423807,True,False
660,0.0,0.0,0.0,0.44381006265069056,-0.011503871316390175,5.462469100952148,6.154061794281006,10000.0,5.967713735771394,True,False
661,0.0,0.0,0.0,0.5545934780227757,0.005712599958641705,4.7760090827941895,4.3058648109436035,10000.0,4.562052551786518,True,False
662,0.0,0.0,0.0,0.5180049698135945,-0.03509454737563444,5.066108226776123,4.890018939971924,10000.0,5.13309051308174,True,False
663,0.0,0.0,0.0,0.5191955371013348,0.011004326402860287,4.944756984710693,4.761940956115723,10000.0,4.890124327569037,True,False
664,0.0,0.0,0.0,0.622678408163496,0.003944103191678278,5.989086627960205,4.809133052825928,10000.0,7.173831727442348,True,False
665,0.0,0.0,0.0,0.6230558578382734,-0.0853945343545019,5.979502201080322,4.79852819442749,10000.0,7.150889314544884,True,False
666,0.0,0.0,0.0,0.833680089817836,-0.06558866079144823,9.150749206542969,5.488165855407715,10000.0,16.747242208209357,True,False
667,0.0,0.0,0.0,0.8482907796253945,0.07719350067558388,8.865449905395508,5.225478172302246,10000.0,15.71924040501544,True,False
668,0.0,0.0,0.0,0.5641124464532282,0.03376569556252866,4.946218967437744,4.3840718269348145,10000.0,4.89301641476818,True,False
669,0.0,0.0,0.0,0.48751471645778616,-0.04097783406984017,5.138526439666748,5.270124435424805,10000.0,5.280890794230842,True,False
670,0.0,0.0,0.0,0.7302608970190143,-0.03977597118017866,5.858763217926025,4.011417865753174,10000.0,6.8650212887445825,True,False
671,0.0,0.0,0.0,0.929218929607826,-0.0020852379482764662,9.27424430847168,4.990344047546387,10000.0,17.20232149864387,True,False
672,0.0,0.0,0.0,0.8116210245908095,0.03448804493214029,9.532780647277832,5.872679710388184,10000.0,18.174781373822952,True,False
673,0.0,0.0,0.0,0.5856718985276193,-0.05176179658896723,6.23502779006958,5.322969913482666,10000.0,7.7751143085879875,True,False
674,0.0,0.0,0.0,1.1060217778403871,-0.04732061429142639,9.576630592346191,4.3293137550354,10000.0,18.342370700452193,True,False
675,0.0,0.0,0.0,0.647201182530174,0.0028607051331269798,6.01826810836792,4.649456977844238,10000.0,7.2439102048396755,True,False
676,0.0,0.0,0.0,0.4400952260825456,-0.007506345353771121,4.625214576721191,5.254788398742676,10000.0,4.278521976142837,True,False
677,0.0,0.0,0.0,1.1876122010705463,0.056801929040348594,10.18392276763916,4.287562370300293,10000.0,20.742456587447847,True,False
678,0.0,0.0,0.0,0.5468572340696974,0.009801563249222286,5.224320888519287,4.776677131652832,10000.0,5.458705749243791,True,False
679,0.0,0.0,0.0,0.5301515204573868,-0.002815221631036144,6.756865501403809,6.372579574584961,10000.0,9.131046280812186,True,False
680,0.0,0.0,0.0,0.4339741015953826,0.0012001449211168924,4.440602779388428,5.116207122802734,10000.0,3.943790608862445,True,False
681,0.0,0.0,0.0,0.38201654123895307,0.04748497720440193,5.189774513244629,6.792604446411133,10000.0,5.386751899664702,True,False
682,0.0,0.0,0.0,0.61280451154935,0.002780466825870427,5.833861827850342,4.759969711303711,10000.0,6.806788765289866,True,False
683,0.0,0.0,0.0,0.5941097422358801,0.004217390441193461,6.736292362213135,5.669232368469238,10000.0,9.0755269578422,True,False
684,0.0,0.0,0.0,0.6369082164183728,-0.031907994831960065,7.088622093200684,5.564869403839111,10000.0,10.049712636042564,True,False
685,0.0,0.0,0.0,0.4849008210367546,-0.051587596904580764,6.499743461608887,6.702136993408203,10000.0,8.449333013345495,True,False
686,0.0,0.0,0.0,0.7196895510390586,0.019477089178066728,7.609495162963867,5.286651134490967,10000.0,11.580883327034094,True,False
687,0.0,0.0,0.0,0.5875860420563471,-0.039606170186695946,5.875184059143066,4.999424457550049,10000.0,6.903557545761757,True,False
688,0.0,0.0,0.0,0.6246721995850799,-0.04445517265509649,6.707676410675049,5.368957042694092,10000.0,8.998584566065297,True,False
689,0.0,0.0,0.0,0.8164459285278239,-0.05320825917641172,7.567310333251953,4.6342997550964355,10000.0,11.452837135948357,True,False
690,0.0,0.0,0.0,0.8045081390329785,-0.00027275134529781265,8.524903297424316,5.298208236694336,10000.0,14.534795246087192,True,False
691,0.0,0.0,0.0,0.5968941118495009,-0.06119177155674601,6.413318634033203,5.372241497039795,10000.0,8.2261311803275,True,False
692,0.0,0.0,0.0,0.647981470475865,-0.0018948461494352207,6.248226165771484,4.821300029754639,10000.0,7.808066043726285,True,False
693,0.0,0.0,0.0,0.9294873404663864,0.013823196831595549,9.177460670471191,4.936840057373047,10000.0,16.845156871609106,True,False
694,0.0,0.0,0.0,0.7277829793025615,-0.007923425164687319,7.261855125427246,4.989025115966797,10000.0,10.54690797253879,True,False
695,0.0,0.0,0.0,0.7204914704509741,-0.0088501507858438,7.274733066558838,5.048451900482178,10000.0,10.584348237936908,True,False
696,0.0,0.0,0.0,0.5371229973384439,0.05470445409245868,6.763393878936768,6.295945167541504,10000.0,9.148699352327867,True,False
697,0.0,0.0,0.0,0.7830148558104119,-0.11107810282476888,7.843445777893066,5.008491039276123,10000.0,12.30392833414971,True,False
698,0.0,0.0,0.0,0.5241728745271138,0.007265278217676484,5.031157493591309,4.799139499664307,10000.0,5.062509145063995,True,False
699,0.0,0.0,0.0,0.5988745376236347,0.036411434204905294,5.871100902557373,4.901778697967529,10000.0,6.893965161601997,True,False
700,0.0,0.0,0.0,0.5156556162517396,0.03850848658234897,5.373593330383301,5.210447788238525,10000.0,5.775101056067978,True,False
701,0.0,0.0,0.0,0.7429577687200519,-0.013503218014176071,6.169511318206787,4.151993274688721,10000.0,7.612573981096329,True,False
702,0.0,0.0,0.0,1.2900779857662699,0.029285010262794006,12.301128387451172,4.7675909996032715,10000.0,30.26355192091141,True,False
703,0.0,0.0,0.0,0.4861095853343881,-0.007952374779553137,6.924993515014648,7.122872829437256,10000.0,9.591107036598984,True,False
704,0.0,0.0,0.0,0.8330326269396544,-0.027497355748560007,8.500813484191895,5.102329254150391,10000.0,14.452765978603743,True,False
705,0.0,0.0,0.0,0.8543823808455486,0.06524954206191524,7.536128997802734,4.410278797149658,10000.0,11.358648054304645,True,False
706,0.0,0.0,0.0,0.5515147427894777,0.012937799852866989,5.56461763381958,5.044849395751953,10000.0,6.192993882123162,True,False
707,0.0,0.0,0.0,0.6344616413784951,-0.002799511917798737,6.644404888153076,5.2362542152404785,10000.0,8.829623263542494,True,False
708,0.0,0.0,0.0,0.7369822087969432,-0.006354942739271111,6.920244216918945,4.6949872970581055,10000.0,9.577956004360018,True,False
709,0.0,0.0,0.0,0.6269544863581986,0.059152124715558065,6.576869010925293,5.245092868804932,10000.0,8.651041197373885,True,False
710,0.0,0.0,0.0,0.6607394641952977,-0.015151500853931394,7.607621192932129,5.756899356842041,10000.0,11.57518004303001,True,False
711,0.0,0.0,0.0,0.5210348313899349,0.04018586729747023,6.037784576416016,5.794031620025635,10000.0,7.290968518241424,True,False
712,0.0,0.0,0.0,0.6155889900182657,-0.04702231473041581,7.214900970458984,5.860160827636719,10000.0,10.410959202705996,True,False
713,0.0,0.0,0.0,0.7144781057937479,0.018852064128666867,6.842175006866455,4.788232803344727,10000.0,9.363071764917592,True,False
714,0.0,0.0,0.0,0.5971451445542599,0.03143742057083806,5.792314052581787,4.850005149841309,10000.0,6.7101804167472885,True,False
715,0.0,0.0,0.0,0.5416172302690418,-0.0014906488011591445,5.3329877853393555,4.9232072830200195,10000.0,5.68815174371575,True,False
716,0.0,0.0,0.0,0.58721410925848,-0.09090362852671219,8.739583969116211,7.441565036773682,10000.0,15.27606559064661,True,False
717,0.0,0.0,0.0,0.46573813679438086,-0.00751455053477673,5.335454940795898,5.7279558181762695,10000.0,5.693415885052673,True,False
718,0.0,0.0,0.0,0.5542234541132083,-0.010633929771054186,6.75560998916626,6.094662666320801,10000.0,9.127653265144588,True,False
719,0.0,0.0,0.0,0.6956307726660772,0.020084026550423968,8.5326566696167,6.133035659790039,10000.0,14.561245968310864,True,False
720,0.0,0.0,0.0,1.0118761502268452,-0.05677438170101089,11.428803443908691,5.647333145141602,10000.0,26.12350963189982,True,False
721,0.0,0.0,0.0,0.5237463754746449,-0.02236063367372762,5.5038228034973145,5.254282474517822,10000.0,6.058413090459407,True,False
722,0.0,0.0,0.0,0.753204656304263,0.07281612688652137,7.684016227722168,5.100882053375244,10000.0,11.808821077579523,True,False
723,0.0,0.0,0.0,0.46498376937882296,-0.06651062567169488,5.465916633605957,5.877534866333008,10000.0,5.975248929106055,True,False
724,0.0,0.0,0.0,0.5362348483649483,0.016584831423345364,6.753166198730469,6.2968363761901855,10000.0,9.121050741535143,True,False
725,0.0,0.0,0.0,0.4906149003907192,-0.008385216065284973,4.811081886291504,4.903114318847656,10000.0,4.629301783320443,True,False
726,0.0,0.0,0.0,0.8443938890039467,-0.0004235160352463398,9.203537940979004,5.449789524078369,10000.0,16.94102212620801,True,False
727,0.0,0.0,0.0,0.5766332117652168,-0.034773035951798384,6.737687110900879,5.842264175415039,10000.0,9.079285520879964,True,False
728,0.0,0.0,0.0,0.5559560759148877,-0.0036567916349673915,5.572821617126465,5.011926174163818,10000.0,6.2112681552624025,True,False
729,0.0,0.0,0.0,0.7843707478839099,-0.002914495227984899,7.8092193603515625,4.978015422821045,10000.0,12.196781403617933,True,False
730,0.0,0.0,0.0,0.7214866332968898,-0.008038241566140473,6.572213172912598,4.554632663726807,10000.0,8.638797198041175,True,False
731,0.0,0.0,0.0,0.5315063072869086,-0.04892752699650588,5.476459980010986,5.151829719543457,10000.0,5.998322782532384,True,False
732,0.0,0.0,0.0,0.4502721096298515,-0.030255522551718508,4.272278785705566,4.744107723236084,10000.0,3.650473204557965,True,False
733,0.0,0.0,0.0,0.6880999130519962,0.06276090620832907,7.569948196411133,5.500617027282715,10000.0,11.460823139269628,True,False
734,0.0,0.0,0.0,0.680191646730802,0.08617241752948437,9.29405403137207,6.831937789916992,10000.0,17.275888067612684,True,False
735,0.0,0.0,0.0,0.3125022761242447,-0.015687034716637578,3.8953301906585693,6.23248291015625,10000.0,3.0347194588512245,True,False
736,0.0,0.0,0.0,0.508512979880114,-0.07186854825342988,5.8254075050354,5.727884769439697,10000.0,6.787074519944554,True,False
737,0.0,0.0,0.0,0.4602096691847934,-0.05877681076442092,5.786330699920654,6.286624431610107,10000.0,6.69632459376885,True,False
738,0.0,0.0,0.0,0.7652656651258143,0.055634740168460345,9.2117280960083,6.018647193908691,10000.0,16.97118690295774,True,False
739,0.0,0.0,0.0,0.7194598677544332,0.016867065829069078,7.196075916290283,5.001026630401611,10000.0,10.356701718602608,True,False
740,0.0,0.0,0.0,1.0262770500676535,0.06456112834739536,9.702920913696289,4.727242469787598,10000.0,18.829334851488966,True,False
741,0.0,0.0,0.0,0.6765287182602473,0.041486723641211976,5.137228012084961,3.796755313873291,10000.0,5.278222329630079,True,False
742,0.0,0.0,0.0,0.4653894461130366,-0.1381285859956013,5.907652854919434,6.346999168395996,10000.0,6.980072450847544,True,False
743,0.0,0.0,0.0,1.0712827278114323,0.037050507792195125,12.023820877075195,5.611880302429199,10000.0,28.914453696797864,True,False
744,0.0,0.0,0.0,0.5951362123473339,-0.06550243496219264,8.215691566467285,6.90236234664917,10000.0,13.499517583064332,True,False
745,0.0,0.0,0.0,0.9047084031664322,0.04101637612165956,9.225165367126465,5.098419189453125,10000.0,17.02073521016591,True,False
746,0.0,0.0,0.0,0.5607820068744828,0.01848896788337082,6.284937858581543,5.603726387023926,10000.0,7.90008877724631,True,False
747,0.0,0.0,0.0,0.5213860647413138,0.017619706882824143,5.535374164581299,5.30832576751709,10000.0,6.1280734283828195,True,False
748,0.0,0.0,0.0,0.6241663289932234,0.04156322216651897,7.41992712020874,5.9438700675964355,10000.0,11.011063693841834,True,False
749,0.0,0.0,0.0,0.4871623874747983,-0.03490762199711465,6.291881084442139,6.457683563232422,10000.0,7.917553516152154,True,False
750,0.0,0.0,0.0,1.000476153575668,-0.034777142018668834,9.961013793945312,4.9781365394592285,10000.0,19.844359160633758,True,False
751,0.0,0.0,0.0,0.5762420424408125,0.058014537878265014,7.374720573425293,6.398978233337402,10000.0,10.877300707220456,True,False
752,0.0,0.0,0.0,0.5012059398866929,-0.014842021388284965,6.307684898376465,6.292508125305176,10000.0,7.9573777554413,True,False
753,0.0,0.0,0.0,0.8951264321786951,-0.03518433248979138,10.223780632019043,5.7108025550842285,10000.0,20.90513808232953,True,False
754,0.0,0.0,0.0,0.776329794993524,-0.032096765022712144,9.033910751342773,5.81834602355957,10000.0,16.322308692645308,True,False
755,0.0,0.0,0.0,0.9938964304365038,-0.01866482057923331,9.60157585144043,4.830269813537598,10000.0,18.4380517661928,True,False
756,0.0,0.0,0.0,0.6142245684580285,-0.04317774836270463,7.81458854675293,6.361344814300537,10000.0,12.213558831008413,True,False
757,0.0,0.0,0.0,0.5885248566232757,-0.05009584779435743,7.209989070892334,6.1254754066467285,10000.0,10.396788480477376,True,False
758,0.0,0.0,0.0,0.5742991115825542,0.03190592965594109,7.357170581817627,6.4053473472595215,10000.0,10.825591793992544,True,False
759,0.0,0.0,0.0,0.47180580693862745,-0.057549840739355214,6.531621932983398,6.921938896179199,10000.0,8.532417015085954,True,False
760,0.0,0.0,0.0,0.6672429796230394,0.04585266263192061,8.030071258544922,6.0173516273498535,10000.0,12.896408883461845,True,False
761,0.0,0.0,0.0,0.6416139281018903,0.01592574056516784,5.496608257293701,4.28342342376709,10000.0,6.042540466829859,True,False
762,0.0,0.0,0.0,0.5658709846396359,-0.03775975705087796,6.236926555633545,5.510908603668213,10000.0,7.779850572073382,True,False
763,0.0,0.0,0.0,1.165754066889221,-0.02863006105119817,11.882746696472168,5.096592426300049,10000.0,28.23993381050404,True,False
764,0.0,0.0,0.0,0.4750838533084905,-0.015243355435878646,5.129652500152588,5.398681163787842,10000.0,5.262666954464336,True,False
765,0.0,0.0,0.0,0.7223176220801729,-0.05123532369685728,6.929485321044922,4.7967023849487305,10000.0,9.603553362915406,True,False
766,0.0,0.0,0.0,0.7152763674619274,-0.08444780104994712,6.932737827301025,4.846195220947266,10000.0,9.612570756418108,True,False
767,0.0,0.0,0.0,0.7804843835579488,-0.004550086495602654,7.505673885345459,4.808343410491943,10000.0,11.267028094631357,True,False
768,0.0,0.0,0.0,0.8746725229314065,-0.01118927609278,8.329375267028809,4.761425018310547,10000.0,13.875698467798244,True,False
769,0.0,0.0,0.0,0.5196512362419696,-0.05955756134603403,4.806867599487305,4.6250901222229,10000.0,4.621195223800168,True,False
770,0.0,0.0,0.0,0.5013936848476317,-0.04903231466976725,5.2584452629089355,5.243828773498535,10000.0,5.530249316601882,True,False
771,0.0,0.0,0.0,0.8244147608420694,-0.0062370818703577,8.274942398071289,5.0186767578125,10000.0,13.694934338279559,True,False
772,0.0,0.0,0.0,1.0681706733970353,0.027152929014445194,12.331339836120605,5.772176742553711,10000.0,30.41238843077899,True,False
773,0.0,0.0,0.0,0.7630274083620204,-0.05887829885525014,7.9203410148620605,5.1900763511657715,10000.0,12.546360358341232,True,False
774,0.0,0.0,0.0,0.5229451187380612,-0.0166400956328797,5.0879106521606445,4.8646697998046875,10000.0,5.17736696087395,True,False
775,0.0,0.0,0.0,0.7183389457338808,0.06072733677750226,6.672321319580078,4.644270896911621,10000.0,8.903974358344563,True,False
776,0.0,0.0,0.0,0.4114868150002662,-0.03901259053513514,6.081685543060303,7.389891147613525,10000.0,7.397379808933735,True,False
777,0.0,0.0,0.0,0.6958621503677994,0.03093938385744336,6.9998393058776855,5.029616355895996,10000.0,9.799550061622035,True,False
778,0.0,0.0,0.0,0.7993801475463166,-0.00907548970442942,8.380202293395996,5.241687774658203,10000.0,14.045558095647898,True,False
779,0.0,0.0,0.0,0.501275764957357,-0.03988422695163965,5.1939849853515625,5.1807661056518555,10000.0,5.395496005611491,True,False
780,0.0,0.0,0.0,0.5414364506858478,-0.015533923555694603,5.002066135406494,4.619255065917969,10000.0,5.004133124596091,True,False
781,0.0,0.0,0.0,0.7055978450147693,0.026033389004458254,7.825175762176514,5.54506778717041,10000.0,12.246675141790952,True,False
782,0.0,0.0,0.0,0.659740949516496,0.0007635866164105217,6.155221939086914,4.664877891540527,10000.0,7.577351423883371,True,False
783,0.0,0.0,0.0,0.4474749912828485,-0.012898496814496344,5.857428073883057,6.544978141784668,10000.0,6.861892728142674,True,False
784,0.0,0.0,0.0,0.5763449124071357,0.0036545063915344534,5.913843631744385,5.130472660064697,10000.0,6.99470930014472,True,False
785,0.0,0.0,0.0,0.5670553607064812,-0.08890670078700577,7.288690090179443,6.426788806915283,10000.0,10.625000646136002,True,False
786,0.0,0.0,0.0,0.5544752988588431,0.01330105627635533,6.055722713470459,5.460768699645996,10000.0,7.334355516488401,True,False
787,0.0,0.0,0.0,0.43972211795507765,-0.04596932390673041,5.2798566818237305,6.003628730773926,10000.0,5.575377316119738,True,False
788,0.0,0.0,0.0,0.5061794257505868,-0.01936986569733643,5.792013168334961,5.721304416656494,10000.0,6.709483308433118,True,False
789,0.0,0.0,0.0,0.6061182539233393,-0.023309669278606573,6.240790367126465,5.148162364959717,10000.0,7.789492881283692,True,False
790,0.0,0.0,0.0,0.6211743164275633,0.09413917662102678,6.853691101074219,5.516721248626709,10000.0,9.394616341788783,True,False
791,0.0,0.0,0.0,0.4125999977463547,0.026997484245637495,4.434834957122803,5.3742547035217285,10000.0,3.9335522193836816,True,False
792,0.0,0.0,0.0,0.4949822115851869,-0.07969284467348482,5.9159016609191895,5.975872993469238,10000.0,6.999578492333285,True,False
793,0.0,0.0,0.0,0.7763648527467936,0.033941093849280936,8.674373626708984,5.586531639099121,10000.0,15.048951563148876,True,False
794,0.0,0.0,0.0,0.5183492926364959,0.009447783921827439,5.631840229034424,5.432476043701172,10000.0,6.343524873074102,True,False
795,0.0,0.0,0.0,0.4029923370457805,-0.047072100692632,4.579509735107422,5.681881904602051,10000.0,4.194381882788729,True,False
796,0.0,0.0,0.0,0.6768434289126647,0.019780495355875366,7.125452518463135,5.263737678527832,10000.0,10.154414718574522,True,False
797,0.0,0.0,0.0,0.5534924348647028,0.08967613495084086,6.662985801696777,6.019039630889893,10000.0,8.879075958722566,True,False
798,0.0,0.0,0.0,0.4741220310448906,0.023691857947334583,5.328623294830322,5.619463920593262,10000.0,5.678845243641671,True,False
799,0.0,0.0,0.0,0.7629176717312762,0.08857322627351093,8.60395622253418,5.63884973526001,10000.0,14.805612535856923,True,False
800,0.0,0.0,0.0,0.47508831742420937,0.010689787128664046,5.001616477966309,5.263880729675293,10000.0,5.00323347853282,True,False
801,0.0,0.0,0.0,1.017076066193324,-0.024021396855872464,10.983684539794922,5.399637699127197,10000.0,24.128265213945994,True,False
802,0.0,0.0,0.0,0.48423795862729574,-0.017208057536359053,5.1759443283081055,5.344422340393066,10000.0,5.358079937948968,True,False
803,0.0,0.0,0.0,0.9993830126913271,0.034753261072974446,10.10878849029541,5.057514667510986,10000.0,20.43752094830579,True,False
804,0.0,0.0,0.0,0.7635435265886015,0.08996391401915643,7.771815299987793,5.0893073081970215,10000.0,12.080222611424865,True,False
805,0.0,0.0,0.0,0.5970742955826395,0.019280492936983085,6.272599220275879,5.252779483795166,10000.0,7.86910019564111,True,False
806,0.0,0.0,0.0,0.38272463455107875,0.0721891103297668,4.617028713226318,6.031789302825928,10000.0,4.263390827751255,True,False
807,0.0,0.0,0.0,1.127148021077967,0.042971589499430356,10.57043743133545,4.689019203186035,10000.0,22.34682949795551,True,False
808,0.0,0.0,0.0,0.9475422469884439,0.02287057425891687,11.305800437927246,5.965855598449707,10000.0,25.56422470844717,True,False
809,0.0,0.0,0.0,0.6736366273780691,-0.0446930674766586,6.069645404815674,4.505133152008057,10000.0,7.368119068040002,True,False
810,0.0,0.0,0.0,0.9095367303893421,0.01170420363379087,10.566875457763672,5.808932781219482,10000.0,22.33177138797764,True,False
811,0.0,0.0,0.0,0.9169873503918894,0.059086315110447485,8.802102088928223,4.79946756362915,10000.0,15.495400236782913,True,False
812,0.0,0.0,0.0,0.5781684840205902,0.014428105369975736,6.4098219871521,5.543212890625,10000.0,8.217163581395695,True,False
813,0.0,0.0,0.0,0.5393548959409354,-0.04394048481154479,5.71144437789917,5.294699668884277,10000.0,6.5241193763672065,True,False
814,0.0,0.0,0.0,0.5352459033052815,-0.001611747392398108,6.278775691986084,5.865318775177002,10000.0,7.884604838055065,True,False
815,0.0,0.0,0.0,0.5534589607734631,0.07868132578452192,7.780193328857422,7.0286993980407715,10000.0,12.106281646879502,True,False
816,0.0,0.0,0.0,0.6229081086858207,0.04350174330874734,7.2035322189331055,5.78217887878418,10000.0,10.378175285841458,True,False
817,0.0,0.0,0.0,0.7821765500844811,0.02467508169485287,7.450937747955322,4.762951374053955,10000.0,11.103294664781103,True,False
818,0.0,0.0,0.0,0.7893285705296377,-0.0659761408867299,9.510411262512207,6.024367809295654,10000.0,18.08958447642381,True,False
819,0.0,0.0,0.0,0.685372103849137,0.043104477888103475,7.528728008270264,5.492438316345215,10000.0,11.336349084502622,True,False
820,0.0,0.0,0.0,0.798686542318697,0.03112377753027822,7.892107009887695,4.940678596496582,10000.0,12.457070611103696,True,False
821,0.0,0.0,0.0,0.5211400693331398,-0.04984015665187635,5.548949241638184,5.323855876922607,10000.0,6.158167537255395,True,False
822,0.0,0.0,0.0,0.8343573471611062,-0.09435369276476498,8.690216064453125,5.207730293273926,10000.0,15.10397104937583,True,False
823,0.0,0.0,0.0,0.5264732817115577,0.009727995456006342,7.338422775268555,6.96941614151001,10000.0,10.770489765716043,True,False
824,0.0,0.0,0.0,0.818511986341141,-0.0182432983357982,8.771727561950684,5.358337879180908,10000.0,15.388640884217054,True,False
825,0.0,0.0,0.0,1.03702936830776,0.003457875419864541,10.154703140258789,4.896053791046143,10000.0,20.62359917335634,True,False
826,0.0,0.0,0.0,0.7517319568673839,0.06403793293152199,7.400536060333252,4.922323703765869,10000.0,10.95358679605856,True,False
827,0.0,0.0,0.0,0.7637366815293217,-0.053177650378811586,8.592184066772461,5.625095844268799,10000.0,14.765125407459706,True,False
828,0.0,0.0,0.0,0.6418691042385056,0.05360210380223672,7.95729923248291,6.198537349700928,10000.0,12.66372221505462,True,False
829,0.0,0.0,0.0,0.6014148248983856,0.04137139822275761,6.667182922363281,5.542915344238281,10000.0,8.890265624050514,True,False
830,0.0,0.0,0.0,0.39684873034779705,0.02508351359040989,5.154026031494141,6.4936909675598145,10000.0,5.312796866663845,True,False
831,0.0,0.0,0.0,1.569265104219731,0.09555362897756331,17.039262771606445,5.429058074951172,10000.0,58.067295159970655,True,False
832,0.0,0.0,0.0,0.640712419728059,-0.00025749599713791754,8.796441078186035,6.8645782470703125,10000.0,15.475475128399736,True,False
833,0.0,0.0,0.0,0.5350920542301959,-0.05067823592029694,5.038163661956787,4.707754135131836,10000.0,5.076618616932365,True,False
834,0.0,0.0,0.0,0.6903031476496557,-0.008131801745259872,8.068320274353027,5.844041347503662,10000.0,13.01955840990722,True,False
835,0.0,0.0,0.0,0.5138430599084741,0.00558408688958961,7.3394012451171875,7.14167594909668,10000.0,10.773362127365544,True,False
836,0.0,0.0,0.0,0.595873880162251,-0.025139997417445638,6.252505779266357,5.2465009689331055,10000.0,7.81876570395184,True,False
837,0.0,0.0,0.0,0.4480006122738217,0.032699593531088346,4.18123722076416,4.666553020477295,10000.0,3.4965489392607196,True,False
838,0.0,0.0,0.0,0.4796096413190675,-0.0002101939558674669,4.799485683441162,5.003533363342285,10000.0,4.6070125651113365,True,False
839,0.0,0.0,0.0,0.48619803080649443,-0.05655981369998593,6.609762668609619,6.797397613525391,10000.0,8.737792507069067,True,False
840,0.0,0.0,0.0,0.6228861432177925,0.013863766281381404,7.331532955169678,5.885130882263184,10000.0,10.750275094547803,True,False
841,0.0,0.0,0.0,0.706471900737025,0.012585701356810397,6.911812782287598,4.891781806945801,10000.0,9.55463118747884,True,False
842,0.0,0.0,0.0,0.5568002277982571,0.04157040053040578,6.291934013366699,5.650082111358643,10000.0,7.917686725712155,True,False
843,0.0,0.0,0.0,0.45377525744987723,0.032931562528561914,4.921915054321289,5.423295974731445,10000.0,4.845049560390905,True,False
844,0.0,0.0,0.0,0.7573863096237169,-0.005114151009452961,7.780533313751221,5.136436462402344,10000.0,12.107339729278507,True,False
845,0.0,0.0,0.0,0.5218327743619237,0.05833211845085354,6.718288421630859,6.437204360961914,10000.0,9.027079863243848,True,False
846,0.0,0.0,0.0,0.7968414855263682,0.020823972764624762,8.099437713623047,5.082213878631592,10000.0,13.120178255371862,True,False
847,0.0,0.0,0.0,0.44001067232978736,-0.0024376534258622267,5.441769599914551,6.183679103851318,10000.0,5.922571275710833,True,False
848,0.0,0.0,0.0,0.40471761298366654,-0.08561475653984806,5.871109485626221,7.253340721130371,10000.0,6.893985318442034,True,False
849,0.0,0.0,0.0,0.40299027360538353,-0.053701570257008564,4.073460578918457,5.054043292999268,10000.0,3.318616217600537,True,False
850,0.0,0.0,0.0,0.9120753664068058,-0.047241826560272385,10.103490829467773,5.538736820220947,10000.0,20.416105388227876,True,False
851,0.0,0.0,0.0,0.894636324974893,0.04700887153901125,11.21669864654541,6.268859386444092,10000.0,25.162865705482716,True,False
852,0.0,0.0,0.0,0.4961285760830075,0.04197119070261263,5.9046831130981445,5.950758934020996,10000.0,6.973056533221278,True,False
853,0.0,0.0,0.0,0.6643370387025259,0.027899073043701563,7.27419900894165,5.474780559539795,10000.0,10.582794244337535,True,False
854,0.0,0.0,0.0,0.5697011163921945,0.0009471940669539421,5.946027755737305,5.218550205230713,10000.0,7.071049214399679,True,False
855,0.0,0.0,0.0,0.6731632969341269,0.09092725207698044,8.636916160583496,6.4151716232299805,10000.0,14.919264152989669,True,False
856,0.0,0.0,0.0,0.6550773931118791,-0.0016111786802331892,8.604894638061523,6.567845821380615,10000.0,14.808842346427987,True,False
857,0.0,0.0,0.0,0.5415809879894149,-0.05126510972577814,6.1699066162109375,5.696199417114258,10000.0,7.6135495305526995,True,False
858,0.0,0.0,0.0,0.7782929129519905,0.13806150703504186,9.182124137878418,5.8988871574401855,10000.0,16.862280736681896,True,False
859,0.0,0.0,0.0,0.8088330139023617,-0.003491698593013664,9.974751472473145,6.1661376953125,10000.0,19.899133387521033,True,False
860,0.0,0.0,0.0,0.9302637536554461,0.06734138474304205,8.752592086791992,4.704360485076904,10000.0,15.321573647554757,True,False
861,0.0,0.0,0.0,0.7165143188233175,-0.009627285532552994,8.848616600036621,6.1747660636901855,10000.0,15.659603146888728,True,False
862,0.0,0.0,0.0,0.6301761707260555,0.049488492539365915,6.828770160675049,5.4181437492370605,10000.0,9.326420381465184,True,False
863,0.0,0.0,0.0,0.956908377699251,-0.09699987262464073,9.732397079467773,5.085333824157715,10000.0,18.943910582486566,True,False
864,0.0,0.0,0.0,0.463938668213762,4.785389109941418e-05,5.493966579437256,5.9210052490234375,10000.0,6.0367337551947,True,False
865,0.0,0.0,0.0,0.6884851472259257,-0.020997229884762533,7.580613613128662,5.505284786224365,10000.0,11.493140550310315,True,False
866,0.0,0.0,0.0,0.4177494521314476,-0.03245017260516289,5.618889808654785,6.725191116333008,10000.0,6.314384536360919,True,False
867,0.0,0.0,0.0,0.5299441585213553,0.0369419250649831,6.034249782562256,5.693288326263428,10000.0,7.282434087670524,True,False
868,0.0,0.0,0.0,1.1030763484399022,-0.019857966631641126,10.882678985595703,4.9328765869140625,10000.0,23.686540380705253,True,False
869,0.0,0.0,0.0,0.3881465799887469,-0.01098178990053058,4.366416931152344,5.624701023101807,10000.0,3.8131193633307703,True,False
870,0.0,0.0,0.0,0.48696611928751327,-0.027639216435249667,5.067495822906494,5.203129768371582,10000.0,5.13590278303495,True,False
871,0.0,0.0,0.0,0.7940081170488721,-0.042007731634842733,9.670631408691406,6.089756011962891,10000.0,18.704222368553744,True,False
872,0.0,0.0,0.0,0.5066278055441915,-0.014331347068218986,6.429403781890869,6.345293045043945,10000.0,8.267446598118518,True,False
873,0.0,0.0,0.0,0.6427782822120705,0.03377474509947566,6.481199741363525,5.04155158996582,10000.0,8.401190017490123,True,False
874,0.0,0.0,0.0,0.6641104573374582,0.016420021116171392,8.184992790222168,6.162373065948486,10000.0,13.398821395197771,True,False
875,0.0,0.0,0.0,0.5895848024827975,0.014591040798365889,6.196863651275635,5.255277633666992,10000.0,7.680223822500238,True,False
876,0.0,0.0,0.0,0.8476028688028553,0.0258129230285936,10.305160522460938,6.079002857208252,10000.0,21.239266678737465,True,False
877,0.0,0.0,0.0,0.5191951885916597,-0.046857757762108536,5.684184551239014,5.474034309387207,10000.0,6.461990802508851,True,False
878,0.0,0.0,0.0,0.5749095625227882,-0.09920097869504696,9.464459419250488,8.2312593460083,10000.0,17.915198419727858,True,False
879,0.0,0.0,0.0,1.0557478661275268,-0.034046644648649566,10.048355102539062,4.758880138397217,10000.0,20.19388805334455,True,False
880,0.0,0.0,0.0,0.7750624216570987,0.012230351568091281,8.118138313293457,5.237086772918701,10000.0,13.180833934752627,True,False
881,0.0,0.0,0.0,0.5441103728381514,0.010471646374427239,8.95040225982666,8.224803924560547,10000.0,16.021940122542034,True,False
882,0.0,0.0,0.0,0.5152596556967981,-0.0077585136305707405,5.84867000579834,5.675458908081055,10000.0,6.8413881673450305,True,False
883,0.0,0.0,0.0,0.7360824581443124,0.007521230383545674,7.919798851013184,5.379695415496826,10000.0,12.544642768101944,True,False
884,0.0,0.0,0.0,0.8176333319823066,0.06217353422087695,9.099858283996582,5.564754962921143,10000.0,16.56148415776424,True,False
885,0.0,0.0,0.0,0.9970537327533239,-0.05257937529714404,11.164060592651367,5.598525047302246,10000.0,24.927249783278228,True,False
886,0.0,0.0,0.0,0.3952072423824111,0.018627768666945547,4.384037494659424,5.546504497528076,10000.0,3.843956950915935,True,False
887,0.0,0.0,0.0,0.9365542745029825,-0.05156955316174588,10.41312313079834,5.559273719787598,10000.0,21.686626667433472,True,False
888,0.0,0.0,0.0,0.5041853301410919,-0.06539798150879529,9.537921905517578,9.458745956420898,10000.0,18.194390855150417,True,False
889,0.0,0.0,0.0,0.9807286915481923,0.036073950488538106,10.224170684814453,5.21253776550293,10000.0,20.90673323844385,True,False
890,0.0,0.0,0.0,0.49473040785761874,-0.0005611262137060705,5.958493709564209,6.021960258483887,10000.0,7.100729457383249,True,False
891,0.0,0.0,0.0,0.5379938747471257,-0.008097341911664228,6.747295379638672,6.270792007446289,10000.0,9.105198988018671,True,False
892,0.0,0.0,0.0,0.446747057773933,-0.024608158978791442,5.066824913024902,5.670798301696777,10000.0,5.134542939849961,True,False
893,0.0,0.0,0.0,0.4749687161985862,-0.04794543536552309,5.765268802642822,6.069103717803955,10000.0,6.64766487334532,True,False
894,0.0,0.0,0.0,1.1202140879617675,-0.047866726581331905,11.303165435791016,5.04509162902832,10000.0,25.552309773772137,True,False
895,0.0,0.0,0.0,0.4724413415959021,-0.0003037959443215694,4.726195812225342,5.001886367797852,10000.0,4.467385371099272,True,False
896,0.0,0.0,0.0,0.7914045299656044,0.08512967521830969,8.681966781616211,5.485163688659668,10000.0,15.075309439417467,True,False
897,0.0,0.0,0.0,0.9860699367661239,-0.002475677195214738,9.671454429626465,4.904040813446045,10000.0,18.707406156868274,True,False
898,0.0,0.0,0.0,0.4884395317252924,-0.027552074138810518,6.045401573181152,6.188485145568848,10000.0,7.3093760362042275,True,False
899,0.0,0.0,0.0,0.7290275354212793,-0.04488795439597993,7.28298282623291,4.994998455047607,10000.0,10.608367769440697,True,False
900,0.0,0.0,0.0,0.6155848989775513,-0.03436102811109813,7.491873741149902,6.085166931152344,10000.0,11.225634430666283,True,False
901,0.0,0.0,0.0,0.6431217252202209,-0.03493209237352966,7.243734836578369,5.631698131561279,10000.0,10.494338876531806,True,False
902,0.0,0.0,0.0,0.6177918647706986,0.033931877102488225,6.4670820236206055,5.234029769897461,10000.0,8.364629980047354,True,False
903,0.0,0.0,0.0,0.8420213861301544,-0.05340477473144246,9.624095916748047,5.714876174926758,10000.0,18.52464444295329,True,False
904,0.0,0.0,0.0,0.4690493571473489,-0.052358189133719577,5.63377046585083,6.005519866943359,10000.0,6.347873932378615,True,False
905,0.0,0.0,0.0,0.6351265381638688,0.014265356417380892,6.660900592803955,5.243758678436279,10000.0,8.873519341443213,True,False
906,0.0,0.0,0.0,1.056568070909272,0.010240983917700215,9.277775764465332,4.390524387359619,10000.0,17.215424627140052,True,False
907,0.0,0.0,0.0,1.0252815005181237,-0.04180542134878806,10.997451782226562,5.363137722015381,10000.0,24.188789140479628,True,False
908,0.0,0.0,0.0,0.6670871641758157,-0.015520318097755724,8.315071105957031,6.232372283935547,10000.0,13.828081499424293,True,False
909,0.0,0.0,0.0,1.1516265100257168,0.00810984414614088,12.499411582946777,5.426851272583008,10000.0,31.24705798398081,True,False
910,0.0,0.0,0.0,0.5378459202994285,0.04911773512252644,6.524588108062744,6.065480709075928,10000.0,8.514049995974752,True,False
911,0.0,0.0,0.0,0.8104792608691174,-0.003753791180698117,8.929970741271973,5.509068012237549,10000.0,15.948875487994698,True,False
912,0.0,0.0,0.0,0.7438890007726516,0.022304192749073054,8.320483207702637,5.592556953430176,10000.0,13.846088161932308,True,False
913,0.0,0.0,0.0,0.7224742682747659,0.0327554259503935,8.50240421295166,5.884226322174072,10000.0,14.458175480083625,True,False
914,0.0,0.0,0.0,0.9027437946358414,0.06889834721807409,9.466412544250488,5.243133544921875,10000.0,17.922593291588598,True,False
915,0.0,0.0,0.0,0.67323458841445,-0.05934177956393739,6.85799503326416,5.09331750869751,10000.0,9.406419175255174,True,False
916,0.0,0.0,0.0,0.43504101421187485,-0.08121678771217741,4.925182342529297,5.660595417022705,10000.0,4.851484221432472,True,False
917,0.0,0.0,0.0,0.751333777666628,0.05322444437311341,8.98213005065918,5.977456569671631,10000.0,16.13573204939094,True,False
918,0.0,0.0,0.0,0.47324980518562587,-0.057185016944602554,4.97105598449707,5.252042293548584,10000.0,4.942279520200827,True,False
919,0.0,0.0,0.0,0.4193108874754336,-0.05227383949183006,5.8129987716674805,6.931609630584717,10000.0,6.758190943881527,True,False
920,0.0,0.0,0.0,0.7898438399341915,-0.06495547936468413,9.193541526794434,5.819847583770752,10000.0,16.904241160978742,True,False
921,0.0,0.0,0.0,0.9809158290268568,0.009908609121302875,10.0643949508667,5.130101203918457,10000.0,20.25840914540622,True,False
922,0.0,0.0,0.0,0.7922294161618778,0.002247454204724938,9.234902381896973,5.828426837921143,10000.0,17.056684400633273,True,False
923,0.0,0.0,0.0,0.546265225523426,-0.05825076243608195,5.824618816375732,5.331310272216797,10000.0,6.785236871215645,True,False
924,0.0,0.0,0.0,0.7733575444668774,0.0014599397131709508,8.081899642944336,5.225202560424805,10000.0,13.063420367724753,True,False
925,0.0,0.0,0.0,0.7705244827621984,0.04339064785213223,8.640504837036133,5.606898307800293,10000.0,14.931664767768957,True,False
926,0.0,0.0,0.0,0.732803546074186,0.05010298939602223,9.59505558013916,6.546813011169434,10000.0,18.413018317191927,True,False
927,0.0,0.0,0.0,0.5628141783509759,0.04440530094468256,6.955312252044678,6.179048538208008,10000.0,9.675273704688557,True,False
928,0.0,0.0,0.0,1.0639622503034527,0.07774173299793885,12.470558166503906,5.8604326248168945,10000.0,31.10296419683145,True,False
929,0.0,0.0,0.0,0.7960195642267353,-0.014006033208991355,8.535957336425781,5.361650466918945,10000.0,14.572513529856224,True,False
930,0.0,0.0,0.0,0.9397270441453169,0.025122867273460348,12.552547454833984,6.678826332092285,10000.0,31.513289521171828,True,False
931,0.0,0.0,0.0,0.4712357177927083,-0.025189296583833932,6.516197204589844,6.913946628570557,10000.0,8.492165201820896,True,False
932,0.0,0.0,0.0,0.4471594980142959,0.03933940814206389,4.559620380401611,5.0984272956848145,10000.0,4.158027602674746,True,False
933,0.0,0.0,0.0,0.426757774407006,0.08113264884624767,4.955986022949219,5.806556224822998,10000.0,4.9123594919336,True,False
934,0.0,0.0,0.0,0.7564486245290725,-0.037848628236055996,9.449800491333008,6.246161460876465,10000.0,17.859745865199514,True,False
935,0.0,0.0,0.0,0.5983214751984599,0.013971328701679199,6.072481155395508,5.074597358703613,10000.0,7.3750054765267095,True,False
936,0.0,0.0,0.0,0.5258522097786491,0.058885631531071216,6.196812152862549,5.8921613693237305,10000.0,7.680096171572995,True,False
937,0.0,0.0,0.0,0.5922445253116928,0.05958675299288418,6.994944095611572,5.905452728271484,10000.0,9.785848580146236,True,False
938,0.0,0.0,0.0,0.7259606804777164,-0.04774175291330746,8.139097213745117,5.605742454528809,10000.0,13.248980690958703,True,False
939,0.0,0.0,0.0,0.7507048479604106,-0.08039511697477374,8.805527687072754,5.864840030670166,10000.0,15.507463569560969,True,False
940,0.0,0.0,0.0,0.617132928823332,-0.006343593241880134,6.905022144317627,5.5944366455078125,10000.0,9.535866162703357,True,False
941,0.0,0.0,0.0,0.825518857470298,-0.005132601025371806,8.37256908416748,5.071094989776611,10000.0,14.019982613831417,True,False
942,0.0,0.0,0.0,0.7982455237302746,0.06924217693628473,9.095486640930176,5.697173595428467,10000.0,16.54557544706786,True,False
943,0.0,0.0,0.0,0.5546177619271156,-0.004045920927643544,6.790864944458008,6.12211275100708,10000.0,9.22316933877373,True,False
944,0.0,0.0,0.0,0.4895155802468983,-0.03019443655957126,5.274876117706299,5.387853145599365,10000.0,5.564863611429654,True,False
945,0.0,0.0,0.0,0.669990960014037,-0.058901446920708714,7.949466228485107,5.9325175285339355,10000.0,12.638802663565045,True,False
946,0.0,0.0,0.0,0.39406882377626584,-0.028371112193218227,5.224555969238281,6.628989219665527,10000.0,5.459197015140671,True,False
947,0.0,0.0,0.0,0.7219272100324593,-0.10270214686686611,7.923455715179443,5.487710952758789,10000.0,12.556230094081954,True,False
948,0.0,0.0,0.0,0.4989342925360532,-0.0271335882226585,5.527019500732422,5.538825035095215,10000.0,6.109588912295294,True,False
949,0.0,0.0,0.0,1.2607985433931954,-0.07188533824255737,12.161544799804688,4.822953224182129,10000.0,29.580634383531276,True,False
950,0.0,0.0,0.0,0.647358890146451,0.061129016379457835,7.133150100708008,5.509424686431885,10000.0,10.176366071846132,True,False
951,0.0,0.0,0.0,0.4796990151711388,-0.07519511577340168,4.863844871520996,5.069684028625488,10000.0,4.731397386844218,True,False
952,0.0,0.0,0.0,0.6726786662736282,0.04213673111366756,7.740968227386475,5.753838062286377,10000.0,11.984517819481376,True,False
953,0.0,0.0,0.0,0.6193659587597817,-0.0561265852525618,6.730891227722168,5.433694839477539,10000.0,9.060979343885442,True,False
954,0.0,0.0,0.0,1.0799858616064595,-0.018690738659790616,11.722712516784668,5.427252769470215,10000.0,27.484397750235985,True,False
955,0.0,0.0,0.0,0.5233497570060937,0.03343200625526593,6.310861110687256,6.029295921325684,10000.0,7.965393591676957,True,False
956,0.0,0.0,0.0,0.6286408807496766,0.013976644876065775,8.167206764221191,6.49592399597168,10000.0,13.340653265908074,True,False
957,0.0,0.0,0.0,0.7621424915075684,0.02729313298027021,9.475044250488281,6.216058254241943,10000.0,17.95529270974221,True,False
958,0.0,0.0,0.0,0.46693853927118256,0.03636292938538096,5.610334396362305,6.007572650909424,10000.0,6.295170407801194,True,False
959,0.0,0.0,0.0,0.7374280770049796,0.00952355989735412,8.233235359191895,5.582398891448975,10000.0,13.557232895969534,True,False
960,0.0,0.0,0.0,0.6534255825538274,-0.011831070328623393,9.288299560546875,7.107388973236084,10000.0,17.25450174529105,True,False
961,0.0,0.0,0.0,0.6652442916586964,-0.08061273278757253,7.873674392700195,5.917881965637207,10000.0,12.398949688452554,True,False
962,0.0,0.0,0.0,0.7200097664451275,0.006619235818787842,8.470653533935547,5.882318496704102,10000.0,14.35039425839495,True,False
963,0.0,0.0,0.0,0.8594510457932917,0.10788327571770431,8.734379768371582,5.081371307373047,10000.0,15.257877987627758,True,False
964,0.0,0.0,0.0,0.3114209431862515,-0.02947647480322306,4.233406066894531,6.796919345855713,10000.0,3.584345385443884,True,False
965,0.0,0.0,0.0,0.4562687896197144,-0.023202586377878514,6.905310153961182,7.5671515464782715,10000.0,9.53666166447988,True,False
966,0.0,0.0,0.0,0.5397099438903299,-0.04975724285018095,5.779508590698242,5.354272842407227,10000.0,6.680543909990956,True,False
967,0.0,0.0,0.0,0.33516921892303847,0.027647305209458118,5.3500471115112305,7.981113433837891,10000.0,5.724600819077931,True,False
968,0.0,0.0,0.0,0.7469849350068433,0.040771229710626765,7.912035942077637,5.295980930328369,10000.0,12.520062549745667,True,False
969,0.0,0.0,0.0,0.6600343985664394,0.04198283768409837,7.970659255981445,6.0380635261535645,10000.0,12.706281794992535,True,False
970,0.0,0.0,0.0,0.4830375214648131,-0.05580157806905805,5.5005035400390625,5.693660736083984,10000.0,6.051107838796451,True,False
971,0.0,0.0,0.0,0.32379843652986967,-0.0044386619688670465,4.85068416595459,7.490283489227295,10000.0,4.705827375568514,True,False
972,0.0,0.0,0.0,0.7499996000094575,0.010689904243824119,8.046813011169434,5.364544868469238,10000.0,12.950239927345137,True,False
973,0.0,0.0,0.0,0.32600891464833265,-0.013963912828969293,4.640307426452637,7.1168413162231445,10000.0,4.3064906023982985,True,False
974,0.0,0.0,0.0,0.789469321931359,0.07295314195038193,9.138318061828613,5.787633419036865,10000.0,16.701771399828615,True,False
975,0.0,0.0,0.0,0.5972876000628201,0.06652380479148054,7.279344081878662,6.093667507171631,10000.0,10.597770052476378,True,False
976,0.0,0.0,0.0,0.6270147968399659,-0.03751758598854775,7.781749248504639,6.205395221710205,10000.0,12.111124273320499,True,False
977,0.0,0.0,0.0,0.3566186179894829,0.002675276539569113,4.068146705627441,5.70377779006958,10000.0,3.30996352370148,True,False
978,0.0,0.0,0.0,0.4168915872347112,-0.035077249238877076,8.06633472442627,9.674379348754883,10000.0,13.013151177297004,True,False
979,0.0,0.0,0.0,0.7340889063944815,0.023812011070597904,13.906513214111328,9.471954345703125,10000.0,38.678221954850585,True,False
980,0.0,0.0,0.0,0.9750670035258792,0.05942161874540272,11.483268737792969,5.888451099395752,10000.0,26.373092180874664,True,False
981,0.0,0.0,0.0,0.7465628167133537,-0.06783442971244928,8.243908882141113,5.521242618560791,10000.0,13.592406731409028,True,False
982,0.0,0.0,0.0,0.5970497299105373,0.011384489083727358,7.12219762802124,5.9644927978515625,10000.0,10.145139810518273,True,False
983,0.0,0.0,0.0,0.44524358302124994,0.009815246324387805,5.8055219650268555,6.519489765167236,10000.0,6.7408170572818555,True,False
984,0.0,0.0,0.0,0.6679246187262434,-0.04433463587694188,8.293747901916504,6.2085957527160645,10000.0,13.757250852108882,True,False
985,0.0,0.0,0.0,0.814975554583185,-0.0484705767728108,9.755081176757812,5.984891891479492,10000.0,19.03232175302692,True,False
986,0.0,0.0,0.0,0.760248335575092,0.04483017109679659,10.085309982299805,6.632905006408691,10000.0,20.342695487815206,True,False
987,0.0,0.0,0.0,0.7760538702342967,0.03538311101488206,8.786781311035156,5.661192893981934,10000.0,15.441505161591337,True,False
988,0.0,0.0,0.0,0.6541066513355694,-0.06523057164386749,7.175343036651611,5.484841823577881,10000.0,10.297109538724953,True,False
989,0.0,0.0,0.0,0.6484468457499429,-0.02458315886021778,6.501190185546875,5.0128936767578125,10000.0,8.4530947657302,True,False
990,0.0,0.0,0.0,0.6723534598229661,-0.05571933080589699,7.353844165802002,5.468733787536621,10000.0,10.815804802980026,True,False
991,0.0,0.0,0.0,0.6619449758349564,-0.009488856407783687,10.939291954040527,8.262991905212402,10000.0,23.933621691147152,True,False
992,0.0,0.0,0.0,0.8270503133550345,-0.008577271021291383,9.694496154785156,5.860886573791504,10000.0,18.79665113902884,True,False
993,0.0,0.0,0.0,0.5400770858055945,-0.10861478848958019,5.811668395996094,5.380406379699707,10000.0,6.755097909003961,True,False
994,0.0,0.0,0.0,0.9193945132677691,-0.039356485081887736,10.373754501342773,5.641623020172119,10000.0,21.52295649082589,True,False
995,0.0,0.0,0.0,0.42712873947686336,-0.021988890491877966,5.3510565757751465,6.263985633850098,10000.0,5.726761295429284,True,False
996,0.0,0.0,0.0,0.7745139334904748,0.03001784828756189,8.667922973632812,5.595717906951904,10000.0,15.026577735366295,True,False
997,0.0,0.0,0.0,0.479668287844601,0.02420812792337308,5.752123832702637,5.995939254760742,10000.0,6.6173857173491335,True,False
998,0.0,0.0,0.0,0.8604707707392153,-0.08771415517585997,9.321810722351074,5.41669225692749,10000.0,17.37923102866789,True,False
999,0.0,0.0,0.0,0.49342435464595313,-0.05084100230387939,6.489776134490967,6.576262474060059,10000.0,8.423438855161699,True,False
1000,0.0,0.0,0.0,0.7916999982037323,-0.027602707472278908,7.944223880767822,5.01719331741333,10000.0,12.622138613552352,True,False
1001,0.0,0.0,0.0,0.4425867691163447,-0.012551816472700955,5.346986293792725,6.040607929229736,10000.0,5.718052485201451,True,False
1002,0.0,0.0,0.0,0.3733430209673512,0.0094538751241742,4.681081295013428,6.2691426277160645,10000.0,4.382504418104919,True,False
1003,0.0,0.0,0.0,1.4722844865276878,0.0764375922019251,14.178512573242188,4.815140247344971,10000.0,40.20604375791734,True,False
1004,0.0,0.0,0.0,0.7134207132875143,0.05517009611668765,8.279953956604004,5.802995204925537,10000.0,13.711527504696456,True,False
1005,0.0,0.0,0.0,0.5681469558735708,-0.1288895238299798,9.944002151489258,8.751258850097656,10000.0,19.776635757764595,True,False
1006,0.0,0.0,0.0,0.8127606213538358,0.015470336263644783,9.17410945892334,5.643795490264893,10000.0,16.832856872861342,True,False
1007,0.0,0.0,0.0,0.5919219626391194,-0.030773985948936523,6.684250831604004,5.646226406097412,10000.0,8.935841835959764,True,False
1008,0.0,0.0,0.0,0.46392557131356443,0.06351614145333559,5.675998687744141,6.117359161376953,10000.0,6.443392220654641,True,False
1009,0.0,0.0,0.0,0.3991570746795385,0.04194370133858849,5.587432384490967,6.999039649963379,10000.0,6.243880130251682,True,False
1010,0.0,0.0,0.0,0.5715333374967861,0.04090036002229949,6.720281600952148,5.879168510437012,10000.0,9.03243695921919,True,False
1011,0.0,0.0,0.0,0.6418545984017338,0.019798211753423167,6.5439229011535645,5.097667694091797,10000.0,8.564585387248414,True,False
1012,0.0,0.0,0.0,0.7490972929468908,0.04515641703770576,10.467935562133789,6.987033367156982,10000.0,21.915534986597038,True,False
1013,0.0,0.0,0.0,0.6179583521829953,0.0033569203464773384,7.853979587554932,6.354780673980713,10000.0,12.336999072345904,True,False
1014,0.0,0.0,0.0,0.68807107278043,-0.00480327197987307,8.020065307617188,5.8279337882995605,10000.0,12.864289507688952,True,False
1015,0.0,0.0,0.0,0.7912072921543525,0.08425020271246486,8.424254417419434,5.323670864105225,10000.0,14.193612497882164,True,False
1016,0.0,0.0,0.0,0.5331601240266571,-0.0007123930842421684,5.928694248199463,5.5599565505981445,10000.0,7.029883097726678,True,False
1017,0.0,0.0,0.0,0.6252769905795075,-0.030653818506001403,8.692007064819336,6.950525283813477,10000.0,15.11019736297385,True,False
1018,0.0,0.0,0.0,0.5799158759246863,0.09417384304265945,7.759693145751953,6.690361022949219,10000.0,12.042567543245966,True,False
1019,0.0,0.0,0.0,0.38097543109579435,-0.03417706315510298,5.0165839195251465,6.583868026733398,10000.0,5.033222844327653,True,False
1020,0.0,0.0,0.0,0.6512815297694536,0.0743501909194621,6.629782199859619,5.089797496795654,10000.0,8.790802403515087,True,False
1021,0.0,0.0,0.0,0.352587969314891,-0.07529455932805265,4.505799770355225,6.389610767364502,10000.0,4.060446314106638,True,False
1022,0.0,0.0,0.0,0.5674189190855364,-0.018843045272479004,6.276065826416016,5.5303635597229,10000.0,7.877800451501386,True,False
1023,0.0,0.0,0.0,0.6992464750106703,0.01743006963587842,7.015224456787109,5.016274452209473,10000.0,9.842674835820794,True,False
1024,0.0,0.0,0.0,0.5326585856167496,-0.027684058633678447,7.035695552825928,6.604320049285889,10000.0,9.900202382410903,True,False
1025,0.0,0.0,0.0,0.432947650532352,-0.08193795838397243,6.645555019378662,7.674778938293457,10000.0,8.832680303117783,True,False
1026,0.0,0.0,0.0,0.6487016666260866,-0.04044442221023584,6.93656063079834,5.346495151519775,10000.0,9.623174676948288,True,False
1027,0.0,0.0,0.0,0.7151185463835793,-0.04400579610223907,9.656826972961426,6.751906394958496,10000.0,18.650861437143064,True,False
1028,0.0,0.0,0.0,0.8579472771996451,0.038994414162763294,12.59399700164795,7.3396100997924805,10000.0,31.721752095503504,True,False
1029,0.0,0.0,0.0,0.6308803804382708,0.01638019201136259,7.011889934539795,5.557226181030273,10000.0,9.833320090820095,True,False
1030,0.0,0.0,0.0,0.8044578246006093,-0.003958847972582244,8.618276596069336,5.356574535369873,10000.0,14.85493829727129,True,False
1031,0.0,0.0,0.0,0.6827634518256969,-0.04473851774432174,8.679744720458984,6.3563337326049805,10000.0,15.06759368246712,True,False
1032,0.0,0.0,0.0,0.6570593985884655,0.044490497839081454,8.531421661376953,6.492123603820801,10000.0,14.557031112842374,True,False
1033,0.0,0.0,0.0,0.46718612214806926,-0.038529023550852415,5.906893730163574,6.321777820587158,10000.0,6.978278707889146,True,False
1034,0.0,0.0,0.0,0.49653869444018334,0.06815168658727211,5.1150665283203125,5.150722980499268,10000.0,5.232781117828562,True,False
1035,0.0,0.0,0.0,0.5318595313694798,-0.049864671955145656,7.305798053741455,6.868165016174316,10000.0,10.674937040410484,True,False
1036,0.0,0.0,0.0,0.6740051080909372,0.039908860420246516,8.1687650680542,6.059868812561035,10000.0,13.345744547412501,True,False
1037,0.0,0.0,0.0,0.7916678920630833,-0.005918544690842316,10.191679954528809,6.436840534210205,10000.0,20.774068059108856,True,False
1038,0.0,0.0,0.0,0.7433512092191471,-0.08502163762204974,8.831221580505371,5.940140724182129,10000.0,15.598094920796754,True,False
1039,0.0,0.0,0.0,0.4407376858382962,-0.02228785870488385,5.5453362464904785,6.290971279144287,10000.0,6.150150817328221,True,False
1040,0.0,0.0,0.0,0.49713337583141715,-0.010707354938064574,6.411653518676758,6.448625087738037,10000.0,8.221860168712006,True,False
1041,0.0,0.0,0.0,0.6366022386538313,-0.03087434801682984,8.525983810424805,6.696476459503174,10000.0,14.538479987125172,True,False
1042,0.0,0.0,0.0,0.3481870656390227,0.02409028294875993,5.764887809753418,8.278434753417969,10000.0,6.646786291808709,True,False
1043,0.0,0.0,0.0,0.9633637464035253,-0.011148888312339079,12.986662864685059,6.740269660949707,10000.0,33.73068247219797,True,False
1044,0.0,0.0,0.0,0.4668238036134048,-0.022246131563060944,5.577594757080078,5.973982810974121,10000.0,6.221912654841432,True,False
1045,0.0,0.0,0.0,0.48797791905599375,0.030975789704290848,5.421942234039307,5.555520057678223,10000.0,5.879491517851829,True,False
1046,0.0,0.0,0.0,0.7148859820502571,0.010434173157984474,10.279239654541016,7.189425945281982,10000.0,21.13255357509769,True,False
1047,0.0,0.0,0.0,0.3871581640962251,-0.021387226416237252,4.334725856781006,5.598133087158203,10000.0,3.757969650689164,True,False
1048,0.0,0.0,0.0,0.7349501583179451,0.02072983066411248,7.964066028594971,5.418099403381348,10000.0,12.68526954156409,True,False
1049,0.0,0.0,0.0,0.6925550438142096,-0.14219579239459273,7.264418125152588,5.244650363922119,10000.0,10.554354139409085,True,False
1050,0.0,0.0,0.0,0.9842129184946519,0.10249810214966085,10.154115676879883,5.1584954261779785,10000.0,20.621213035891557,True,False
1051,0.0,0.0,0.0,0.5467956869521642,0.006270420263959163,6.526691436767578,5.96812629699707,10000.0,8.519540222155044,True,False
1052,0.0,0.0,0.0,0.7674872540611604,0.01555304472038256,9.58936595916748,6.247247695922852,10000.0,18.391187899768013,True,False
1053,0.0,0.0,0.0,0.6179924888869939,0.06258635877307069,8.251907348632812,6.676381587982178,10000.0,13.61879497808404,True,False
1054,0.0,0.0,0.0,0.5100778999292617,0.0013055403798092812,5.539207458496094,5.4297661781311035,10000.0,6.136563853651751,True,False
1055,0.0,0.0,0.0,0.739122248316969,-0.08334275318690648,7.90653133392334,5.348595142364502,10000.0,12.502647546862313,True,False
1056,0.0,0.0,0.0,0.6724097492661101,0.046744541028373145,7.72379732131958,5.74337100982666,10000.0,11.9314090121647,True,False
1057,0.0,0.0,0.0,0.5537711288295668,-0.012974324761982367,6.7722673416137695,6.114680767059326,10000.0,9.172720989257684,True,False
1058,0.0,0.0,0.0,0.9963521314399999,-0.05780185229870079,9.898225784301758,4.967232704162598,10000.0,19.594974735403227,True,False
1059,0.0,0.0,0.0,0.6421102938940805,-0.018419492404469363,7.975520610809326,6.210397720336914,10000.0,12.72178580268887,True,False
1060,0.0,0.0,0.0,0.5854862942662437,-0.07205116595975347,5.819825649261475,4.970078468322754,10000.0,6.774074117560346,True,False
1061,0.0,0.0,0.0,0.5235558685481086,-0.010149127799148805,5.479865550994873,5.2333149909973145,10000.0,6.005785291396066,True,False
1062,0.0,0.0,0.0,0.6625323686051746,0.07549711304853747,8.264832496643066,6.2373046875,10000.0,13.661491239513452,True,False
1063,0.0,0.0,0.0,0.3453051013153603,-0.08693734769894924,4.549522876739502,6.587685585021973,10000.0,4.139631681195215,True,False
1064,0.0,0.0,0.0,0.6365954547524859,-0.02395102936869144,8.757299423217773,6.87822961807251,10000.0,15.338058637578065,True,False
1065,0.0,0.0,0.0,0.4847950016398602,0.005112230158539803,6.423924446105957,6.625402927398682,10000.0,8.253361057855543,True,False
1066,0.0,0.0,0.0,0.8986700719023726,0.051582193770423466,9.705552101135254,5.3999528884887695,10000.0,18.83954831757019,True,False
1067,0.0,0.0,0.0,0.8223972943606108,-0.001870494544150406,9.386407852172852,5.706735610961914,10000.0,17.62093047346643,True,False
1068,0.0,0.0,0.0,0.8047729168206057,-0.003413493619393057,8.683399200439453,5.394937515258789,10000.0,15.080284334838503,True,False
1069,0.0,0.0,0.0,0.4485346850782072,-0.03506729949805757,5.140201091766357,5.729992866516113,10000.0,5.28433345275921,True,False
1070,0.0,0.0,0.0,0.4392444429549482,0.02960709606403725,5.637167930603027,6.416891574859619,10000.0,6.355532455563843,True,False
1071,0.0,0.0,0.0,0.8243562508918232,-0.013003771194267228,10.076970100402832,6.112023830413818,10000.0,20.30906528088252,True,False
1072,0.0,0.0,0.0,0.4383316233243665,-0.10430971041942054,5.365856170654297,6.120772361755371,10000.0,5.758482488829756,True,False
1073,0.0,0.0,0.0,0.833589437474327,0.03974157443897274,10.172135353088379,6.101406097412109,10000.0,20.694467528310085,True,False
1074,0.0,0.0,0.0,1.1654647241551699,0.005119371527571768,12.808298110961914,5.494931697845459,10000.0,32.810500099854096,True,False
1075,0.0,0.0,0.0,0.44995151799531025,-0.016019968927550324,5.476024150848389,6.085126876831055,10000.0,5.997368100134963,True,False
1076,0.0,0.0,0.0,0.6118538527297651,0.004695815811759731,7.959463119506836,6.504382610321045,10000.0,12.670610630157896,True,False
1077,0.0,0.0,0.0,0.6303097334977663,0.0813529461996397,9.690897941589355,7.687409400939941,10000.0,18.78270058286016,True,False
1078,0.0,0.0,0.0,0.3994076795974331,-0.03618493035820956,4.961367130279541,6.210906028747559,10000.0,4.923032760283647,True,False
1079,0.0,0.0,0.0,0.7797302835044125,-0.1028489741050078,9.555656433105469,6.12753963470459,10000.0,18.262113973509983,True,False
1080,0.0,0.0,0.0,0.43735113924835767,0.026792545492771273,5.097152233123779,5.82729959487915,10000.0,5.196192177527745,True,False
1081,0.0,0.0,0.0,0.7248308748333414,-0.04302279441256132,8.323429107666016,5.741635322570801,10000.0,13.855894422068374,True,False
1082,0.0,0.0,0.0,0.6107769771895574,0.03459455544800518,8.553692817687988,7.002304553985596,10000.0,14.633132163873412,True,False
1083,0.0,0.0,0.0,0.8817520503063949,-0.09212525142193455,9.625274658203125,5.458039283752441,10000.0,18.529182449169454,True,False
1084,0.0,0.0,0.0,0.3483648586293133,-0.0025419649137709546,5.3373026847839355,7.660506725311279,10000.0,5.697359989800361,True,False
1085,0.0,0.0,0.0,0.6792092354679155,-0.037787100649808725,7.616891860961914,5.607176303863525,10000.0,11.60340832431757,True,False
1086,0.0,0.0,0.0,0.6417692871047033,0.006946154650304715,6.684815406799316,5.208114147186279,10000.0,8.9373514045963,True,False
1087,0.0,0.0,0.0,0.6925956973666135,0.035164372209657895,8.00061321258545,5.77581787109375,10000.0,12.801962355479368,True,False
1088,0.0,0.0,0.0,0.5700831941528863,0.03087691644740596,7.615561008453369,6.679341793060303,10000.0,11.599353894695057,True,False
1089,0.0,0.0,0.0,0.6130926483536542,-0.04495101912018315,8.149288177490234,6.646049499511719,10000.0,13.282179559956418,True,False
1090,0.0,0.0,0.0,0.6310015553419093,-0.020589893053807356,7.049800872802734,5.5861992835998535,10000.0,9.939938469234036,True,False
1091,0.0,0.0,0.0,0.7166767788123762,0.019433292863950253,10.126053810119629,7.064589023590088,10000.0,20.507393153087648,True,False
1092,0.0,0.0,0.0,0.5720486919801271,0.08849631160586718,6.470840930938721,5.655848026275635,10000.0,8.374356470702374,True,False
1093,0.0,0.0,0.0,0.395172793226254,-0.023532186672974808,5.070291519165039,6.415284156799316,10000.0,5.141571217863383,True,False
1094,0.0,0.0,0.0,0.5657051600093971,-0.021341126138583046,6.361156463623047,5.6223249435424805,10000.0,8.09286231093865,True,False
1095,0.0,0.0,0.0,0.4867461080429338,-0.03451958338628436,5.41725492477417,5.564764499664307,10000.0,5.869330183997999,True,False
1096,0.0,0.0,0.0,0.47350223747250425,-0.0099038731059541,4.985864639282227,5.2648797035217285,10000.0,4.971769240248975,True,False
1097,0.0,0.0,0.0,0.4013527698657513,-0.0008830243766397597,4.716216564178467,5.875400543212891,10000.0,4.448539736046268,True,False
1098,0.0,0.0,0.0,0.662914197137728,0.01479411758871901,6.68058443069458,5.038800239562988,10000.0,8.926041667127762,True,False
1099,0.0,0.0,0.0,0.5219618493061147,0.10677471111031908,7.638479709625244,7.317086219787598,10000.0,11.669274454871307,True,False
1100,0.0,0.0,0.0,0.9421421010370471,0.04162548090440155,14.371049880981445,7.626795291900635,10000.0,41.305414936331346,True,False
1101,0.0,0.0,0.0,0.48255141858827055,-0.007243236388615184,7.371094226837158,7.637625694274902,10000.0,10.866606020182417,True,False
1102,0.0,0.0,0.0,0.7612273176234138,-0.03002052979475999,9.118313789367676,5.989218711853027,10000.0,16.62872927227454,True,False
1103,0.0,0.0,0.0,0.8757040777844098,0.003453273884273143,10.587358474731445,6.045054912567139,10000.0,22.41843189449355,True,False
1104,0.0,0.0,0.0,0.5289661313563319,-0.041939497675832674,5.712155818939209,5.399358749389648,10000.0,6.52574481996821,True,False
1105,0.0,0.0,0.0,0.42992773577726767,0.012124392712440342,7.532505512237549,8.760199546813965,10000.0,11.347727858377809,True,False
1106,0.0,0.0,0.0,0.6157545471906666,-0.05134473636852238,10.147263526916504,8.23969841003418,10000.0,20.59339141693799,True,False
1107,0.0,0.0,0.0,0.49522758052549376,-0.023626320060271887,7.32676362991333,7.397370338439941,10000.0,10.736293057724147,True,False
1108,0.0,0.0,0.0,0.6290683624270693,-0.0039020688024933225,7.334286689758301,5.8294830322265625,10000.0,10.758352249513152,True,False
1109,0.0,0.0,0.0,0.6914334909222796,-0.0016294215432320674,8.305035591125488,6.005664825439453,10000.0,13.794723233972213,True,False
1110,0.0,0.0,0.0,0.565267467139779,0.04662560211156656,6.687119483947754,5.915004730224609,10000.0,8.943513398518732,True,False
1111,0.0,0.0,0.0,0.5816234834378908,-0.048121118880185346,7.411377906799316,6.3712849617004395,10000.0,10.9857044954786,True,False
1112,0.0,0.0,0.0,0.4019630010572334,0.021922005655049058,5.077703952789307,6.316133499145508,10000.0,5.156615486434429,True,False
1113,0.0,0.0,0.0,0.7132735986311,-0.027114891474032128,8.033370971679688,5.631339073181152,10000.0,12.90700983372517,True,False
1114,0.0,0.0,0.0,0.43771137957746903,0.010958984758811265,5.982434272766113,6.833765983581543,10000.0,7.15790396559332,True,False
1115,0.0,0.0,0.0,0.5885950361424911,-0.08775327326609378,7.970882415771484,6.771109104156494,10000.0,12.706993297211007,True,False
1116,0.0,0.0,0.0,0.48386495891527237,-0.03473733477292069,6.136191368103027,6.3408098220825195,10000.0,7.530568901196418,True,False
1117,0.0,0.0,0.0,0.7988033773225116,0.03891755516297598,8.852888107299805,5.541343688964844,10000.0,15.67472556807406,True,False
1118,0.0,0.0,0.0,0.4529804787336502,0.011887106062295523,5.931922912597656,6.547658443450928,10000.0,7.037541888200209,True,False
1119,0.0,0.0,0.0,0.6417750217036752,0.009751665108840605,7.494158744812012,5.838618278503418,10000.0,11.23248305848847,True,False
1120,0.0,0.0,0.0,0.5895972780928515,-0.07839341920088265,8.185412406921387,6.9415283203125,10000.0,13.400195254276511,True,False
1121,0.0,0.0,0.0,0.8229863272135239,-0.01419756576444179,10.420507431030273,6.330911636352539,10000.0,21.71739502403142,True,False
1122,0.0,0.0,0.0,0.5973235081516345,0.0027290591665268113,7.122577667236328,5.9620771408081055,10000.0,10.146222525162734,True,False
1123,0.0,0.0,0.0,0.423194571319952,-0.01194659252545305,5.209313869476318,6.154750347137451,10000.0,5.427390198143666,True,False
1124,0.0,0.0,0.0,0.6578781882076516,-0.06344886604981931,10.324195861816406,7.846586227416992,10000.0,21.31780403862939,True,False
1125,0.0,0.0,0.0,0.8973274431383552,0.0016592567584754446,10.022547721862793,5.584665775299072,10000.0,20.09029256740341,True,False
1126,0.0,0.0,0.0,0.5063045054698735,0.013368403901639124,9.637530326843262,9.517523765563965,10000.0,18.576398160164715,True,False
1127,0.0,0.0,0.0,0.4496513400990297,-0.03223434661291169,5.856717109680176,6.512509346008301,10000.0,6.8602270605641,True,False
1128,0.0,0.0,0.0,0.6398139945997933,0.0056093891428003325,7.8765950202941895,6.155378818511963,10000.0,12.40814982274464,True,False
1129,0.0,0.0,0.0,0.5597486429366583,0.0569850942149809,6.987200736999512,6.241373538970947,10000.0,9.7641948278253,True,False
1130,0.0,0.0,0.0,0.518877996216495,-0.0025536721845644595,5.364177703857422,5.169016361236572,10000.0,5.754880487712214,True,False
1131,0.0,0.0,0.0,0.4098104481099546,-0.03294903480597375,4.669779300689697,5.697486877441406,10000.0,4.361367743429991,True,False
1132,0.0,0.0,0.0,0.4937385523584474,-0.07133146465772572,6.409926891326904,6.491215705871582,10000.0,8.217432550431155,True,False
1133,0.0,0.0,0.0,0.5372104314596248,0.01694863807648423,7.506619930267334,6.986666202545166,10000.0,11.269868555497347,True,False
1134,0.0,0.0,0.0,0.6738803488657231,-0.0595548727641931,7.935679912567139,5.88804817199707,10000.0,12.595003134944314,True,False
1135,0.0,0.0,0.0,0.689785538585036,0.06429142670934142,8.922587394714355,6.467653274536133,10000.0,15.922513163263098,True,False
1136,0.0,0.0,0.0,0.773185521843153,-0.031002699777094835,8.965448379516602,5.797734260559082,10000.0,16.075852929155374,True,False
1137,0.0,0.0,0.0,0.6579745109072134,0.031092171183478273,7.546485900878906,5.734633922576904,10000.0,11.38988989043282,True,False
1138,0.0,0.0,0.0,0.31401251313151063,-0.05325913527250384,4.3865647315979,6.984697341918945,10000.0,3.8483900288997113,True,False
1139,0.0,0.0,0.0,0.8075888046364412,0.037131332434299294,8.987419128417969,5.5643534660339355,10000.0,16.154740517970637,True,False
1140,0.0,0.0,0.0,0.5719503721675214,0.016897333406001216,5.954428195953369,5.205371379852295,10000.0,7.091043028152896,True,False
1141,0.0,0.0,0.0,0.3055726288145395,-0.03885713613966536,5.388938903808594,8.817770957946777,10000.0,5.808132501796351,True,False
1142,0.0,0.0,0.0,0.6306791597420233,0.029598531372916338,7.606250762939453,6.030206203460693,10000.0,11.5710101337434,True,False
1143,0.0,0.0,0.0,0.5724922749044387,0.05715980205486543,6.498743534088135,5.675835132598877,10000.0,8.446733504370464,True,False
1144,0.0,0.0,0.0,0.621946781985576,-0.01918091203569064,9.263522148132324,7.447198390960693,10000.0,17.16256851778762,True,False
1145,0.0,0.0,0.0,0.8872450440562184,-0.02803702857078209,10.832748413085938,6.104710578918457,10000.0,23.46968763624318,True,False
1146,0.0,0.0,0.0,0.4557258856828306,0.058564524619596756,6.523189544677734,7.156922340393066,10000.0,8.510400367158582,True,False
1147,0.0,0.0,0.0,0.3380215544317506,-0.034663490385543005,4.816196918487549,7.1240973472595215,10000.0,4.6391505515297915,True,False
1148,0.0,0.0,0.0,0.3597931256760684,-0.001509384094924208,4.937639236450195,6.8617753982543945,10000.0,4.8760562458664936,True,False
1149,0.0,0.0,0.0,0.7075705110089877,-0.05807428478398804,8.345417022705078,5.897233486175537,10000.0,13.929197056571134,True,False
1150,0.0,0.0,0.0,0.45829183529733647,0.037681349807995805,5.424905300140381,5.918614387512207,10000.0,5.885919503098236,True,False
1151,0.0,0.0,0.0,0.31472376915911393,0.03305614418479863,5.543285846710205,8.806589126586914,10000.0,6.145603595667534,True,False
1152,0.0,0.0,0.0,0.6076461928578845,-0.010105960945529416,8.216093063354492,6.760589599609375,10000.0,13.500837045140358,True,False
1153,0.0,0.0,0.0,0.5243775941886981,0.09337669258196267,5.95410680770874,5.677308559417725,10000.0,7.090277575520712,True,False
1154,0.0,0.0,0.0,0.50892640538706,-0.09601772668244292,5.9019060134887695,5.798388481140137,10000.0,6.966498918410977,True,False
1155,0.0,0.0,0.0,0.47870014973477665,0.05959606003076004,6.122769832611084,6.395203590393066,10000.0,7.497662084626469,True,False
1156,0.0,0.0,0.0,0.8118785478759961,-0.012591500347163697,9.445174217224121,5.816864013671875,10000.0,17.842263198743055,True,False
1157,0.0,0.0,0.0,0.5797663403998663,0.04363692383270396,6.67641544342041,5.757850170135498,10000.0,8.914904634628506,True,False
1158,0.0,0.0,0.0,0.4649814511774396,-0.07396113140479457,5.861082553863525,6.302490711212158,10000.0,6.870457740640674,True,False
1159,0.0,0.0,0.0,0.3588600822271404,-0.017347773264154667,4.950207233428955,6.897127151489258,10000.0,4.900910330778469,True,False
1160,0.0,0.0,0.0,0.7272375567713488,0.039573609204272525,9.350669860839844,6.428896427154541,10000.0,17.48700536928372,True,False
1161,0.0,0.0,0.0,0.6269555838134547,0.06975568933516625,8.29060173034668,6.611793518066406,10000.0,13.746815410245468,True,False
1162,0.0,0.0,0.0,0.486556137423314,0.04618718935577213,6.215666770935059,6.387409687042236,10000.0,7.726902681461251,True,False
1163,0.0,0.0,0.0,0.6699318378524846,0.010209815723219011,8.257218360900879,6.1627302169799805,10000.0,13.636331011919715,True,False
1164,0.0,0.0,0.0,0.6036637464926754,-0.05111503142805108,7.067330837249756,5.853698253631592,10000.0,9.989433032628263,True,False
1165,0.0,0.0,0.0,0.756874668223502,-0.013233189162243747,8.911788940429688,5.887228965759277,10000.0,15.883996423752976,True,False
1166,0.0,0.0,0.0,0.718630045570246,-0.054088788458663634,7.852255344390869,5.463350296020508,10000.0,12.33158279870299,True,False
1167,0.0,0.0,0.0,0.685076915784566,0.07430569155176865,8.573309898376465,6.257187843322754,10000.0,14.700328522719971,True,False
1168,0.0,0.0,0.0,0.7417934863242435,-0.03632373997165408,8.911643028259277,6.006822109222412,10000.0,15.883476292624437,True,False
1169,0.0,0.0,0.0,0.8720458252042206,0.04536774789275848,11.140998840332031,6.387851715087891,10000.0,24.82437103205592,True,False
1170,0.0,0.0,0.0,0.4517346485171381,-0.005383741084794818,5.752734184265137,6.367382049560547,10000.0,6.618790118962533,True,False
1171,0.0,0.0,0.0,0.6413343598882635,0.031278794604072076,7.497580051422119,5.845297336578369,10000.0,11.242741325496581,True,False
1172,0.0,0.0,0.0,1.4222779060821684,-0.07337983512507938,14.725142478942871,5.176605224609375,10000.0,43.36596420503355,True,False
1173,0.0,0.0,0.0,0.7647668878387366,-0.06963879483117716,8.811755180358887,5.761072635650635,10000.0,15.529405871716335,True,False
1174,0.0,0.0,0.0,0.6811432768748787,-0.018661854056225613,8.32181453704834,6.108710765838623,10000.0,13.850519437805815,True,False
1175,0.0,0.0,0.0,0.6716951566108252,0.015474383915314145,11.253276824951172,8.376773834228516,10000.0,25.327247859796614,True,False
1176,0.0,0.0,0.0,0.5980747003241935,-0.058849035849927164,7.282634735107422,6.0883989334106445,10000.0,10.607353736998625,True,False
1177,0.0,0.0,0.0,0.6773687771981335,-0.022206073486415494,7.885409355163574,5.82061767578125,10000.0,12.435936139700239,True,False
1178,0.0,0.0,0.0,0.5098000017952098,-0.01857354371523954,6.98721981048584,6.852902889251709,10000.0,9.76424813600915,True,False
1179,0.0,0.0,0.0,0.45311753513077097,-0.06417244097388278,5.985983848571777,6.605332374572754,10000.0,7.166400527072437,True,False
1180,0.0,0.0,0.0,0.362957017490373,-0.025665336515482653,4.427920818328857,6.099786758422852,10000.0,3.921296554678019,True,False
1181,0.0,0.0,0.0,0.545143361326772,0.10627334614493275,7.485559463500977,6.865679740905762,10000.0,11.206720096321803,True,False
1182,0.0,0.0,0.0,0.5347475109483308,-0.0005998488848089753,7.000997543334961,6.546077728271484,10000.0,9.802793320356429,True,False
1183,0.0,0.0,0.0,0.681803517793589,0.035624122116163615,8.31596565246582,6.098505973815918,10000.0,13.831056946598252,True,False
1184,0.0,0.0,0.0,0.8800845757755692,-0.13145527334842638,10.423177719116211,5.921690940856934,10000.0,21.728526752856112,True,False
1185,0.0,0.0,0.0,0.8960150015183025,0.031845118585026616,11.157586097717285,6.226227283477783,10000.0,24.898345505594804,True,False
1186,0.0,0.0,0.0,0.9969352650087107,-0.00545933058811899,10.771876335144043,5.402495384216309,10000.0,23.20666395592724,True,False
1187,0.0,0.0,0.0,0.9466236938328286,-0.03975028399916544,11.324399948120117,5.981468677520752,10000.0,25.64840683699657,True,False
1188,0.0,0.0,0.0,0.6635942443556704,-0.020981552043588605,8.606054306030273,6.484425067901611,10000.0,14.81283414366844,True,False
1189,0.0,0.0,0.0,0.3944388088382915,-0.019281514543300415,5.686569690704346,7.208430767059326,10000.0,6.467414969447461,True,False
1190,0.0,0.0,0.0,0.4168907104310161,0.021717274838720078,5.375126838684082,6.446685791015625,10000.0,5.778397706388386,True,False
1191,0.0,0.0,0.0,0.32069649250627125,-0.02667238431084722,4.08948278427124,6.37593936920166,10000.0,3.3447738885701703,True,False
1192,0.0,0.0,0.0,0.6016394849939843,0.056961790818654275,6.697032451629639,5.565652370452881,10000.0,8.970048731636098,True,False
1193,0.0,0.0,0.0,0.547193183639299,0.04404461709468805,6.864213943481445,6.27220344543457,10000.0,9.423486612377019,True,False
1194,0.0,0.0,0.0,0.4316731229238737,0.08358424224563428,6.080198287963867,7.042595386505127,10000.0,7.393762244191748,True,False
1195,0.0,0.0,0.0,0.35604900722091765,0.08392873018033474,5.245972156524658,7.366924285888672,10000.0,5.504044773406392,True,False
1196,0.0,0.0,0.0,0.7924412848924325,-0.0970199008014222,9.156696319580078,5.777523517608643,10000.0,16.769017497802267,True,False
1197,0.0,0.0,0.0,0.40522077297957404,-0.0031171489197236073,5.786603927612305,7.140063285827637,10000.0,6.696957003011629,True,False
1198,0.0,0.0,0.0,0.5880458313640377,0.04297778547613655,6.889157772064209,5.857670783996582,10000.0,9.492098961678536,True,False
1199,0.0,0.0,0.0,0.7334314709747574,0.023855719915458616,7.945257663726807,5.416496276855469,10000.0,12.625423868601906,True,False
1200,0.0,0.0,0.0,0.4052902352083197,-0.0241836775625747,5.470060348510742,6.748324871063232,10000.0,5.984312043269892,True,False
1201,0.0,0.0,0.0,0.6545474307166153,-0.020381796011928306,7.526463985443115,5.749364852905273,10000.0,11.32953202483445,True,False
1202,0.0,0.0,0.0,0.41153291583216767,-0.012892477180012568,5.887228488922119,7.152803897857666,10000.0,6.931891856155243,True,False
1203,0.0,0.0,0.0,0.6961208875060338,-0.025452302719584097,8.070362091064453,5.796667098999023,10000.0,13.02614885617804,True,False
1204,0.0,0.0,0.0,0.6530193399434068,0.07951671159511922,8.218433380126953,6.292641639709473,10000.0,13.508529444716984,True,False
1205,0.0,0.0,0.0,0.5407378169999059,0.038409146210899366,6.597897529602051,6.100828647613525,10000.0,8.706450362225766,True,False
1206,0.0,0.0,0.0,0.7032964892098372,0.0017748645791103221,9.777446746826172,6.951155662536621,10000.0,19.11969297740434,True,False
1207,0.0,0.0,0.0,0.41628242495039797,0.07320729978599061,4.534276485443115,5.4461541175842285,10000.0,4.111932649288473,True,False
1208,0.0,0.0,0.0,0.4944567670845068,-0.08358932661776514,5.788524627685547,5.853418350219727,10000.0,6.701403473064417,True,False
1209,0.0,0.0,0.0,0.4478542598182848,-0.029608034708283913,6.707677364349365,7.488683223724365,10000.0,8.998587124840967,True,False
1210,0.0,0.0,0.0,0.5521996877077744,-0.010583794034103295,5.991089820861816,5.424749374389648,10000.0,7.178631448326811,True,False
1211,0.0,0.0,0.0,0.44724007443370917,-0.04586510372133581,6.002747058868408,6.710877895355225,10000.0,7.206594450550664,True,False
1212,0.0,0.0,0.0,0.38711863532324586,0.056702716231755566,5.309560298919678,6.857794761657715,10000.0,5.6382861135728035,True,False
1213,0.0,0.0,0.0,0.36228527003657085,0.009432296780628714,5.537822246551514,7.642902851104736,10000.0,6.133495046880171,True,False
1214,0.0,0.0,0.0,1.0251761308578684,0.1022394009405662,11.830903053283691,5.770180702209473,10000.0,27.994053411239463,True,False
1215,0.0,0.0,0.0,0.4380452394029224,-0.024114457277703064,7.005295753479004,7.996087074279785,10000.0,9.814833718742193,True,False
1216,0.0,0.0,0.0,0.4289958821869996,-0.016845318592418487,5.339895248413086,6.2237138748168945,10000.0,5.70289625280493,True,False
1217,0.0,0.0,0.0,0.5437725314394398,-0.08174270440473905,7.469386577606201,6.868116855621338,10000.0,11.158347169144733,True,False
1218,0.0,0.0,0.0,1.2231981376096168,0.03876334795696492,15.281255722045898,6.246435165405273,10000.0,46.703355288512086,True,False
1219,0.0,0.0,0.0,0.38410599338098655,0.032621477509973636,6.080136299133301,7.91465950012207,10000.0,7.393611483207678,True,False
1220,0.0,0.0,0.0,0.4742332178498912,0.013844854844985734,8.341127395629883,8.794330596923828,10000.0,13.914881246025466,True,False
1221,0.0,0.0,0.0,0.42132514000859805,-0.03892689853358195,5.816300868988037,6.902390003204346,10000.0,6.765871159718198,True,False
1222,0.0,0.0,0.0,0.45526918170290415,-0.0017449807936360054,5.887180328369141,6.465603828430176,10000.0,6.931778443747316,True,False
1223,0.0,0.0,0.0,0.5656771299780866,-0.02627231309875599,7.030282020568848,6.214041233062744,10000.0,9.88497305774672,True,False
1224,0.0,0.0,0.0,0.46773468177139466,-0.0007357574232391275,7.66702938079834,8.195917129516602,10000.0,11.756667905204992,True,False
1225,0.0,0.0,0.0,0.6995542500282605,-0.03882401593281812,8.055902481079102,5.757882595062256,10000.0,12.97951295693128,True,False
1226,0.0,0.0,0.0,0.3910174934795696,0.05073734910975681,5.2830681800842285,6.755539417266846,10000.0,5.582161879083696,True,False
1227,0.0,0.0,0.0,0.38282689901726524,-0.04381208148927414,5.365628719329834,7.007904529571533,10000.0,5.75799431073942,True,False
1228,0.0,0.0,0.0,0.5223456541686002,0.03564060286624627,6.5995774269104,6.317251205444336,10000.0,8.710884442757056,True,False
1229,0.0,0.0,0.0,0.7258460867912077,-0.026923681523573592,8.858882904052734,6.102452754974365,10000.0,15.695961261543559,True,False
1230,0.0,0.0,0.0,0.6546787059558142,-0.09952685698764353,7.436153411865234,5.679238796234131,10000.0,11.05927551295899,True,False
1231,0.0,0.0,0.0,0.2314713743863499,-0.08047246610484873,3.9536118507385254,8.54017448425293,10000.0,3.1262093332600216,True,False
1232,0.0,0.0,0.0,0.5960017263063772,0.01691653144008665,6.7075419425964355,5.6271162033081055,10000.0,8.998223782338073,True,False
1233,0.0,0.0,0.0,0.4647536553226861,-0.03115669478810976,5.55232572555542,5.97340726852417,10000.0,6.165664192532901,True,False
1234,0.0,0.0,0.0,0.5922409983086282,-0.04296785921920306,8.190377235412598,6.914733409881592,10000.0,13.416455851672978,True,False
1235,0.0,0.0,0.0,0.5809317361555368,0.0743218340289669,7.395819187164307,6.365480422973633,10000.0,10.939628289845537,True,False
1236,0.0,0.0,0.0,0.42691633664864614,0.04295966319735816,5.03118371963501,5.892470359802246,10000.0,5.062561924144074,True,False
1237,0.0,0.0,0.0,1.0301383800137491,0.009463763452295978,12.832894325256348,6.228723526000977,10000.0,32.936635352639314,True,False
1238,0.0,0.0,0.0,0.4786970401841874,0.05045039642141279,5.770106792449951,6.026887893676758,10000.0,6.65882647925541,True,False
1239,0.0,0.0,0.0,0.40844151772736637,-0.04653056101890948,5.7403106689453125,7.027090072631836,10000.0,6.590233315201473,True,False
1240,0.0,0.0,0.0,0.7144382541581168,-0.028543858200107176,9.90510368347168,6.932092189788818,10000.0,19.622215796064836,True,False
1241,0.0,0.0,0.0,0.5288686210111867,0.043090927349426204,7.498658657073975,7.089339733123779,10000.0,11.245976331062089,True,False
1242,0.0,0.0,0.0,0.7568503471444122,0.0644110464608608,11.582489013671875,7.651769638061523,10000.0,26.830810350365937,True,False
1243,0.0,0.0,0.0,0.6346919832947507,0.005661595979659888,7.526130199432373,5.928962707519531,10000.0,11.328527155761591,True,False
1244,0.0,0.0,0.0,0.4941745096393932,0.06008203630803295,7.04876708984375,7.131860256195068,10000.0,9.937023497372863,True,False
1245,0.0,0.0,0.0,0.4984905015348841,-0.04284846280324481,6.638723850250244,6.65882682800293,10000.0,8.814530871976281,True,False
1246,0.0,0.0,0.0,0.5631857234785718,0.008579594094676112,7.267276763916016,6.4519362449646,10000.0,10.562662312670724,True,False
1247,0.0,0.0,0.0,1.092394856642426,0.05900893088020244,11.987497329711914,5.486796855926514,10000.0,28.74001844597005,True,False
1248,0.0,0.0,0.0,0.47401749075685373,0.02636899268781498,5.076221942901611,5.354466915130615,10000.0,5.153605842719159,True,False
1249,0.0,0.0,0.0,0.6432787944835718,-0.017628951328853473,7.3710455894470215,5.729277610778809,10000.0,10.866462616341273,True,False
1250,0.0,0.0,0.0,0.6626466275984862,0.0595287053152721,11.403111457824707,8.604217529296875,10000.0,26.00619018391461,True,False
1251,0.0,0.0,0.0,0.5925679735726385,-0.005903201874618673,7.348834991455078,6.200837135314941,10000.0,10.801075146326909,True,False
1252,0.0,0.0,0.0,1.0361873210295705,-0.022210089026291298,14.48220443725586,6.988217353820801,10000.0,41.94684907249464,True,False
1253,0.0,0.0,0.0,0.6318255475976469,-0.014332583923940283,7.668452262878418,6.068488597869873,10000.0,11.761032021609026,True,False
1254,0.0,0.0,0.0,0.6066332621274318,0.05176892564237978,8.589491844177246,7.079641342163086,10000.0,14.755874028237486,True,False
1255,0.0,0.0,0.0,0.7779717893646073,0.06900585350612683,10.241530418395996,6.5821990966796875,10000.0,20.97778906218609,True,False
1256,0.0,0.0,0.0,0.32026743255238316,-0.02998633418730617,4.290175437927246,6.69780158996582,10000.0,3.6811210576388476,True,False
1257,0.0,0.0,0.0,0.6896726800025631,-0.06627543781248509,8.868612289428711,6.4295806884765625,10000.0,15.730456788041188,True,False
1258,0.0,0.0,0.0,0.40733051135367104,-0.03729944836658171,5.1339945793151855,6.302000999450684,10000.0,5.271580068087541,True,False
1259,0.0,0.0,0.0,0.46453938107823267,-0.002881940903671504,5.498671531677246,5.918412685394287,10000.0,6.047077722655558,True,False
1260,0.0,0.0,0.0,0.49810172452321927,0.06419563092061686,8.740926742553711,8.774238586425781,10000.0,15.280760063738121,True,False
1261,0.0,0.0,0.0,0.8404663799875137,0.00028108153144077087,13.027297019958496,7.750040531158447,10000.0,33.94209352924389,True,False
1262,0.0,0.0,0.0,0.663113742057714,0.06218685939856821,7.776054859161377,5.863288879394531,10000.0,12.09340583453745,True,False
1263,0.0,0.0,0.0,0.6697833719557047,0.02837523850703855,8.590911865234375,6.413201808929443,10000.0,14.76075333524495,True,False
1264,0.0,0.0,0.0,0.7021155486697114,0.08034588074577152,7.957376956939697,5.666714668273926,10000.0,12.663969606966972,True,False
1265,0.0,0.0,0.0,0.7263251081888804,0.06324014694327214,9.328259468078613,6.421545505523682,10000.0,17.40328494075966,True,False
1266,0.0,0.0,0.0,0.6218669156972502,-0.048279013385739825,7.944579124450684,6.387684345245361,10000.0,12.623267492931518,True,False
1267,0.0,0.0,0.0,0.4425990553721629,-0.023254201506719842,6.155993938446045,6.954368591308594,10000.0,7.5792522740368895,True,False
1268,0.0,0.0,0.0,0.752515829064941,0.06035469330244865,9.445677757263184,6.276065826416016,10000.0,17.844165658811292,True,False
1269,0.0,0.0,0.0,0.5064918284311622,-0.007541895141714154,7.024258613586426,6.934226989746094,10000.0,9.868041814108615,True,False
1270,0.0,0.0,0.0,0.47282088353456975,-0.03905257003537955,6.688663959503174,7.073147773742676,10000.0,8.947645112631335,True,False
1271,0.0,0.0,0.0,0.3597928915918293,0.07518002516864845,5.64697265625,7.847532272338867,10000.0,6.377660036087036,True,False
1272,0.0,0.0,0.0,0.4867082993463324,-0.04223309952936512,6.024453639984131,6.1889777183532715,10000.0,7.258808332063609,True,False
1273,0.0,0.0,0.0,0.615204033845428,0.02846087710936774,9.997335433959961,8.125219345092773,10000.0,19.98934315582227,True,False
1274,0.0,0.0,0.0,0.30711653726383026,-0.04350030765693936,5.0650153160095215,8.24608039855957,10000.0,5.130876030282206,True,False
1275,0.0,0.0,0.0,0.7465264609479705,-0.03157655817215494,10.46381664276123,7.008336067199707,10000.0,21.89829174666538,True,False
1276,0.0,0.0,0.0,0.6636398726393302,0.1367528269388345,8.627937316894531,6.500466346740723,10000.0,14.888260468852238,True,False
1277,0.0,0.0,0.0,0.519316006101987,-0.05145199579049596,7.4199628829956055,7.14397668838501,10000.0,11.011169837006491,True,False
1278,0.0,0.0,0.0,0.33783592181006195,0.028443059352740586,5.971696853637695,8.83816146850586,10000.0,7.132232662349267,True,False
1279,0.0,0.0,0.0,0.47773494386876836,-0.06496180830492328,5.802101135253906,6.072510719299316,10000.0,6.732875516742933,True,False
1280,0.0,0.0,0.0,0.5650800540431601,0.01105215513381389,7.168856620788574,6.343222141265869,10000.0,10.27850104988483,True,False
1281,0.0,0.0,0.0,0.4447938753815153,-0.03850704671025974,7.378804683685303,8.294633865356445,10000.0,10.889351711995232,True,False
1282,0.0,0.0,0.0,0.4371991425658471,-0.0063989727465388275,5.876296520233154,6.720388889312744,10000.0,6.906172158740855,True,False
1283,0.0,0.0,0.0,0.46673114099947954,-0.08086574536387044,6.465286731719971,6.926136016845703,10000.0,8.359986504670857,True,False
1284,0.0,0.0,0.0,0.7212708659270592,-0.011744626518105913,8.295624732971191,5.750699996948242,10000.0,13.763477942056667,True,False
1285,0.0,0.0,0.0,0.8125915234728893,-0.0242545322151523,10.816320419311523,6.655447483062744,10000.0,23.39855748264307,True,False
1286,0.0,0.0,0.0,0.28226957814237935,0.022495538491590757,4.064230918884277,7.1992011070251465,10000.0,3.3035945924029875,True,False
1287,0.0,0.0,0.0,0.43432909929745706,-0.017067083633318245,6.211509704589844,7.150694847106934,10000.0,7.716570562042762,True,False
1288,0.0,0.0,0.0,0.4498981334234427,0.037007677564152484,5.911884307861328,6.570247650146484,10000.0,6.990075213907403,True,False
1289,0.0,0.0,0.0,0.5980737734277098,0.1162977484558427,6.974721908569336,5.830987930297852,10000.0,9.729349140375412,True,False
1290,0.0,0.0,0.0,0.6077406074151552,0.028046260669471086,7.647928714752197,6.292099475860596,10000.0,11.698162725186236,True,False
1291,0.0,0.0,0.0,0.3461197266100629,-0.00849409252289689,5.893558979034424,8.513757705688477,10000.0,6.946807487871453,True,False
1292,0.0,0.0,0.0,0.5674952184501247,0.04577859661102083,7.498870849609375,6.606990337371826,10000.0,11.246612803824242,True,False
1293,0.0,0.0,0.0,0.6904721200655018,0.047851732466715154,8.78585433959961,6.362207889556885,10000.0,15.438247295332253,True,False
1294,0.0,0.0,0.0,0.6099380036006176,0.08748089770654864,8.171233177185059,6.698412895202637,10000.0,13.353810327185961,True,False
1295,0.0,0.0,0.0,0.35042905366312815,0.05525109378906403,5.498965263366699,7.846046447753906,10000.0,6.0477237935427155,True,False
1296,0.0,0.0,0.0,0.35321475546726194,0.0017744058125823729,4.629026412963867,6.552708148956299,10000.0,4.285577106383425,True,False
1297,0.0,0.0,0.0,0.42067414011911736,0.016803430910683568,5.387976169586182,6.40397834777832,10000.0,5.806057440805716,True,False
1298,0.0,0.0,0.0,0.43800143384263246,0.09589365656335373,6.6683735847473145,7.612273693084717,10000.0,8.893441253151146,True,False
1299,0.0,0.0,0.0,0.7085155113923017,0.021221948672265446,11.657294273376465,8.2265625,10000.0,27.178501955219133,True,False
1300,0.0,0.0,0.0,0.3622679053044921,-0.045986237175347326,5.070611953735352,6.9984283447265625,10000.0,5.142221117072765,True,False
1301,0.0,0.0,0.0,0.6368253884142573,0.09980271455479275,8.89378833770752,6.982909679412842,10000.0,15.819894199188454,True,False
1302,0.0,0.0,0.0,0.5780846420959703,0.007279415398372015,6.611412525177002,5.718377590179443,10000.0,8.742155115613464,True,False
1303,0.0,0.0,0.0,0.5774880308700486,0.08344423643561127,6.385453224182129,5.5286455154418945,10000.0,8.154802575643586,True,False
1304,0.0,0.0,0.0,0.6251145553698477,-0.023852752892577645,8.367515563964844,6.692785739898682,10000.0,14.003063342638775,True,False
1305,0.0,0.0,0.0,0.6233500935626798,-0.010132500003017617,7.549514293670654,6.055597305297852,10000.0,11.3990332140675,True,False
1306,0.0,0.0,0.0,0.4160226709253054,-0.060565925029195104,5.1616363525390625,6.203551769256592,10000.0,5.328497967170549,True,False
1307,0.0,0.0,0.0,0.8328580910387333,0.12601651559923818,10.527278900146484,6.319971561431885,10000.0,22.164720208293872,True,False
1308,0.0,0.0,0.0,0.6143405300870517,-0.0036285461924378264,6.9882330894470215,5.687589168548584,10000.0,9.767080342488448,True,False
1309,0.0,0.0,0.0,0.42687524951957784,-0.030913330579955323,5.510509967803955,6.454473495483398,10000.0,6.0731440210533485,True,False
1310,0.0,0.0,0.0,0.6201709133226392,0.037426808451381265,7.681905746459961,6.19337797164917,10000.0,11.802335179498911,True,False
1311,0.0,0.0,0.0,0.3940844664735781,0.01546706339956885,5.1121625900268555,6.486125469207764,10000.0,5.226841269374017,True,False
1312,0.0,0.0,0.0,0.48349218814130335,-0.04740021052824803,6.454105854034424,6.67446756362915,10000.0,8.331096475016281,True,False
1313,0.0,0.0,0.0,0.45380331897471704,-0.07382145834548105,5.722135543823242,6.304642677307129,10000.0,6.548567036377062,True,False
1314,0.0,0.0,0.0,1.1370649148318994,0.05772485010286044,12.770923614501953,5.615740776062012,10000.0,32.619297993488715,True,False
1315,0.0,0.0,0.0,0.38711343677613064,0.05132309186124543,5.240664958953857,6.7689008712768555,10000.0,5.492913842401364,True,False
1316,0.0,0.0,0.0,0.3711453084596984,-0.11653096303829998,5.789066314697266,7.798921585083008,10000.0,6.702657759192515,True,False
1317,0.0,0.0,0.0,0.482113579246336,0.03184115898814458,6.467233180999756,6.707167625427246,10000.0,8.365021003484841,True,False
1318,0.0,0.0,0.0,0.3853999523090517,-0.02986927268372534,4.915416240692139,6.37703275680542,10000.0,4.832263363852007,True,False
1319,0.0,0.0,0.0,0.8037650939143847,0.07160519707899594,9.664268493652344,6.011873722076416,10000.0,18.67961710348027,True,False
1320,0.0,0.0,0.0,0.6456809310846282,0.05342233888986011,8.328571319580078,6.449448108673096,10000.0,13.873020045066369,True,False
1321,0.0,0.0,0.0,0.6805969577713551,0.04054961644802665,8.237677574157715,6.051803112030029,10000.0,13.571866363156182,True,False
1322,0.0,0.0,0.0,0.646123706227845,-0.03341786552183608,9.43114185333252,7.298247814178467,10000.0,17.789287331536073,True,False
1323,0.0,0.0,0.0,0.6615004087945431,0.012480720225482996,10.686731338500977,8.077645301818848,10000.0,22.841245340259775,True,False
1324,0.0,0.0,0.0,0.7884173220803729,-0.029373992590922157,9.882112503051758,6.267056941986084,10000.0,19.531229504594364,True,False
1325,0.0,0.0,0.0,0.5226765341785818,0.013528354389742437,6.809030055999756,6.513617515563965,10000.0,9.272578060701605,True,False
1326,0.0,0.0,0.0,0.7484339950220057,0.020253503207058075,7.88064432144165,5.264755725860596,10000.0,12.420910984214103,True,False
1327,0.0,0.0,0.0,0.5260374214343144,-0.03601191141148474,7.615951061248779,7.238982200622559,10000.0,11.600542113467277,True,False
1328,0.0,0.0,0.0,0.9273191121492477,0.02641358518609208,11.600615501403809,6.254920959472656,10000.0,26.914856002282065,True,False
1329,0.0,0.0,0.0,0.4716745851680277,-0.020050112319614587,5.69013786315918,6.03184700012207,10000.0,6.47553378035154,True,False
1330,0.0,0.0,0.0,0.6294742410057249,-0.008035172874728495,8.933960914611816,7.096367359161377,10000.0,15.963131524762318,True,False
1331,0.0,0.0,0.0,0.41623568052769533,-0.022761050507742853,6.708050727844238,8.057995796203613,10000.0,8.999588913466319,True,False
1332,0.0,0.0,0.0,0.41686132485206256,-0.07470069010471969,5.69086217880249,6.825845718383789,10000.0,6.4771824676249246,True,False
1333,0.0,0.0,0.0,0.5339893645671111,-0.014128190703980865,6.561636924743652,6.143977165222168,10000.0,8.611015826431867,True,False
1334,0.0,0.0,0.0,0.7634999198321355,0.05331427309507856,7.833716869354248,5.130136013031006,10000.0,12.273423997841064,True,False
1335,0.0,0.0,0.0,0.5375261206372463,0.011609126124342508,6.510441780090332,6.0559306144714355,10000.0,8.477170434389151,True,False
1336,0.0,0.0,0.0,0.6639477767176541,-0.004206160557274746,10.034956932067871,7.557037830352783,10000.0,20.140072125691404,True,False
1337,0.0,0.0,0.0,0.5887186488735833,0.029862515700950262,6.792601585388184,5.768970966339111,10000.0,9.227887259563609,True,False
1338,0.0,0.0,0.0,0.3582497823386157,-0.06905717433402694,5.463189601898193,7.624833106994629,10000.0,5.969288125257705,True,False
1339,0.0,0.0,0.0,0.820039803259292,-0.038495368648698944,10.406319618225098,6.345008850097656,10000.0,21.658297599331306,True,False
1340,0.0,0.0,0.0,0.3954385768449799,-0.02409667108579858,5.293917655944824,6.693729400634766,10000.0,5.6051128295848685,True,False
1341,0.0,0.0,0.0,0.28234055630869176,-0.02917632593502409,4.228264808654785,7.487880706787109,10000.0,3.5756446584216963,True,False
1342,0.0,0.0,0.0,0.7784878611240615,0.012976522537658885,10.186858177185059,6.542721271514893,10000.0,20.75441590441642,True,False
1343,0.0,0.0,0.0,0.4199423325879722,0.07739416496461969,7.207444667816162,8.581469535827637,10000.0,10.389451727926321,True,False
1344,0.0,0.0,0.0,0.554639871092679,-0.03914064037977044,7.549092769622803,6.805400371551514,10000.0,11.397760328874256,True,False
1345,0.0,0.0,0.0,0.4800112639414698,-0.005386525575477735,6.058714866638184,6.311013221740723,10000.0,7.341605167044506,True,False
1346,0.0,0.0,0.0,0.4682866785980861,-0.0006075676211038094,6.253055095672607,6.676524639129639,10000.0,7.820139605903432,True,False
1347,0.0,0.0,0.0,0.4822693587058693,-0.014710296903896716,6.77872371673584,7.0279436111450195,10000.0,9.190219045567389,True,False
1348,0.0,0.0,0.0,0.45155471327869595,-0.043894632131710624,7.917964458465576,8.767447471618652,10000.0,12.538832233104813,True,False
1349,0.0,0.0,0.0,0.4018135385028842,-0.006081170912538537,4.7681145668029785,5.9332427978515625,10000.0,4.546983304431752,True,False
1350,0.0,0.0,0.0,0.47800215911535116,0.07547798290768169,5.995727062225342,6.271652698516846,10000.0,7.189748600940263,True,False
1351,0.0,0.0,0.0,0.6696426862014653,0.018218296420099336,8.839421272277832,6.60010290145874,10000.0,15.62707368575957,True,False
1352,0.0,0.0,0.0,0.3983257040432707,0.014822889939986705,5.079801082611084,6.376441478729248,10000.0,5.160875807779348,True,False
1353,0.0,0.0,0.0,0.4511937849858623,-0.022252725155111418,6.041049480438232,6.694517612457275,10000.0,7.298855765020605,True,False
1354,0.0,0.0,0.0,0.7352971552175396,0.00016946320661803994,8.528002738952637,5.799017906188965,10000.0,14.54536614311673,True,False
1355,0.0,0.0,0.0,0.8453930548274543,0.073033910345784,11.874300956726074,7.022946834564209,10000.0,28.19980464218115,True,False
1356,0.0,0.0,0.0,0.7073861703196744,-0.07617565071197355,11.975994110107422,8.464962005615234,10000.0,28.684886985065532,True,False
1357,0.0,0.0,0.0,0.6175828709928769,0.0001422624584061108,8.062265396118164,6.527274131774902,10000.0,13.000024663488873,True,False
1358,0.0,0.0,0.0,0.4031670103679263,-0.015753584455233737,6.75866174697876,8.381962776184082,10000.0,9.135901722014793,True,False
1359,0.0,0.0,0.0,0.7616984224012726,0.07886232423673029,10.781861305236816,7.077513217926025,10000.0,23.249706641072578,True,False
1360,0.0,0.0,0.0,0.6989545861164846,-0.080143031099187,9.608589172363281,6.8735432624816895,10000.0,18.46499717665138,True,False
1361,0.0,0.0,0.0,0.8150957423203892,-0.017777541694219284,9.364461898803711,5.744393825531006,10000.0,17.53862933082928,True,False
1362,0.0,0.0,0.0,0.433194652526044,0.047712427450376856,6.42306661605835,7.41360330581665,10000.0,8.251156950864647,True,False
1363,0.0,0.0,0.0,0.5521482984409877,-0.018381747916197153,11.565593719482422,10.473267555236816,10000.0,26.752591616826237,True,False
1364,0.0,0.0,0.0,0.58921200943342,-0.055219740248568995,7.2151780128479,6.122735023498535,10000.0,10.411758751416755,True,False
1365,0.0,0.0,0.0,0.5469939651037521,0.0021080673522798164,8.574463844299316,7.837804794311523,10000.0,14.70428604343924,True,False
1366,0.0,0.0,0.0,0.614728807429807,-0.032862573399516176,8.15243148803711,6.630917072296143,10000.0,13.292427833427787,True,False
1367,0.0,0.0,0.0,0.7746731304355166,-0.007093447039666573,8.4024658203125,5.4232330322265625,10000.0,14.120286372303958,True,False
1368,0.0,0.0,0.0,0.5122880136851575,0.0018382286567097455,7.215336322784424,7.04226541519165,10000.0,10.412215650178446,True,False
1369,0.0,0.0,0.0,0.6250226118136164,-0.0555600295692429,8.063143730163574,6.450281620025635,10000.0,13.002857362655227,True,False
1370,0.0,0.0,0.0,0.9665208987927253,-0.09775303165956756,11.802384376525879,6.105602264404297,10000.0,27.85925539425243,True,False
1371,0.0,0.0,0.0,0.8223797738495358,-0.03888197676992101,13.209349632263184,8.031173706054688,10000.0,34.897383541474284,True,False
1372,0.0,0.0,0.0,0.7165393820858715,0.04391204789475114,8.251511573791504,5.7578911781311035,10000.0,13.617488650483025,True,False
1373,0.0,0.0,0.0,0.7438891059971615,-0.054902179810099656,9.742961883544922,6.548665523529053,10000.0,18.985061252841845,True,False
1374,0.0,0.0,0.0,0.8079455767978239,0.024914925067371432,9.009845733642578,5.575775146484375,10000.0,16.23546402880747,True,False
1375,0.0,0.0,0.0,0.5132446299531419,0.030739076464379206,7.248304843902588,7.061257362365723,10000.0,10.50758462202834,True,False
1376,0.0,0.0,0.0,0.4834520442447893,0.04529061735311202,6.578212261199951,6.803376197814941,10000.0,8.654575310680272,True,False
1377,0.0,0.0,0.0,0.3926249768486441,-0.012164953669286027,5.042060375213623,6.420962333679199,10000.0,5.0844745654598675,True,False
1378,0.0,0.0,0.0,0.72882233857141,-0.010225741745491864,10.980570793151855,7.5330915451049805,10000.0,24.11458698868391,True,False
1379,0.0,0.0,0.0,0.6099084086225645,-0.034965446116347214,7.479275703430176,6.131474494934082,10000.0,11.187913009584186,True,False
1380,0.0,0.0,0.0,0.5073448561342156,-0.024363751963356783,6.728496551513672,6.631087779998779,10000.0,9.054533168746275,True,False
1381,0.0,0.0,0.0,0.6405189909159242,-0.04179913115134144,8.028287887573242,6.267017841339111,10000.0,12.890681281151046,True,False
1382,0.0,0.0,0.0,0.8372783181276563,-0.023820048371349736,11.453715324401855,6.839849472045898,10000.0,26.23751894648757,True,False
1383,0.0,0.0,0.0,0.5172194979932649,-0.04513370196272949,7.873152256011963,7.6110358238220215,10000.0,12.397305289269248,True,False
1384,0.0,0.0,0.0,0.9004024178132455,-0.00850160504407668,10.388331413269043,5.768715858459473,10000.0,21.58348591038248,True,False
1385,0.0,0.0,0.0,0.3565602529465509,0.049570344040473294,5.644443988800049,7.915133476257324,10000.0,6.3719495885402,True,False
1386,0.0,0.0,0.0,0.6041302394710851,0.015101566219674586,8.577707290649414,7.099220275878906,10000.0,14.71541247281202,True,False
1387,0.0,0.0,0.0,0.5992310365552725,0.0558517796289915,9.11172103881836,7.602844715118408,10000.0,16.60469205784902,True,False
1388,0.0,0.0,0.0,0.7099201908515134,0.06730539024237966,9.288026809692383,6.541599273681641,10000.0,17.25348840351289,True,False
1389,0.0,0.0,0.0,0.4561999060771258,0.005011550308702006,5.785572528839111,6.341049671173096,10000.0,6.694569897291558,True,False
1390,0.0,0.0,0.0,0.6123488931318941,0.02394308608726896,8.241212844848633,6.729180812835693,10000.0,13.583517830819616,True,False
1391,0.0,0.0,0.0,0.46690765398289524,-0.052492431733405155,6.940910339355469,7.432851314544678,10000.0,9.635247267794327,True,False
1392,0.0,0.0,0.0,0.39421960061457645,-0.008971203427483388,5.391086578369141,6.837669372558594,10000.0,5.812762899094377,True,False
1393,0.0,0.0,0.0,0.4223401882922443,0.011913209025612397,5.485195636749268,6.493812084197998,10000.0,6.017474234682638,True,False
1394,0.0,0.0,0.0,0.8306923997785132,0.011397307043317904,9.751737594604492,5.8696441650390625,10000.0,19.01927722280452,True,False
1395,0.0,0.0,0.0,0.5753229525760936,0.028299583699991124,8.710789680480957,7.570347785949707,10000.0,15.175571371514707,True,False
1396,0.0,0.0,0.0,0.8145120039714733,-0.0035750329740407366,11.801098823547363,7.2442755699157715,10000.0,27.85318668862618,True,False
1397,0.0,0.0,0.0,0.49092312707084035,-0.011191426640455342,7.047980785369873,7.178293704986572,10000.0,9.934806630188582,True,False
1398,0.0,0.0,0.0,0.6815959122009273,0.14543857954898717,10.698769569396973,7.848322868347168,10000.0,22.892734059810934,True,False
1399,0.0,0.0,0.0,1.00171888110581,0.03431380443701266,12.572773933410645,6.275599956512451,10000.0,31.614928876130023,True,False
1400,0.0,0.0,0.0,0.4108263355277001,-0.015615848641131441,5.062779426574707,6.161702632904053,10000.0,5.126347104429623,True,False
1401,0.0,0.0,0.0,0.48861107547476457,0.016804175625219915,6.588779926300049,6.742356300354004,10000.0,8.682404183442891,True,False
1402,0.0,0.0,0.0,0.5358639732685384,0.01703512716533692,7.227040767669678,6.743353843688965,10000.0,10.4460236515119,True,False
1403,0.0,0.0,0.0,0.8058348328475377,0.07897517343807904,10.963698387145996,6.8026957511901855,10000.0,24.040536464861532,True,False
1404,0.0,0.0,0.0,0.35694930215085585,0.042255687188954304,4.612427711486816,6.46090030670166,10000.0,4.254897878738301,True,False
1405,0.0,0.0,0.0,0.48746897689875923,-0.02338270819738416,6.168835163116455,6.327413082122803,10000.0,7.610905453940404,True,False
1406,0.0,0.0,0.0,0.45568143869844824,0.017788201167438147,7.930278778076172,8.701560020446777,10000.0,12.57786429960106,True,False
1407,0.0,0.0,0.0,1.0373886924777274,0.09525774465830564,13.395729064941406,6.456465721130371,10000.0,35.88911143626319,True,False
1408,0.0,0.0,0.0,0.5104305871198815,-0.06251848016462731,7.240407466888428,7.0924506187438965,10000.0,10.48470005731474,True,False
1409,0.0,0.0,0.0,0.680637747081149,-0.009155024913008186,8.643912315368652,6.349862575531006,10000.0,14.943444023156367,True,False
1410,0.0,0.0,0.0,0.7148400956687645,-0.025585041301034367,9.328353881835938,6.524783611297607,10000.0,17.403637228952718,True,False
1411,0.0,0.0,0.0,0.740116673178607,-0.0362609694637414,11.361095428466797,7.675205707550049,10000.0,25.814897866945827,True,False
1412,0.0,0.0,0.0,0.5578872861467291,0.03833610185789352,8.451756477355957,7.574788570404053,10000.0,14.286437510505671,True,False
1413,0.0,0.0,0.0,0.4543437318741953,0.08160896498368625,6.266824722290039,6.8965678215026855,10000.0,7.854618419981122,True,False
1414,0.0,0.0,0.0,0.8779435257810592,0.05432720341303608,10.48102855682373,5.96907901763916,10000.0,21.970391921790906,True,False
1415,0.0,0.0,0.0,0.35030084745556084,-0.07884662353270845,4.7954888343811035,6.844814777374268,10000.0,4.599342632134768,True,False
1416,0.0,0.0,0.0,0.5258513456844093,0.015782047515950224,7.437091827392578,7.07147741317749,10000.0,11.062066969813891,True,False
1417,0.0,0.0,0.0,0.6994100518506455,0.03739903306246494,9.207573890686035,6.582386016845703,10000.0,16.955883390488637,True,False
1418,0.0,0.0,0.0,0.8328134331963566,0.10530717439385529,11.343415260314941,6.810297966003418,10000.0,25.734613953589175,True,False
1419,0.0,0.0,0.0,0.5296520757531715,-0.17591371691794472,6.274799823760986,5.923511028289795,10000.0,7.874622565654178,True,False
1420,0.0,0.0,0.0,1.0432039009762895,-0.116217038590126,15.415812492370605,7.388686180114746,10000.0,47.52945495998591,True,False
1421,0.0,0.0,0.0,0.3920230312856535,-0.0405739497376617,4.899579048156738,6.249095916748047,10000.0,4.801174969827297,True,False
1422,0.0,0.0,0.0,0.39724617070573814,-0.003906775142670321,6.156574249267578,7.7490668296813965,10000.0,7.580681297348928,True,False
1423,0.0,0.0,0.0,0.3738363326772885,0.05517382409719037,5.061921119689941,6.770236968994141,10000.0,5.124609084392613,True,False
1424,0.0,0.0,0.0,0.7423015364994406,-0.04198709774722816,8.756757736206055,5.898383140563965,10000.0,15.336161210120913,True,False
1425,0.0,0.0,0.0,0.3772312100376947,-0.019618379957583504,4.9163665771484375,6.516383647918701,10000.0,4.834132064180448,True,False
1426,0.0,0.0,0.0,1.0032116070045924,0.022968485212801322,12.0598783493042,6.0106353759765625,10000.0,29.088133160003224,True,False
1427,0.0,0.0,0.0,0.51529573960678,0.05597363288801043,7.044505596160889,6.835400581359863,10000.0,9.925011818868413,True,False
1428,0.0,0.0,0.0,0.5588016992202363,0.031296918838213304,7.6961870193481445,6.886331081390381,10000.0,11.846258927356573,True,False
1429,0.0,0.0,0.0,0.3787302953504419,0.0007769304236081492,6.699094772338867,8.844149589538574,10000.0,8.975574153755588,True,False
1430,0.0,0.0,0.0,0.375094983182014,0.05325494543003558,6.5841264724731445,8.776612281799316,10000.0,8.670144281104328,True,False
1431,0.0,0.0,0.0,0.6866665487608626,-0.06311483616681336,8.923527717590332,6.497715473175049,10000.0,15.925869385320581,True,False
1432,0.0,0.0,0.0,0.37981610894978274,-0.037063928267093364,7.539209365844727,9.92481517791748,10000.0,11.367935572408165,True,False
1433,0.0,0.0,0.0,0.6409997139089278,-0.0640564398366615,10.376055717468262,8.093650817871094,10000.0,21.532506450401158,True,False
1434,0.0,0.0,0.0,0.49807148639251214,-0.058070171445812745,6.711623668670654,6.737610816955566,10000.0,9.009178453972027,True,False
1435,0.0,0.0,0.0,0.55932542846369,-0.06714411922452344,7.794297695159912,6.967587471008301,10000.0,12.15021531215502,True,False
1436,0.0,0.0,0.0,1.1193179759550307,0.044276874502416824,13.935527801513672,6.225008487701416,10000.0,38.839787021352095,True,False
1437,0.0,0.0,0.0,0.6718845122887765,0.018174307050252653,8.187541007995605,6.092967510223389,10000.0,13.407165551521935,True,False
1438,0.0,0.0,0.0,0.47013086158916606,-0.03252600723239258,6.2669806480407715,6.665144920349121,10000.0,7.855009288583503,True,False
1439,0.0,0.0,0.0,0.5129918182149877,-0.038029753413328274,6.999205112457275,6.821946144104004,10000.0,9.797774441249608,True,False
1440,0.0,0.0,0.0,0.7694842244018391,-0.0026280144955324056,10.593581199645996,6.883559703826904,10000.0,22.44479252669862,True,False
1441,0.0,0.0,0.0,0.4615995582083717,-0.03790670074802905,5.737858295440674,6.215190410614014,10000.0,6.584603563711468,True,False
1442,0.0,0.0,0.0,0.8295712493808256,0.04288405173543445,9.329063415527344,5.622822284698486,10000.0,17.40628484218614,True,False
1443,0.0,0.0,0.0,0.778878635604305,0.010645657645623911,10.145966529846191,6.513188362121582,10000.0,20.58812736495183,True,False
1444,0.0,0.0,0.0,0.6194189506064324,-0.0862425276520402,8.61242961883545,6.952023029327393,10000.0,14.834788787878821,True,False
1445,0.0,0.0,0.0,0.4418179865262769,-0.007349473626455131,5.617454528808594,6.357204437255859,10000.0,6.311159076646433,True,False
1446,0.0,0.0,0.0,0.514664312420552,0.009247307306477234,6.445484638214111,6.261833667755127,10000.0,8.308854444290816,True,False
1447,0.0,0.0,0.0,0.49464996209838513,-0.04664124088556495,6.987976551055908,7.063557147979736,10000.0,9.766363255621442,True,False
1448,0.0,0.0,0.0,0.42034281553216446,-0.016890136681682273,5.636063098907471,6.704126834869385,10000.0,6.3530414509732935,True,False
1449,0.0,0.0,0.0,0.8716571634651461,0.07724936923160582,11.133172988891602,6.386210918426514,10000.0,24.78950816011711,True,False
1450,0.0,0.0,0.0,1.193524397158821,-0.08657702739719764,13.555864334106445,5.678922176361084,10000.0,36.752291568939825,True,False
1451,0.0,0.0,0.0,0.4490612699203168,0.04820635984039114,6.7317914962768555,7.495404243469238,10000.0,9.063403349869077,True,False
1452,0.0,0.0,0.0,0.6873391412726257,0.07529245476107008,9.763421058654785,7.102331638336182,10000.0,19.064878153716748,True,False
1453,0.0,0.0,0.0,0.40499744702578505,-0.0008517559672718922,4.89569616317749,6.044107437133789,10000.0,4.7935681844301605,True,False
1454,0.0,0.0,0.0,0.7457522164043914,-0.07673149858272378,10.126561164855957,6.789494514465332,10000.0,20.509448205113756,True,False
1455,0.0,0.0,0.0,0.5482727265394802,-0.00853137070894292,6.158533573150635,5.616304874420166,10000.0,7.585507154324702,True,False
1456,0.0,0.0,0.0,0.5367583861068124,0.0010008727740519552,7.277362823486328,6.778993129730225,10000.0,10.592001932932178,True,False
1457,0.0,0.0,0.0,0.6365157014180272,-0.0036727865886818827,7.4572343826293945,5.857855796813965,10000.0,11.122068927493999,True,False
1458,0.0,0.0,0.0,0.8239615842433392,-0.039666102814148334,9.469152450561523,5.746112823486328,10000.0,17.932969626395064,True,False
1459,0.0,0.0,0.0,0.6795541880546332,0.05553674039828053,8.409493446350098,6.187507629394531,10000.0,14.143916004841046,True,False
1460,0.0,0.0,0.0,0.3296627082161281,0.00792046042030203,4.5718092918396,6.934071063995361,10000.0,4.180288040190181,True,False
1461,0.0,0.0,0.0,0.53692264739477,-0.05487541777911235,7.345293998718262,6.840178966522217,10000.0,10.790668785521298,True,False
1462,0.0,0.0,0.0,0.7275042406463368,-0.06367696676999678,9.366127967834473,6.437163829803467,10000.0,17.54487062197022,True,False
1463,0.0,0.0,0.0,0.6286106879283567,-0.0030112455819351226,8.086548805236816,6.432080268859863,10000.0,13.078454315895392,True,False
1464,0.0,0.0,0.0,0.5164363897416635,0.06670861657796752,8.129688262939453,7.870948314666748,10000.0,13.218366250515096,True,False
1465,0.0,0.0,0.0,0.3547149439443128,0.039066960118563476,4.990383148193359,7.034357070922852,10000.0,4.980784793154452,True,False
1466,0.0,0.0,0.0,0.40436713405533464,-0.04400230871618943,5.1588053703308105,6.378863334655762,10000.0,5.322654569790799,True,False
1467,0.0,0.0,0.0,0.38983528539034373,0.028835762661245278,5.797496795654297,7.435828685760498,10000.0,6.722193819124367,True,False
1468,0.0,0.0,0.0,0.6301102208615212,0.08189811865532419,7.944544315338135,6.304090976715088,10000.0,12.62315687567429,True,False
1469,0.0,0.0,0.0,0.5924753874392753,-0.09293214064604882,9.631345748901367,8.128055572509766,10000.0,18.552564186976085,True,False
1470,0.0,0.0,0.0,0.5141066710664184,0.05840607999042524,7.432032108306885,7.228103160858154,10000.0,11.047020251780893,True,False
1471,0.0,0.0,0.0,0.6083732556478522,0.04472703780688638,7.94045352935791,6.52597188949585,10000.0,12.610160450378494,True,False
1472,0.0,0.0,0.0,0.4170965589906085,-0.03877326820612011,5.754983901977539,6.898862838745117,10000.0,6.623967942404121,True,False
1473,0.0,0.0,0.0,0.5263079459716321,0.02706045083919118,6.587873458862305,6.258573055267334,10000.0,8.680015341996473,True,False
1474,0.0,0.0,0.0,0.5469053302774056,-0.019083231816441976,7.493302345275879,6.850639343261719,10000.0,11.229916007543395,True,False
1475,0.0,0.0,0.0,0.7514670182577448,0.09388873406220187,10.547078132629395,7.017658710479736,10000.0,22.24817142715783,True,False
1476,0.0,0.0,0.0,0.6304190933755761,0.01683005107672291,7.982263565063477,6.330918312072754,10000.0,12.743306324427977,True,False
1477,0.0,0.0,0.0,0.554579461702547,-0.05302777782205114,8.37969970703125,7.555003643035889,10000.0,14.04387343600392,True,False
1478,0.0,0.0,0.0,0.6157806452773459,0.025987312232704063,7.247387886047363,5.884715557098389,10000.0,10.504926234165211,True,False
1479,0.0,0.0,0.0,0.6369003990737324,-0.01693002462269243,8.049928665161133,6.319613456726074,10000.0,12.960270302836577,True,False
1480,0.0,0.0,0.0,0.35136542741855825,-0.0771340173792731,4.796813488006592,6.825961112976074,10000.0,4.601883927744392,True,False
1481,0.0,0.0,0.0,0.29333205986945493,0.017566811679523373,4.412460803985596,7.521272659301758,10000.0,3.893962069341841,True,False
1482,0.0,0.0,0.0,0.42663194182065195,-0.015016396939364202,6.095058917999268,7.143228530883789,10000.0,7.4299486427764805,True,False
1483,0.0,0.0,0.0,0.43864445203380403,-0.08526459142214211,6.68174409866333,7.6163554191589355,10000.0,8.929140840004443,True,False
1484,0.0,0.0,0.0,0.42845616453142255,-0.010899862274247992,6.15153694152832,7.1787238121032715,10000.0,7.5682813485975196,True,False
1485,0.0,0.0,0.0,0.702890001336471,-0.03485756894324382,9.439468383789062,6.714755058288574,10000.0,17.82071267371066,True,False
1486,0.0,0.0,0.0,0.9582686580414449,-0.05517349908702368,11.85878849029541,6.1876115798950195,10000.0,28.126172891512567,True,False
1487,0.0,0.0,0.0,0.35588058396445243,-0.0005606199192291666,4.853469371795654,6.818957805633545,10000.0,4.7112329885917,True,False
1488,0.0,0.0,0.0,0.7494742272314828,-0.07240672156122467,9.310775756835938,6.211538314819336,10000.0,17.338109038816768,True,False
1489,0.0,0.0,0.0,0.8463552906020655,0.0970714501249252,10.575790405273438,6.247843265533447,10000.0,22.36946853925474,True,False
1490,0.0,0.0,0.0,0.8959678612814665,0.00838800779018592,10.109953880310059,5.641917705535889,10000.0,20.442233492399282,True,False
1491,0.0,0.0,0.0,0.6014361117481296,0.042910620713548404,7.728470325469971,6.425013542175293,10000.0,11.945850714333979,True,False
1492,0.0,0.0,0.0,0.37736751989778083,0.017416244881841594,6.320406436920166,8.374338150024414,10000.0,7.989507505572373,True,False
1493,0.0,0.0,0.0,0.3106012956534564,-0.0035762933983345914,6.206122398376465,9.990496635437012,10000.0,7.703191044726008,True,False
1494,0.0,0.0,0.0,0.7180219171896828,0.09470199377094472,11.622651100158691,8.093521118164062,10000.0,27.017203719204005,True,False
1495,0.0,0.0,0.0,0.3881223872685436,0.07390379152111191,5.284597873687744,6.807901382446289,10000.0,5.585394937317005,True,False
1496,0.0,0.0,0.0,0.8958994619910187,0.02752731172427848,10.263224601745605,5.727888584136963,10000.0,21.066755845175237,True,False
1497,0.0,0.0,0.0,0.36989935535158663,0.022477425725657533,5.08360481262207,6.871605396270752,10000.0,5.168607578182854,True,False
1498,0.0,0.0,0.0,0.5735150239826787,0.008654919781893663,8.35539722442627,7.284375190734863,10000.0,13.962532555590037,True,False
1499,0.0,0.0,0.0,0.6536272661848285,-0.006143346881427709,7.891572952270508,6.036753177642822,10000.0,12.455384732201487,True,False
1500,0.0,0.0,0.0,0.8945580084894513,0.09753396555314536,13.181258201599121,7.367469787597656,10000.0,34.74911355544481,True,False
1501,0.0,0.0,0.0,0.5715009872574669,-0.022301284011951503,8.453149795532227,7.39556884765625,10000.0,14.291148293141305,True,False
1502,0.0,0.0,0.0,0.9841539328768895,0.08937643901868367,12.379303932189941,6.289312839508057,10000.0,30.649433169106658,True,False
1503,0.0,0.0,0.0,0.29997024969030417,-0.03251390598082903,4.9858078956604,8.310503959655762,10000.0,4.971656074485917,True,False
1504,0.0,0.0,0.0,0.362465343624592,-0.0042002797446478255,4.976065158843994,6.864194393157959,10000.0,4.952244893012221,True,False
1505,0.0,0.0,0.0,0.9421201806501688,-0.0801590065402487,12.131525993347168,6.438417434692383,10000.0,29.434784585451595,True,False
1506,0.0,0.0,0.0,0.5652737027824417,0.06154818307042695,7.783514022827148,6.884730339050293,10000.0,12.116618108709368,True,False
1507,0.0,0.0,0.0,0.6506539905278136,0.004243565423500315,8.494400978088379,6.527586936950684,10000.0,14.430969595309762,True,False
1508,0.0,0.0,0.0,0.5082479890411086,0.08978152906622398,9.249918937683105,9.099808692932129,10000.0,17.112200070741707,True,False
1509,0.0,0.0,0.0,0.3479888306240341,-0.0612073413017441,5.038614273071289,7.239620685577393,10000.0,5.077526758559543,True,False
1510,0.0,0.0,0.0,0.4425127107171733,-0.05391120750116888,7.269768238067627,8.214191436767578,10000.0,10.569906047043375,True,False
1511,0.0,0.0,0.0,0.6190960127693307,-0.06212153865196938,9.082802772521973,7.335536479949951,10000.0,16.49946124090657,True,False
1512,0.0,0.0,0.0,0.5695006153769464,-0.07451876090807653,7.343489646911621,6.447306156158447,10000.0,10.78536803885963,True,False
1513,0.0,0.0,0.0,0.596091992594852,0.07017513178732586,7.480877876281738,6.274935722351074,10000.0,11.19270675996831,True,False
1514,0.0,0.0,0.0,0.4860954114169358,0.026063649924310435,7.846180438995361,8.07061767578125,10000.0,12.312509496254684,True,False
1515,0.0,0.0,0.0,0.5317685708117068,0.08800286116368652,7.044355869293213,6.62351655960083,10000.0,9.924589922649147,True,False
1516,0.0,0.0,0.0,0.5989081004498913,-0.07003453607249804,8.730500221252441,7.2886810302734375,10000.0,15.244326822657783,True,False
1517,0.0,0.0,0.0,1.222193200554057,-0.03748010658430821,13.971985816955566,5.715948104858398,10000.0,39.04327753384149,True,False
1518,0.0,0.0,0.0,0.7024698886291566,0.02382359132587863,13.917326927185059,9.90599536895752,10000.0,38.73839775963006,True,False
1519,0.0,0.0,0.0,0.3919825078402713,-0.028097815871710896,5.729459762573242,7.308310508728027,10000.0,6.565341834189166,True,False
1520,0.0,0.0,0.0,0.4102104301772196,0.04022702871846302,5.579516887664795,6.800798416137695,10000.0,6.226201739947328,True,False
1521,0.0,0.0,0.0,0.8088381123575697,-0.010971709142408425,11.761407852172852,7.270557403564453,10000.0,27.666142933030642,True,False
1522,0.0,0.0,0.0,0.47750200086202343,0.04180317505388577,6.164914608001709,6.455380916595459,10000.0,7.601234424790572,True,False
1523,0.0,0.0,0.0,0.7387078338522869,0.0554142481627163,9.508933067321777,6.436193466186523,10000.0,18.083961615761112,True,False
1524,0.0,0.0,0.0,0.6368115296994764,-0.021881610094120117,7.734086036682129,6.072507858276367,10000.0,11.963217364560293,True,False
1525,0.0,0.0,0.0,0.36559922732341804,0.004373752473086696,5.68454122543335,7.774279594421387,10000.0,6.462801788730257,True,False
1526,0.0,0.0,0.0,0.5402922952089033,-0.09869061993312829,7.6919097900390625,7.118285655975342,10000.0,11.833095243619752,True,False
1527,0.0,0.0,0.0,0.31631634691990973,0.03333404571467807,5.338030815124512,8.437804222106934,10000.0,5.698914596643771,True,False
1528,0.0,0.0,0.0,0.45173134565318074,-0.02999100290105408,8.11880874633789,8.986324310302734,10000.0,13.183011091922523,True,False
1529,0.0,0.0,0.0,0.6911067327064058,-0.03245140968647725,9.267094612121582,6.704532146453857,10000.0,17.175808510002568,True,False
1530,0.0,0.0,0.0,0.5226917713260049,0.018024104383776194,6.606324195861816,6.319521903991699,10000.0,8.728703876165852,True,False
1531,0.0,0.0,0.0,0.7597792975247204,0.0008312541727947489,11.263298988342285,7.412217617034912,10000.0,25.37238082015847,True,False
1532,0.0,0.0,0.0,0.5378557219575525,0.033611956343601576,7.043033599853516,6.54732608795166,10000.0,9.92086445773311,True,False
1533,0.0,0.0,0.0,0.8314942929237954,0.10966548016399712,8.51606273651123,5.120938777923584,10000.0,14.504664906439025,True,False
1534,0.0,0.0,0.0,0.5693104209574255,0.06246466654516579,10.323780059814453,9.066916465759277,10000.0,21.3160869446845,True,False
1535,0.0,0.0,0.0,1.2492530345123338,0.009129901523210684,15.97432804107666,6.393551826477051,10000.0,51.0358312727856,True,False
1536,0.0,0.0,0.0,0.41214464765030123,0.0011452111907170486,5.253735065460205,6.373654365539551,10000.0,5.520346427609226,True,False
1537,0.0,0.0,0.0,0.43241326818361686,-0.01515601586752124,6.400812149047852,7.401267051696777,10000.0,8.194079233479712,True,False
1538,0.0,0.0,0.0,0.3751960400734392,-0.03904740855062508,4.962296962738037,6.61293888092041,10000.0,4.924878229279827,True,False
1539,0.0,0.0,0.0,0.8110842203882511,-0.047160972395629226,9.813321113586426,6.049508094787598,10000.0,19.260254255672223,True,False
1540,0.0,0.0,0.0,0.3319001670977749,-0.04918431453551846,4.4903154373168945,6.764557361602783,10000.0,4.0325865453212835,True,False
1541,0.0,0.0,0.0,0.39281089242197237,-0.0599370137337172,5.577496528625488,7.099467754364014,10000.0,6.221693505365874,True,False
1542,0.0,0.0,0.0,0.44225355486354595,-0.04980577964111725,6.10996675491333,6.907764434814453,10000.0,7.466338749229223,True,False
1543,0.0,0.0,0.0,0.6230008845978782,0.00643225025704604,8.425846099853516,6.7623066902160645,10000.0,14.19897649968334,True,False
1544,0.0,0.0,0.0,0.4568369697646676,-0.008615602129989472,6.135229587554932,6.714900493621826,10000.0,7.5282084184018885,True,False
1545,0.0,0.0,0.0,0.38303226751684455,-0.0186739474081989,6.477450370788574,8.455489158630371,10000.0,8.391472661205803,True,False
1546,0.0,0.0,0.0,0.5377240833986713,-0.04305103089349172,6.926414966583252,6.440491676330566,10000.0,9.595044857861694,True,False
1547,0.0,0.0,0.0,0.5279528564226224,-0.05838398437656337,6.154819011688232,5.8289475440979,10000.0,7.576359413327779,True,False
1548,0.0,0.0,0.0,0.7336099251614446,-0.07243728051218913,9.994527816772461,6.8118815422058105,10000.0,19.978117256047696,True,False
1549,0.0,0.0,0.0,0.45382300481982135,-0.016430728670375743,6.693103790283203,7.374134540557861,10000.0,8.959527669500673,True,False
1550,0.0,0.0,0.0,0.6152405024695324,0.03694846091240274,8.23609733581543,6.69339656829834,10000.0,13.5666598650052,True,False
1551,0.0,0.0,0.0,0.6186359663889186,0.028893578150814773,7.214517116546631,5.830987453460693,10000.0,10.40985144498886,True,False
1552,0.0,0.0,0.0,0.5378696282556461,0.10859719898613557,7.966634750366211,7.405730247497559,10000.0,12.693453849148497,True,False
1553,0.0,0.0,0.0,0.6754667765177499,-0.024229262957243074,9.126069068908691,6.755379676818848,10000.0,16.657027330098387,True,False
1554,0.0,0.0,0.0,0.5646940869424826,-0.004898856893922919,8.052151679992676,7.129658222198486,10000.0,12.967429335521771,True,False
1555,0.0,0.0,0.0,0.909241719725369,-0.0028170272769785483,12.921734809875488,7.105775356292725,10000.0,33.39424609934957,True,False
1556,0.0,0.0,0.0,0.5773107925063065,0.01888603542754282,8.603177070617676,7.451079368591309,10000.0,14.802931141680347,True,False
1557,0.0,0.0,0.0,0.5227677441349899,0.06983137196871717,7.610081195831299,7.278644561767578,10000.0,11.582667161429022,True,False
1558,0.0,0.0,0.0,0.7661408813270113,-0.0016925068087468623,9.533394813537598,6.22169828414917,10000.0,18.177123334157116,True,False
1559,0.0,0.0,0.0,0.42018976176130995,-0.007008682356744058,6.363718032836914,7.5724334716796875,10000.0,8.099381440290742,True,False
1560,0.0,0.0,0.0,0.37118123896668653,-0.004223991482970078,5.544610023498535,7.468871593475342,10000.0,6.148540062536085,True,False
1561,0.0,0.0,0.0,0.609928464271885,0.019694593320262847,7.477799892425537,6.130063056945801,10000.0,11.18349824623187,True,False
1562,0.0,0.0,0.0,1.078038823264844,0.12516630244428,13.559688568115234,6.289053916931152,10000.0,36.773030812854984,True,False
1563,0.0,0.0,0.0,0.5277921584454023,-0.025965977740221406,6.694967746734619,6.342428207397461,10000.0,8.964518625963365,True,False
1564,0.0,0.0,0.0,0.48088363296365566,0.04456092936600821,7.17244815826416,7.457571506500244,10000.0,10.288802516597386,True,False
1565,0.0,0.0,0.0,0.5320343518411375,-0.02826561165269863,8.58545207977295,8.068512916564941,10000.0,14.741997482815528,True,False
1566,0.0,0.0,0.0,0.40007348108896906,0.01998143793112419,5.5298566818237305,6.911051273345947,10000.0,6.115862984302112,True,False
1567,0.0,0.0,0.0,0.8907065061239574,0.02764733296463606,15.905684471130371,8.928689956665039,10000.0,50.598159699031555,True,False
1568,0.0,0.0,0.0,0.4467864862126923,0.01683923235298648,5.762284278869629,6.4485883712768555,10000.0,6.640784022101613,True,False
1569,0.0,0.0,0.0,0.45242489575349926,0.05401130298229743,6.536670684814453,7.224039554595947,10000.0,8.545612728342526,True,False
1570,0.0,0.0,0.0,0.5136586749722437,0.011564566781812773,6.252511024475098,6.0862507820129395,10000.0,7.818778822236524,True,False
1571,0.0,0.0,0.0,0.4582007855930139,0.038267898747344244,7.8077592849731445,8.52001953125,10000.0,12.192221010416866,True,False
1572,0.0,0.0,0.0,0.8275462531326622,-0.012081421703329516,10.771554946899414,6.508128643035889,10000.0,23.205279194814636,True,False
1573,0.0,0.0,0.0,0.2833642039042404,-0.013317037318550655,5.368168830871582,9.472207069396973,10000.0,5.763447319348231,True,False
1574,0.0,0.0,0.0,0.2773354388256929,-0.03954978485343074,4.295129776000977,7.743564605712891,10000.0,3.68962795853804,True,False
1575,0.0,0.0,0.0,0.6068165294240366,-0.08192779596852552,7.492370128631592,6.1735053062438965,10000.0,11.227122028882192,True,False
1576,0.0,0.0,0.0,0.6210992664239597,-0.04013885737795786,9.011956214904785,7.254843711853027,10000.0,16.2430709638722,True,False
1577,0.0,0.0,0.0,0.6708262693083777,-0.10867189359004846,10.356426239013672,7.719156742095947,10000.0,21.451112888826174,True,False
1578,0.0,0.0,0.0,0.6966499443800476,-0.05753029515990885,9.181480407714844,6.589737415313721,10000.0,16.859916495450307,True,False
1579,0.0,0.0,0.0,0.638086994599285,-0.025089385469741196,8.160170555114746,6.3942461013793945,10000.0,13.317676697712336,True,False
1580,0.0,0.0,0.0,0.7221240485547548,0.007302733386618561,8.656294822692871,5.993634223937988,10000.0,14.986288011475878,True,False
1581,0.0,0.0,0.0,0.7609714358472136,0.01858796251770793,9.16508674621582,6.021965026855469,10000.0,16.79976301313218,True,False
1582,0.0,0.0,0.0,0.3629236334988151,-0.05317100418809627,4.9344892501831055,6.798247337341309,10000.0,4.8698368320345224,True,False
1583,0.0,0.0,0.0,0.5382938109936283,-0.03118130452091182,7.771490097045898,7.218632221221924,10000.0,12.07921166569649,True,False
1584,0.0,0.0,0.0,0.44730721749481944,0.04928096379316274,5.6891255378723145,6.359304428100586,10000.0,6.473229877134187,True,False
1585,0.0,0.0,0.0,0.5072899628228207,-0.06529896655069987,6.58474588394165,6.4901204109191895,10000.0,8.671775671217297,True,False
1586,0.0,0.0,0.0,0.7287301130020815,0.0025783144671364046,9.649466514587402,6.62074089050293,10000.0,18.622440803228713,True,False
1587,0.0,0.0,0.0,1.1162446443797387,0.07531384693505361,15.044364929199219,6.738829612731934,10000.0,45.26658322458388,True,False
1588,0.0,0.0,0.0,0.565424632528709,-0.03700642350466269,8.086968421936035,7.1512346267700195,10000.0,13.079811651478117,True,False
1589,0.0,0.0,0.0,0.6710878308833975,0.0577270589761506,10.001142501831055,7.451440811157227,10000.0,20.004570268386303,True,False
1590,0.0,0.0,0.0,0.5126787548186835,-0.024598766574821303,8.46473217010498,8.255395889282227,10000.0,14.330338142322034,True,False
1591,0.0,0.0,0.0,0.6986398125879288,0.05647730433724682,9.227418899536133,6.603845596313477,10000.0,17.029051909503323,True,False
1592,0.0,0.0,0.0,0.32103179055978487,0.012286470499276014,4.853890419006348,7.559828281402588,10000.0,4.712050439944324,True,False
1593,0.0,0.0,0.0,0.56588951832823,0.08447777153886737,6.930655479431152,6.123682498931885,10000.0,9.606797074913807,True,False
1594,0.0,0.0,0.0,0.5746297729551156,-0.009288608643666181,7.068578720092773,6.150550365447998,10000.0,9.992961024429675,True,False
1595,0.0,0.0,0.0,0.5117810771029974,-0.009763218589085522,6.029733180999756,5.89093017578125,10000.0,7.271536446809886,True,False
1596,0.0,0.0,0.0,0.4025146368610664,0.027121763642943723,5.512268543243408,6.847289562225342,10000.0,6.077020898566161,True,False
1597,0.0,0.0,0.0,0.3676272866504486,0.09828575453134757,5.087208271026611,6.918975353240967,10000.0,5.17593759856031,True,False
1598,0.0,0.0,0.0,0.5994867505829165,0.04201674995924357,8.932244300842285,7.449909687042236,10000.0,15.956997649985894,True,False
1599,0.0,0.0,0.0,0.43486078929628075,0.06467773592993012,5.942056655883789,6.832136631011963,10000.0,7.061607460346565,True,False
1600,0.0,0.0,0.0,0.5025842416234764,0.001088912522921853,6.0769548416137695,6.045707702636719,10000.0,7.385876029402606,True,False
1601,0.0,0.0,0.0,0.4573430983635201,-0.07099475845632135,5.189671516418457,5.673717975616455,10000.0,5.3865380896650095,True,False
1602,0.0,0.0,0.0,0.4806189796658903,0.010544532586163573,6.56591796875,6.830689430236816,10000.0,8.622255754470821,True,False
1603,0.0,0.0,0.0,0.6707138011149031,0.0004633656515482014,8.954855918884277,6.675616264343262,10000.0,16.037888905595352,True,False
1604,0.0,0.0,0.0,0.4510010895239429,0.019826220440293505,7.517154216766357,8.333853721618652,10000.0,11.301521503729646,True,False
1605,0.0,0.0,0.0,0.43737979190272097,0.05220977915573029,4.877035617828369,5.575286865234375,10000.0,4.7570952835133085,True,False
1606,0.0,0.0,0.0,0.468966813936712,-0.010323274624631585,6.628195285797119,7.066806316375732,10000.0,8.786594549332627,True,False
1607,0.0,0.0,0.0,0.5095765588022036,-0.02710614543028821,7.212372779846191,7.076829433441162,10000.0,10.403664223093251,True,False
1608,0.0,0.0,0.0,0.9871922145062021,-0.023968220719358748,15.616528511047363,7.9095683097839355,10000.0,48.77519254727102,True,False
1609,0.0,0.0,0.0,0.7633170171049195,-0.049409229396084574,8.978561401367188,5.881279468536377,10000.0,16.122912967624146,True,False
1610,0.0,0.0,0.0,0.42045813232109214,0.07392934778677634,5.789005756378174,6.884164333343506,10000.0,6.7025175294759265,True,False
1611,0.0,0.0,0.0,0.48799473632575185,0.044413469509416686,6.603189945220947,6.765636444091797,10000.0,8.720423490533399,True,False
1612,0.0,0.0,0.0,0.7066204530346863,-0.06355655336751641,9.062013626098633,6.412221431732178,10000.0,16.42401819191946,True,False
1613,0.0,0.0,0.0,0.43282987137845763,-0.0068084449768238174,5.707298755645752,6.5930047035217285,10000.0,6.514651817239109,True,False
1614,0.0,0.0,0.0,0.38948383431605194,-0.06407071211069143,5.748459815979004,7.379587173461914,10000.0,6.60895805118507,True,False
1615,0.0,0.0,0.0,0.3052534177816971,0.024514092516556563,4.685649394989014,7.675015449523926,10000.0,4.391062050552183,True,False
1616,0.0,0.0,0.0,0.48546381663137494,0.04426479300989953,8.545393943786621,8.801267623901367,10000.0,14.604751530901012,True,False
1617,0.0,0.0,0.0,0.5372000053216192,-0.04164898202813943,8.279245376586914,7.7059245109558105,10000.0,13.709180801147156,True,False
1618,0.0,0.0,0.0,0.45827502730983644,0.04921043864521525,5.951594829559326,6.493474960327148,10000.0,7.084296203047458,True,False
1619,0.0,0.0,0.0,0.6758326922710136,0.024489370717638168,8.617118835449219,6.375186443328857,10000.0,14.850947404850736,True,False
1620,0.0,0.0,0.0,0.37647699353893765,0.06498937328727077,4.863421440124512,6.4591217041015625,10000.0,4.730573620852557,True,False
1621,0.0,0.0,0.0,0.43931415207060015,0.012545318226592028,5.876099109649658,6.687809944152832,10000.0,6.9057081492851005,True,False
1622,0.0,0.0,0.0,0.36791546737594283,0.07124376982609971,5.359928607940674,7.28418493270874,10000.0,5.74576693644417,True,False
1623,0.0,0.0,0.0,0.47661176148988815,0.022490076523776034,6.9170989990234375,7.256534099578857,10000.0,9.569251712458204,True,False
1624,0.0,0.0,0.0,0.4879798100232905,0.08952851018667168,7.0022358894348145,7.174718856811523,10000.0,9.80626149025779,True,False
1625,0.0,0.0,0.0,0.4254062404110933,0.06993120510232198,6.161277770996094,7.241640090942383,10000.0,7.592268754274116,True,False
1626,0.0,0.0,0.0,0.41976131682934176,-0.08434354341449618,5.2763872146606445,6.284985065460205,10000.0,5.56805240780686,True,False
1627,0.0,0.0,0.0,0.5871622093981168,0.019588464377298373,9.56374740600586,8.144042015075684,10000.0,18.293052889176764,True,False
1628,0.34195346278177424,0.03419534627817742,0.34195346278177424,0.7513009218546681,0.07361466820971095,9.535179138183594,6.345778942108154,10000.0,18.336244111315537,True,True
1629,0.03129994409421053,0.03129994409421053,0.03129994409421053,0.35894594147219966,-0.012674963837910024,5.095616817474365,7.098028182983398,10000.0,5.178713046463383,True,True
1630,0.15166923566641066,0.04333687325143054,0.15166923566641066,0.8286518987734758,0.009535708924934352,11.96371078491211,7.218779563903809,10000.0,28.66176463108468,True,True
1631,0.012507863412456539,0.012507863412456539,0.012507863412456539,0.29840318402921423,-0.11717517726684895,4.356385231018066,7.299495220184326,10000.0,3.74901288288925,True,True
1632,0.08623668153226301,0.019880745224437182,0.08623668153226301,0.7813407208784637,-0.0418069781504031,10.407651901245117,6.660123825073242,10000.0,21.60623114895506,True,True
1633,0.057262274939086207,0.023618898195902086,0.057262274939086207,0.5056083854962986,-0.05228595543196131,7.811809062957764,7.725157737731934,10000.0,12.130346880047853,True,True
1634,0.0705133351061578,0.028308341886927657,0.0705133351061578,0.3960998882813679,-0.023928893753949482,5.188212871551514,6.549121856689453,10000.0,5.360494132813905,True,True
1635,0.27164703187255085,0.05264221088548997,0.27164703187255085,0.789572217541889,0.024360780673871273,8.687782287597656,5.501575469970703,10000.0,15.156806689896754,True,True
1636,0.18791037995206278,0.06616902779214726,0.18791037995206278,0.5655922894900755,0.016949471781471676,7.109694480895996,6.2851762771606445,10000.0,10.159667459591475,True,True
1637,0.10903528117584776,0.07045565313051731,0.10903528117584776,0.3017843075162062,0.020555189048287566,4.768657207489014,7.900770664215088,10000.0,4.602581895461245,True,True
1638,0.24242254559951193,0.08765234237741677,0.24242254559951193,0.5065255249211175,0.045497146102787864,8.563508987426758,8.45318603515625,10000.0,14.955419342772885,True,True
1639,0.08943857197999852,0.08783096533767495,0.08943857197999852,0.3465260399742636,-0.022085755508104737,4.850184440612793,6.998297214508057,10000.0,4.6390146786662605,True,True
1640,0.2881859717011783,0.10786646597402529,0.2881859717011783,0.3865902820914721,0.09496569630272018,5.498417377471924,7.111427307128906,10000.0,6.447060384214293,True,True
1641,0.16317903939285944,0.1133977233159087,0.16317903939285944,0.6079731293423115,-0.028523185928613175,8.993261337280273,7.396100997924805,10000.0,15.960609276481165,True,True
1642,0.3592040321069525,0.1379783541950131,0.3592040321069525,0.814070267090701,0.023430525935803498,10.92037296295166,6.707266807556152,10000.0,24.087706050954708,True,True
1643,0.19666510154490205,0.14384702893000198,0.19666510154490205,0.5754409432269072,-0.00996083751076591,7.5352911949157715,6.547406196594238,10000.0,11.285431360772861,True,True
1644,0.22899961928828722,0.15236228796583048,0.22899961928828722,0.5560639484762816,0.008416019916645225,6.984355926513672,6.280173301696777,10000.0,9.812490322847474,True,True
1645,0.15926840399726536,0.15305289956897397,0.15926840399726536,0.71638386995169,-0.07547325249019,10.020981788635254,6.994142532348633,10000.0,19.274398648227717,True,True
1646,0.937231202319081,0.23147072984398465,0.9581952105394376,0.937231202319081,0.1340888243169762,13.346837997436523,7.120355129241943,10000.0,38.57725482511191,True,True
1647,0.25163606694467333,0.2334872635540535,0.25163606694467333,0.7770591445231634,-0.03368191798925928,12.01175594329834,7.728984355926514,10000.0,28.126345091717923,True,True
1648,0.3546278702192071,0.24560132422056885,0.3546278702192071,0.6487798575166828,0.0324046874121184,8.370392799377441,6.450872898101807,10000.0,14.442432238544413,True,True
1649,0.37596497427363396,0.2586376892258754,0.37596497427363396,0.5147971113555015,0.0717421705365468,7.714062213897705,7.492332458496094,10000.0,12.973775109035572,True,True
1650,0.27155543588064507,0.25992946389135235,0.27155543588064507,0.4551498688323832,0.03940930494656843,7.639042854309082,8.391788482666016,10000.0,12.327666031516323,True,True
1651,0.12091636461285898,0.12091636461285898,0.12091636461285898,0.3249484676294571,-0.03039120149580027,4.602658271789551,7.0821356773376465,10000.0,4.117106671224853,True,True
1652,0.12933357292175465,0.12175808544374854,0.12933357292175465,0.5239783233923804,-0.09939067051473643,7.984538555145264,7.619149684906006,10000.0,12.014364498647545,True,True
1653,0.3614778339728164,0.14573006029665533,0.3614778339728164,0.9991337651644084,-0.042129098938653915,13.03706169128418,6.524182319641113,10000.0,33.470795199213455,True,True
1654,0.32768125076691057,0.16392517934368087,0.32768125076691057,0.5663138854385981,0.024655867708670003,9.196222305297852,8.119368553161621,10000.0,17.215885955345215,True,True
1655,0.4686248595238104,0.19439514736169383,0.4686248595238104,0.631052850707375,0.06124754670915129,7.564221382141113,5.9933342933654785,10000.0,11.983256670965687,True,True
1656,0.3754917442366414,0.2125048070491886,0.3754917442366414,0.5983491553037588,0.03214841561434695,6.862759113311768,5.734744548797607,10000.0,9.688361797772757,True,True
1657,0.166106139928946,0.166106139928946,0.166106139928946,0.4474712678046472,-0.05306567267068564,6.950511455535889,7.766433238983154,10000.0,9.186107328628623,True,True
1658,0.3232603511920644,0.18182156105525782,0.3232603511920644,0.6339271510175888,-0.005514256294520021,8.178048133850098,6.450305938720703,10000.0,13.323205627319666,True,True
1659,0.6847581782985189,0.2321152227795839,0.6847581782985189,1.0902476627695887,0.02510110563571081,13.299100875854492,6.099119186401367,10000.0,35.8458082878802,True,True
1660,0.12189434830982687,0.12189434830982687,0.12189434830982687,0.2700914716538403,-0.031050135613134668,4.914333820343018,9.097536087036133,10000.0,4.6609216833821705,True,True
1661,0.35157098592855923,0.1448620120717001,0.35157098592855923,0.41275853234993587,0.07241486371891016,6.559463024139404,7.9458842277526855,10000.0,9.152066018924302,True,True
1662,0.9422920222327356,0.22460501308780362,1.1011882397469241,0.9422920222327356,0.13199046212512472,12.5061674118042,6.636035919189453,10000.0,33.74118372262403,True,True
1663,0.38480363597975187,0.24062487537699845,0.38480363597975187,0.7027735260412461,-0.007415143402760104,9.670391082763672,6.880161762237549,10000.0,18.58457851325703,True,True
1664,0.34635400183171383,0.25119778802246995,0.34635400183171383,0.5822100690308691,0.004068934129460203,6.31643533706665,5.424532890319824,10000.0,8.014492261234942,True,True
1665,0.15505829777571611,0.15505829777571611,0.15505829777571611,0.4146974346367049,-0.08076548856354751,8.57114028930664,10.334209442138672,10000.0,13.58362062406367,True,True
