step,lambda_raw,lambda_used,lambda_curvature,lambda_norm,grad_cosine,emotion_grad_norm,alignment_grad_norm,beta,directional_margin,constraint_active,feasible
0,1.0,1.0,1.0,1.0820591433866071,0.09821746406973372,8.89584732055664,4.110610485076904,0.0,19.418773598180266,False,True
1,1.0,1.0,5.1743832399081,1.0160099253192685,-0.06353225206536564,6.839489459991455,3.3658576011657715,10000.0,7.893163276236052,False,True
2,0.7551713272115392,0.7551713272115392,11.181271190290326,0.7551713272115392,0.033879205948476564,5.626953125,3.725613594055176,10000.0,6.8688721922388325,True,True
3,1.0,0.7796541944903853,19.534481215241804,1.032912240773703,0.08268584677292935,7.6869401931762695,3.721003532409668,10000.0,13.661749894036952,True,True
4,0.9629078466268296,0.7979795597040297,5.763536111846715,0.9629078466268296,-0.023049572417080427,7.408340930938721,3.8468587398529053,10000.0,10.452521388337018,True,True
5,0.5596926599022133,0.5596926599022133,4.029840112065841,0.5596926599022133,0.006754568446617898,5.133022785186768,4.585572719573975,10000.0,5.3585690070211704,True,True
6,0.6194345593450039,0.5656668498464923,5.518487367041292,0.6194345593450039,0.04415888464369543,4.403853416442871,3.554736614227295,10000.0,4.26982311164512,True,True
7,1.0,0.609100164861843,12.255136580062468,1.4289420440197116,0.05211629170240251,10.131653785705566,3.545159101486206,10000.0,21.67027448760834,True,True
8,1.0,0.6481901483756587,5.936478154484752,1.1481923015098279,-0.006284799455461572,8.654726028442383,3.7688486576080322,10000.0,14.84797767178587,True,True
9,0.7167220861176953,0.6550433421498624,2.347666670316078,0.7167220861176953,-0.06561606015873415,6.700209617614746,4.674203395843506,10000.0,7.632465319867421,True,True
10,1.0,0.6895390079348761,5.867783928081561,1.0372844275973627,0.024115839341522886,7.729934215545654,3.726043701171875,10000.0,12.429320845506538,True,True
11,0.9737561459132401,0.7179607217327124,3.6504079726133796,0.9737561459132401,-0.03161355025858055,6.615243434906006,3.396765947341919,10000.0,8.242271251335765,True,True
12,1.0,0.7461646495594412,3.4832628738966656,1.0550758028998868,-0.046069857709816954,8.242615699768066,3.906172275543213,10000.0,12.481345682268334,True,True
13,0.863452480761417,0.7578934326796387,3.8891749049507807,0.863452480761417,0.012891054213204406,7.703207492828369,4.4607014656066895,10000.0,12.203596589550408,True,True
14,1.0,0.7821040894116749,3.173901519821092,1.0743952562102503,-0.05345342158009259,7.495286464691162,3.4881420135498047,10000.0,10.142858052380838,True,True
15,0.8203452866815322,0.7859282091386606,3.1907870203758284,0.8203452866815322,0.0023597874963970544,5.855036735534668,3.5686416625976562,10000.0,6.895042518873186,True,True
16,0.8842378503238897,0.7957591732571835,2.5397973730631773,0.8842378503238897,-0.04675776373987725,7.323239803314209,4.140989780426025,10000.0,9.597620927309322,True,True
17,0.7895063745312754,0.7895063745312754,3.5073391700357277,0.7895063745312754,0.04235634408611953,6.095063209533691,3.860046863555908,10000.0,8.216723866703177,True,True
18,1.0,0.8105557370781479,3.1568352918140272,1.1256444840602224,-0.039358755196875914,9.363776206970215,4.159295558929443,10000.0,16.293564835774475,True,True
19,1.0,0.829500163370333,4.703173520482951,1.22417393765241,0.029332083862949894,8.481559753417969,3.4641971588134766,10000.0,15.102258699425022,True,True
20,0.8644727206348184,0.8329974190967816,2.95241349137674,0.8644727206348184,0.0128390637503465,6.718067646026611,3.8856446743011475,10000.0,9.305666685023624,True,True
21,0.6023463931838181,0.6023463931838181,1.3471433715160102,0.6023463931838181,-0.06876841557488739,5.023201942443848,4.1696953773498535,10000.0,4.178910042072463,True,True
22,1.0,0.6421117538654363,3.58829494165373,1.0580326196495313,0.025466353936444457,7.41627311706543,3.504746913909912,10000.0,11.425251567965674,True,True
23,1.0,0.6779005784788926,2.7849121374968857,1.3335553334702142,-0.07262459229353466,9.950793266296387,3.730926275253296,10000.0,17.97587664455105,True,True
24,0.5963392203025205,0.5963392203025205,1.3061786638635153,0.5963392203025205,-0.05612163081473049,4.416656970977783,3.703141450881958,10000.0,3.3539933959130064,True,True
25,1.0,0.6367052982722684,2.8157263111623982,1.1480260271304714,-0.024866246115698737,9.270047187805176,4.0373854637146,10000.0,16.59419699233345,True,True
26,0.7599447654437469,0.6490292449894162,1.5874808291346776,0.7599447654437469,-0.05519030877558323,6.29263162612915,4.140190124511719,10000.0,6.986231911628394,True,True
27,0.8163796800737136,0.6657642884978459,1.79435562162901,0.8163796800737136,-0.03747409182912035,6.213807582855225,3.8057093620300293,10000.0,7.13229041732145,True,True
28,0.9735133630770234,0.6965391959557636,2.2784578223425904,0.9735133630770234,-0.016806278003694365,7.742696285247803,3.9766769409179688,10000.0,11.629431927245626,True,True
29,0.8412101589805407,0.7110062922582414,1.739147970202543,0.8412101589805407,-0.03960667726746646,6.379652500152588,3.7919492721557617,10000.0,7.458751234995667,True,True
30,1.0,0.7399056630324172,3.7478923549063676,1.2685947846001897,0.051310805537704035,10.282015800476074,4.052521705627441,10000.0,22.725905388189958,True,True
31,1.0,0.7659150967291755,2.4793258597578536,1.057575743135397,0.0028161267862328934,7.831073760986328,3.7023701667785645,10000.0,12.327679809684241,True,True
32,0.7589405103882831,0.7589405103882831,1.5097037880884234,0.7589405103882831,-0.030277736666412106,4.995217800140381,3.2909152507781982,10000.0,4.612692090560511,True,True
33,0.910657741637743,0.7741122335132291,1.9126539845175512,0.910657741637743,-0.010700067460298333,6.043564796447754,3.318241596221924,10000.0,7.138826675427161,True,True
34,0.8723410698272279,0.7839351171446289,1.3530965749818458,0.8723410698272279,-0.07993458453661569,6.717109680175781,3.8500478267669678,10000.0,7.403358869229507,True,True
35,0.8726729094983593,0.792808896380002,1.8324740702227411,0.8726729094983593,0.0023342629124135806,6.142938137054443,3.51961088180542,10000.0,7.587149682247549,True,True
36,1.0,0.8135280067420018,3.0373442905388344,1.478649795025017,0.00352259826386079,11.809730529785156,3.9934170246124268,10000.0,28.029098353143922,True,True
37,1.0,0.8321752060678016,1.9687892292874616,1.0835661336677833,-0.020560591821609783,7.157114505767822,3.3025739192962646,10000.0,9.840429907482232,True,True
38,1.0,0.8489576854610215,1.9786707264873649,1.2231485740176258,-0.04344821325750056,9.359749794006348,3.8260886669158936,10000.0,16.200061053175133,True,True
39,1.0,0.8640619169149193,1.9703157443905848,1.0626027355851557,-0.00205029157843268,7.442337512969971,3.5019378662109375,10000.0,11.031505573607042,True,True
40,0.8549306952601429,0.8549306952601429,1.5214826949247071,0.8549306952601429,-0.005676615140564633,7.398837089538574,4.327156066894531,10000.0,10.79318117944323,True,True
41,1.0,0.8694376257341285,2.775736232940611,1.1004884887023916,0.09234919885167141,7.426002025604248,3.3739571571350098,10000.0,13.040814992663918,True,True
42,1.0,0.8824938631607157,1.5714282110422322,1.055873605030002,-0.037848229097077454,8.318964004516602,3.9393749237060547,10000.0,12.746436516722433,True,True
43,0.7194293975810196,0.7194293975810196,1.659815920593118,0.7194293975810196,0.08347717636242735,7.503723621368408,5.215052127838135,10000.0,13.611301081572677,True,True
44,0.9637827092580805,0.7438647287487257,2.348475791651363,0.9637827092580805,0.10625075232474576,7.2809576988220215,3.7772817611694336,10000.0,12.776140295985222,True,True
45,1.0,0.7694782558738531,2.328768462175212,1.1713958404708986,0.058746596413204934,8.128954887390137,3.4697728157043457,10000.0,14.490995107364014,True,True
46,0.6953715832477452,0.6953715832477452,1.0499380150692352,0.6953715832477452,-0.005448483708492421,4.900121688842773,3.523383617401123,10000.0,4.736826217336258,True,True
47,1.0,0.7258344249229707,1.7232234353205909,1.2700706892709204,-0.02565864221419517,8.989164352416992,3.538844108581543,10000.0,15.568564766453292,True,True
48,0.5841465819733982,0.5841465819733982,0.6912353477880822,0.5841465819733982,-0.05368295069536674,5.962977886199951,5.104008197784424,10000.0,6.157015889687088,True,True
49,1.0,0.6257319237760584,1.4755694576899034,1.0930840640802768,-0.011669598996484794,7.373355388641357,3.372730255126953,10000.0,10.691684317121087,True,True
50,0.7860867832055978,0.6417674097190122,0.8556249688640324,0.7860867832055978,-0.05953859680594094,5.837480545043945,3.7130000591278076,10000.0,5.987052165288496,True,True
51,1.0,0.677590668747111,1.2868598472517399,1.1290790819512755,-0.03924879109377446,9.250426292419434,4.096447467803955,10000.0,16.106304041226394,True,True
52,0.7224953206690369,0.6820811339393036,1.1077659394232975,0.7224953206690369,0.04469286341889123,5.412308692932129,3.7455666065216064,10000.0,6.476596907857626,True,True
53,0.9015422260624587,0.7040272431516191,0.9508296742165351,0.9015422260624587,-0.04213175816269257,7.696725368499756,4.268643856048584,10000.0,10.873386846966682,True,True
54,0.8644039965422996,0.7200649184906871,0.9047105414676757,0.8644039965422996,-0.03522706924877858,6.390892505645752,3.696704626083374,10000.0,7.569428792350685,True,True
55,0.7236924479773046,0.7204276714393488,0.837581402297815,0.7236924479773046,-0.0012429208857911692,6.073240280151367,4.196009159088135,10000.0,7.354030807231521,True,True
56,1.0,0.7483849042954139,1.0310405931650062,1.281323278148986,-0.08308812300939518,10.746452331542969,4.193497657775879,10000.0,20.295006508357588,True,True
57,1.0,0.7735464138658725,1.584730792427439,1.4576431469656805,0.0013976088508593579,9.1726713180542,3.146404981613159,10000.0,16.85878182466449,True,True
58,1.0,0.7961917724792853,1.0575209062724265,1.0132057135758037,0.0009433362066664722,7.377229690551758,3.6405389308929443,10000.0,10.904875312718865,True,True
59,1.0,0.8165725952313567,1.1781647765126513,1.011338068989929,0.0364965846273856,7.089847564697266,3.5051817893981934,10000.0,10.79380605099098,True,True
60,0.6764913256546898,0.6764913256546898,0.6764913256546898,0.9037861036571696,-0.057075291222158764,6.4723663330078125,3.580695867538452,10000.0,7.483474452617116,True,True
61,1.0,0.7088421930892208,1.316339247566001,1.2409219927538517,0.03383513248427988,8.727943420410156,3.5167171955108643,10000.0,15.971550105147145,True,True
62,0.5828631214166137,0.5828631214166137,0.5828631214166137,0.9062924080651282,-0.067865677563583,7.879703998565674,4.347219467163086,10000.0,11.062950324053261,True,True
63,0.8832227448547951,0.6128990837604318,0.8832227448547951,1.2840251323647829,-0.03973803976653373,10.009407043457031,3.89766788482666,10000.0,19.087459946143056,True,True
64,0.8545837808991873,0.6370675534743073,0.8545837808991873,0.9483133907270488,0.029515245047620688,7.960379600524902,4.19712495803833,10000.0,13.30175706508875,True,True
65,0.953557076448827,0.6687165057717592,0.953557076448827,1.3159753591940162,-0.0031708790082276552,9.692001342773438,3.6824402809143066,10000.0,18.711299788570173,True,True
66,0.8044410168110554,0.6822889568756888,0.8044410168110554,1.1545589973444135,0.0022586796599366643,9.459260940551758,4.096482276916504,10000.0,17.95523958527518,True,True
67,0.7030848676842933,0.6843685479565493,0.7030848676842933,1.0943800230239746,0.000971893727884018,8.910110473632812,4.07084846496582,10000.0,15.902139259563725,True,True
68,0.44850526856849754,0.44850526856849754,0.44850526856849754,0.7167609426565883,0.010965877722550884,4.807986736297607,3.3539681434631348,10000.0,4.702658239487079,True,True
69,0.35030227586540025,0.35030227586540025,0.35030227586540025,0.9797957133582951,-0.06447388959602637,6.752634048461914,3.445939779281616,10000.0,8.59407095741335,True,True
70,0.2827810454298166,0.2827810454298166,0.2827810454298166,0.7787372134295887,-0.037904938585118605,6.725170612335205,4.317997455596924,10000.0,8.734317883525847,True,True
71,0.16347399839115562,0.16347399839115562,0.16347399839115562,0.6868629110610978,-0.07002448737953733,4.8566508293151855,3.535385847091675,10000.0,4.520861783683337,True,True
72,0.23064113730402572,0.17019071228244262,0.23064113730402572,1.077288552523149,-0.045157671373529336,7.507755279541016,3.484560966491699,10000.0,11.072217917542133,True,True
73,0.058354436916787024,0.058354436916787024,0.058354436916787024,0.8704191793903476,-0.11302634984861712,6.813204765319824,3.9137492179870605,10000.0,9.108079301036582,True,True
74,0.0,0.0,0.0,0.6538727914631469,0.03401546709924512,5.32393217086792,4.071076393127441,10000.0,5.6688507520004805,True,False
75,0.0,0.0,0.0,1.0835593659239346,-0.04583389596888327,7.989119529724121,3.686516761779785,10000.0,12.765206172043868,True,False
76,0.0,0.0,0.0,0.790245124897084,-0.010367989006346577,6.375436782836914,4.033834934234619,10000.0,8.12923883438998,True,False
77,0.0,0.0,0.0,1.435727162592968,0.03740187735414051,9.568304061889648,3.3322153091430664,10000.0,18.310488524154792,True,False
78,0.0,0.0,0.0,0.6204382146514595,-0.0121317416705547,4.888012409210205,3.9391613006591797,10000.0,4.778533062518591,True,False
79,0.0,0.0,0.0,0.8048577043837869,-0.04706578651825508,6.153954982757568,3.8230080604553223,10000.0,7.574232385961338,True,False
80,0.0,0.0,0.0,0.7572207818520503,0.033895369966276914,5.9629645347595215,3.937401533126831,10000.0,7.111389208559967,True,False
81,0.0,0.0,0.0,1.3684263620541472,-0.011562578945205461,9.495474815368652,3.469486951828003,10000.0,18.032808393860066,True,False
82,0.0,0.0,0.0,0.8802797103689689,0.04939883284043015,5.970884799957275,3.391470193862915,10000.0,7.130293058872166,True,False
83,0.0,0.0,0.0,0.7420520274589222,0.027157812097849912,5.422670364379883,3.653834342956543,10000.0,5.881070776144767,True,False
84,0.0,0.0,0.0,0.7257861594526194,0.04996708570957809,5.669671058654785,3.9058825969696045,10000.0,6.429033982669534,True,False
85,0.0,0.0,0.0,0.6925765155537773,0.008368382330861266,5.011665344238281,3.618131160736084,10000.0,5.023357904527799,True,False
86,0.0,0.0,0.0,0.7256981176704665,-0.03647903171293178,5.415862083435059,3.7314841747283936,10000.0,5.866312421357904,True,False
87,0.0,0.0,0.0,0.8743643794527581,0.016886544422547615,6.594172477722168,3.7708377838134766,10000.0,8.696622133189699,True,False
88,0.0,0.0,0.0,0.890602730258982,0.024901484800951383,6.7139482498168945,3.7693283557891846,10000.0,9.015420220243868,True,False
89,0.0,0.0,0.0,1.0113530761363707,0.00493138746796659,6.91746711730957,3.4199070930480957,10000.0,9.570270263811835,True,False
90,0.0,0.0,0.0,0.8561554988835425,-0.026384165192780404,7.2971625328063965,4.261587142944336,10000.0,10.64971620603869,True,False
91,0.0,0.0,0.0,0.6928838202204947,0.0487528702548636,5.219911098480225,3.766801118850708,10000.0,5.449494375207404,True,False
92,0.0,0.0,0.0,0.9676387124366188,0.022996372560138555,7.413984775543213,3.830967426300049,10000.0,10.993434050397305,True,False
93,0.0,0.0,0.0,0.7133756713807139,-0.00829350674343868,5.711869716644287,4.003409385681152,10000.0,6.525091131983615,True,False
94,0.0,0.0,0.0,0.7040425441979901,-0.060918191315634626,6.35378360748291,4.512357711791992,10000.0,8.074113226143709,True,False
95,0.0,0.0,0.0,0.7143894264049703,0.009056628569678605,5.541032314300537,3.878159523010254,10000.0,6.1406078216245525,True,False
96,0.0,0.0,0.0,1.1452643347089668,-0.016954039023467333,7.757995128631592,3.386988878250122,10000.0,12.037297683174302,True,False
97,0.0,0.0,0.0,0.6669266458865818,-0.040865800179848304,6.969171524047852,5.224841117858887,10000.0,9.713870346319887,True,False
98,0.0,0.0,0.0,0.8771385402160344,0.03476393139578382,6.688218593597412,3.81252121925354,10000.0,8.946453591148426,True,False
99,0.0,0.0,0.0,0.6152703237596542,-0.05340265074053677,4.318244457244873,3.509225368499756,10000.0,3.7294470385052136,True,False
100,0.0,0.0,0.0,0.8271764669966648,0.08508910803500684,6.0336737632751465,3.6471502780914307,10000.0,7.281043816326971,True,False
101,0.0,0.0,0.0,1.2137922398032532,0.05704348906800377,10.491486549377441,4.321780204772949,10000.0,22.014258003153543,True,False
102,0.0,0.0,0.0,0.9797004293709267,0.0010407234946940088,8.21878719329834,4.194540977478027,10000.0,13.509692585744958,True,False
103,0.0,0.0,0.0,1.087768736089825,0.013699717931565636,8.735746383666992,4.015442848205566,10000.0,15.262652975950182,True,False
104,0.0,0.0,0.0,0.8503359905785669,0.04400949504065335,6.335071086883545,3.7250399589538574,10000.0,8.026625135173568,True,False
105,0.0,0.0,0.0,0.6842111666807715,-0.047259906781036906,5.443460941314697,3.977910041809082,10000.0,5.926253403923738,True,False
106,0.0,0.0,0.0,0.6503955978252252,-0.0036998964415573786,4.752325057983398,3.6534111499786377,10000.0,4.5169186913473816,True,False
107,0.0,0.0,0.0,0.7329979423570854,0.0023627917309282914,5.512445449829102,3.7602052688598633,10000.0,6.07741096746831,True,False
108,0.0,0.0,0.0,0.7424370478915235,-0.031266890593958784,5.235589981079102,3.5259487628936768,10000.0,5.482280489995173,True,False
109,0.0,0.0,0.0,0.8918312145901437,0.007209517284343248,7.2595038414001465,4.069998741149902,10000.0,10.540079204660692,True,False
110,0.0,0.0,0.0,0.8121590519749428,-0.02627926600676806,5.60068941116333,3.4480249881744385,10000.0,6.273544376063409,True,False
111,0.0,0.0,0.0,0.6965491196487138,0.03261011997280286,5.248800754547119,3.7677175998687744,10000.0,5.509981872186881,True,False
112,0.0,0.0,0.0,0.8044718378631859,-0.04009292745926884,6.6619648933410645,4.140583038330078,10000.0,8.87635524802176,True,False
113,0.0,0.0,0.0,0.9315489765429398,0.047622163947009126,7.051746845245361,3.7849576473236084,10000.0,9.945426713885581,True,False
114,0.0,0.0,0.0,0.6987950674954463,-0.04290120229730663,5.8857011795043945,4.2113213539123535,10000.0,6.928295674883884,True,False
115,0.0,0.0,0.0,0.6284568641899912,-0.023466648409135326,4.994285583496094,3.9734513759613037,10000.0,4.988577697903381,True,False
116,0.0,0.0,0.0,0.7340551297926029,-0.030678096780652794,4.960211753845215,3.3786370754241943,10000.0,4.920740128596844,True,False
117,0.0,0.0,0.0,0.5833467030821506,-0.03877240908452897,4.471401691436768,3.8325421810150146,10000.0,3.998686617236716,True,False
118,0.0,0.0,0.0,0.8562709081362919,-0.04702652688855303,6.013638973236084,3.511528253555298,10000.0,7.2327707400847885,True,False
119,0.0,0.0,0.0,0.674358750889557,-0.0562382434600156,5.128533363342285,3.8025259971618652,10000.0,5.2603708917829834,True,False
120,0.0,0.0,0.0,0.832338096274495,-0.05561236158912213,6.088912010192871,3.6577155590057373,10000.0,7.414969893574195,True,False
121,0.0,0.0,0.0,0.7813124949592544,0.09009280134387528,5.432345867156982,3.4764232635498047,10000.0,5.9020763240835095,True,False
122,0.0,0.0,0.0,0.6593445271901369,0.007682118589586558,5.152248382568359,3.9070987701416016,10000.0,5.309132679135654,True,False
123,0.0,0.0,0.0,1.0036858591702429,-0.04694226333477446,7.606518745422363,3.789292573928833,10000.0,11.571825484892358,True,False
124,0.0,0.0,0.0,1.8490513482707958,-0.022568244213719103,12.895849227905273,3.4871528148651123,10000.0,33.26058546177299,True,False
125,0.0,0.0,0.0,0.9190143462400224,-0.0324051727467749,6.644151210784912,3.6148245334625244,10000.0,8.828949062354923,True,False
126,0.0,0.0,0.0,0.7077082422419256,0.04973592448295145,6.601991176605225,4.6643452644348145,10000.0,8.717257499194645,True,False
127,0.0,0.0,0.0,1.131259863373749,-0.050937128890138766,8.481033325195312,3.748490333557129,10000.0,14.385585252614689,True,False
128,0.0,0.0,0.0,0.6555833679664349,0.0077023195979557795,5.311939239501953,4.051307201385498,10000.0,5.643339696832115,True,False
129,0.0,0.0,0.0,0.8109595728017126,-0.08573981272902431,5.757515907287598,3.549816846847534,10000.0,6.629797884533943,True,False
130,0.0,0.0,0.0,0.7091177071030588,-0.07149011468970658,5.7539753913879395,4.0571370124816895,10000.0,6.621646560939595,True,False
131,0.0,0.0,0.0,0.7692086164049634,0.018592487409764765,5.565743446350098,3.617837429046631,10000.0,6.1955000221178125,True,False
132,0.0,0.0,0.0,0.5481577409912742,0.09140277505915054,4.264552593231201,3.889895439147949,10000.0,3.6372817640869926,True,False
133,0.0,0.0,0.0,0.8434243934488646,-0.0028330892399021732,5.898427963256836,3.4967141151428223,10000.0,6.958290487546037,True,False
134,0.0,0.0,0.0,0.6869312906598948,-0.025182832215827202,5.0291829109191895,3.6606156826019287,10000.0,5.0585361502963195,True,False
135,0.0,0.0,0.0,0.8560006358568711,-0.021788220308290848,6.044373035430908,3.5305891036987305,10000.0,7.306889078288847,True,False
136,0.0,0.0,0.0,0.873681397732196,-0.05984400901311938,7.0983805656433105,4.0623393058776855,10000.0,10.077401330940525,True,False
137,0.0,0.0,0.0,0.825588507754293,0.010713325582027065,6.4173760414123535,3.8865463733673096,10000.0,8.236543051378654,True,False
138,0.0,0.0,0.0,0.6311366288543944,-0.011035968515632507,5.29297399520874,4.193207740783691,10000.0,5.603114742791192,True,False
139,0.0,0.0,0.0,0.5753433979588772,0.024326555012927967,5.390066623687744,4.6842169761657715,10000.0,5.810563641558517,True,False
140,0.0,0.0,0.0,0.609197432583024,-0.018604835002123853,4.8761467933654785,4.0021071434021,10000.0,4.755361510089688,True,False
141,0.0,0.0,0.0,0.5433262133039946,-0.028937496026385547,4.562230587005615,4.198426723480225,10000.0,4.162789585801921,True,False
142,0.0,0.0,0.0,0.734864343190987,-0.06978065016669693,5.5856757164001465,3.800480842590332,10000.0,6.239954641756455,True,False
143,0.0,0.0,0.0,0.7068999737431334,-0.0259928359493627,5.54329252243042,3.920846462249756,10000.0,6.145618397846601,True,False
144,0.0,0.0,0.0,0.6486634102250785,0.03513382052151685,4.7881598472595215,3.690789222717285,10000.0,4.5852949445816655,True,False
145,0.0,0.0,0.0,0.7964524549074665,-0.043968857291750076,5.215339183807373,3.2741057872772217,10000.0,5.439952560431308,True,False
146,0.0,0.0,0.0,1.1348184666353207,0.04193152520574558,10.307121276855469,4.541308403015137,10000.0,21.24734980316134,True,False
147,0.0,0.0,0.0,0.8750354340364225,0.011175228653404078,7.074062347412109,4.0421576499938965,10000.0,10.008471619014742,True,False
148,0.0,0.0,0.0,0.9817895475548462,-0.09722474490462875,8.049267768859863,4.099283695220947,10000.0,12.958142322961244,True,False
149,0.0,0.0,0.0,0.657455730194852,0.05596854581028239,5.472417831420898,4.1618146896362305,10000.0,5.989471384330681,True,False
150,0.0,0.0,0.0,0.6679185946866104,-0.0399981129499551,4.828141212463379,3.614318609237671,10000.0,4.66218951349747,True,False
151,0.0,0.0,0.0,0.609401653993355,-0.022388249343108627,4.858943939208984,3.9866514205932617,10000.0,4.721867240875145,True,False
152,0.0,0.0,0.0,0.8026200102552112,0.01292077796403693,5.129934310913086,3.1957428455352783,10000.0,5.263245206856663,True,False
153,0.0,0.0,0.0,0.7158137784540572,-0.028641464007221607,5.266056537628174,3.678370475769043,10000.0,5.546270291499283,True,False
154,0.0,0.0,0.0,0.7347924261025784,0.01579178717143711,6.893930435180664,4.691073417663574,10000.0,9.505255369022052,True,False
155,0.0,0.0,0.0,0.9007738880822458,-0.0640577393682823,7.1686787605285645,3.979177713394165,10000.0,10.277991034330668,True,False
156,0.0,0.0,0.0,0.7292928640953417,-0.0760998453119091,5.387723922729492,3.6937999725341797,10000.0,5.805513813510331,True,False
157,0.0,0.0,0.0,0.7060115210683822,0.08391059388593537,5.468810558319092,3.8730320930480957,10000.0,5.981577784556475,True,False
158,0.0,0.0,0.0,1.0721306857697162,-0.058928076251677314,7.611837387084961,3.5498645305633545,10000.0,11.588013681484881,True,False
159,0.0,0.0,0.0,0.6956492066423997,-0.062458716528307284,4.554230213165283,3.273366928100586,10000.0,4.1482025669014995,True,False
160,0.0,0.0,0.0,0.7526898514507844,-0.06425266690855974,6.1011481285095215,4.052896499633789,10000.0,7.444801697203047,True,False
161,0.0,0.0,0.0,0.8995566943317068,-0.032627494027842416,7.5250163078308105,4.182624816894531,10000.0,11.325174086623925,True,False
162,0.0,0.0,0.0,0.799254192896513,-0.08560245845321669,5.985243320465088,3.744267702102661,10000.0,7.16462752103439,True,False
163,0.0,0.0,0.0,0.9766809183706471,0.011248566249206544,7.689578533172607,3.936586856842041,10000.0,11.825923603565798,True,False
164,0.0,0.0,0.0,0.7147553200307865,-0.026322884645287054,5.7726054191589355,4.038168907165527,10000.0,6.664594665060619,True,False
165,0.0,0.0,0.0,0.739424745654677,-0.06974573490595123,5.87120246887207,3.9701149463653564,10000.0,6.894203686097896,True,False
166,0.0,0.0,0.0,0.7372694786425106,-0.02456464430608277,5.458472728729248,3.7018165588378906,10000.0,5.958984906056184,True,False
167,0.0,0.0,0.0,0.8619179723451077,0.0136382738390893,6.063452243804932,3.517418384552002,10000.0,7.353090622580609,True,False
168,0.0,0.0,0.0,0.7960206032620556,-0.008628213780019496,5.750455856323242,3.612001895904541,10000.0,6.6135485111044545,True,False
169,0.0,0.0,0.0,0.7417986807725337,0.017701964146554717,5.8075761795043945,3.914523124694824,10000.0,6.745588216149372,True,False
170,0.0,0.0,0.0,1.0758932020450673,0.03681839529870736,7.4505462646484375,3.462493419647217,10000.0,11.102127928333353,True,False
171,0.0,0.0,0.0,0.5930175854975213,-0.08222245028543604,5.300027370452881,4.468693256378174,10000.0,5.618058025509935,True,False
172,0.0,0.0,0.0,0.7440715522796543,-0.06808476753472117,5.485548973083496,3.6861703395843506,10000.0,6.01824950721948,True,False
173,0.0,0.0,0.0,0.5801686168143174,-0.06229320457311691,5.516091823577881,4.753869533538818,10000.0,6.0854538012285495,True,False
174,0.0,0.0,0.0,0.9469391202789271,-0.059353174092067015,6.911888599395752,3.649595022201538,10000.0,9.554840802091391,True,False
175,0.0,0.0,0.0,0.5913119405603409,-0.05582710625082497,5.387544631958008,4.555585861206055,10000.0,5.805127432267909,True,False
176,0.0,0.0,0.0,0.668320695306815,-0.00644416991743628,4.685968399047852,3.5057783126831055,10000.0,4.391659967375016,True,False
177,0.0,0.0,0.0,0.7519706994706037,-0.03999333479559852,5.482044219970703,3.645118236541748,10000.0,6.010561765942839,True,False
178,0.0,0.0,0.0,0.6523516088851049,-0.02748344547788032,5.188097953796387,3.9764583110809326,10000.0,5.383272075637251,True,False
179,0.0,0.0,0.0,0.6689927685964251,0.0014820146457018085,4.762994289398193,3.5598249435424805,10000.0,4.5372229201679595,True,False
180,0.0,0.0,0.0,0.4642792211110881,-0.010597146009479731,3.6993207931518555,3.9839396476745605,10000.0,2.736994866129134,True,False
181,0.0,0.0,0.0,0.7145192272945178,-0.05679297497561442,5.176116943359375,3.6220977306365967,10000.0,5.358437322266397,True,False
182,0.0,0.0,0.0,0.9997689140344056,-0.007549454714850426,8.26431941986084,4.133114814758301,10000.0,13.659795094697799,True,False
183,0.0,0.0,0.0,1.0193049080180931,0.04068261525094021,7.385916709899902,3.623016357421875,10000.0,10.91035312911572,True,False
184,0.0,0.0,0.0,0.5410754493334391,0.0030435383487620983,4.577939510345459,4.23040771484375,10000.0,4.191506032076404,True,False
185,0.0,0.0,0.0,1.171410088976714,-0.014468637915792181,9.149415969848633,3.9053001403808594,10000.0,16.742362517864237,True,False
186,0.0,0.0,0.0,1.09041336438439,-0.04314289494795724,9.258416175842285,4.245369911193848,10000.0,17.143654017019614,True,False
187,0.0,0.0,0.0,0.7160603216402391,0.019261493910638756,5.147561073303223,3.594362735748291,10000.0,5.299477000677324,True,False
188,0.0,0.0,0.0,0.785166169549281,0.041815685202521415,5.243073463439941,3.3388304710388184,10000.0,5.49796386860562,True,False
189,0.0,0.0,0.0,0.8489464010808526,-0.0007960781450477336,5.76682710647583,3.396461248397827,10000.0,6.651258975196878,True,False
190,0.0,0.0,0.0,0.5923640868513246,0.00891007873881113,4.371984004974365,3.690284490585327,10000.0,3.822848827950338,True,False
191,0.0,0.0,0.0,1.0708565936311143,-0.029024960697038336,7.423914909362793,3.466344118118286,10000.0,11.022902516291829,True,False
192,0.0,0.0,0.0,0.9018966382255951,0.020815048400053264,8.397001266479492,4.655190467834473,10000.0,14.101926053851635,True,False
193,0.0,0.0,0.0,1.0209897985374814,-0.025478790325942975,10.143840789794922,4.967650413513184,10000.0,20.57950119374145,True,False
194,0.0,0.0,0.0,0.9521656633495775,0.04593260486293353,7.982574462890625,4.191799163818359,7574.858764195578,12.744299011118706,True,False
195,0.0,0.0,0.0,0.6570096415754976,0.0016076025246112892,7.915173053741455,6.023635387420654,10000.0,12.529992894134963,True,False
196,0.0,0.0,0.0,0.669430216857251,-0.1008141888697827,5.068713665008545,3.785841703414917,10000.0,5.13837164356887,True,False
197,0.0,0.0,0.0,0.46623923376969295,-0.017478399772801165,3.8478267192840576,4.126451015472412,10000.0,2.961154092327263,True,False
198,0.0,0.0,0.0,0.8786665579598986,-0.09037228023757113,7.004420280456543,3.9858238697052,10000.0,9.81238069305418,True,False
199,0.0,0.0,0.0,0.6360236243647357,-0.024191712083356184,4.920336723327637,3.8680455684661865,10000.0,4.841942694185306,True,False
200,0.0,0.0,0.0,0.9679690456154222,0.02089779786569246,8.224002838134766,4.248071193695068,10000.0,13.526844536329733,True,False
201,0.0,0.0,0.0,0.6737812871850175,-0.05435756770572521,6.050801753997803,4.490182399749756,10000.0,7.322440373236574,True,False
202,0.0,0.0,0.0,0.6392483910965998,0.013421917036912489,4.900153160095215,3.8327457904815674,10000.0,4.802300198478221,True,False
203,0.0,0.0,0.0,0.6939475446504503,-0.003026504407349149,5.3014421463012695,3.8197715282440186,10000.0,5.621057766115882,True,False
204,0.0,0.0,0.0,0.5606900996413617,0.0428802156813246,4.147183418273926,3.698284864425659,10000.0,3.4398260609612397,True,False
205,0.0,0.0,0.0,0.7117457062389204,-0.0071919257397129056,5.711682319641113,4.01244592666626,10000.0,6.524662984100175,True,False
206,0.0,0.0,0.0,0.7498516405055391,-0.03575254554394551,5.983607292175293,3.989860773086548,10000.0,7.1607112453946655,True,False
207,0.0,0.0,0.0,0.8960950818781748,-0.026784030137025946,5.774486064910889,3.222027540206909,10000.0,6.668937862770008,True,False
208,0.0,0.0,0.0,0.5898737802024147,-0.07390860235035022,5.588937282562256,4.737401008605957,10000.0,6.247243989682872,True,False
209,0.0,0.0,0.0,0.5896652952688073,0.02568255118012697,4.979025363922119,4.221908092498779,10000.0,4.9581387149159575,True,False
210,0.0,0.0,0.0,0.66443218658541,-0.02819858331861343,4.693140029907227,3.5316922664642334,10000.0,4.40511266806352,True,False
211,0.0,0.0,0.0,0.6587492992484254,-0.0712430685323056,5.721988677978516,4.343070030212402,10000.0,6.548230886182864,True,False
212,0.0,0.0,0.0,0.8101284736185542,-0.013593317217200583,5.948998928070068,3.6716392040252686,10000.0,7.0781176492357645,True,False
213,0.0,0.0,0.0,0.5008735536233724,-0.031156735682048076,4.094807147979736,4.087665557861328,10000.0,3.3534891158291877,True,False
214,0.0,0.0,0.0,0.809635789942508,-0.07377879291724296,6.892914772033691,4.256799697875977,10000.0,9.502454810904055,True,False
215,0.0,0.0,0.0,1.1358070128500528,-0.04068976595889931,8.68221664428711,3.822047472000122,10000.0,15.076177171667219,True,False
216,0.0,0.0,0.0,0.6082613811974537,-0.030493262964568727,4.991631507873535,4.103196144104004,10000.0,4.9832770220791645,True,False
217,0.0,0.0,0.0,0.5601845842160553,0.03573959273830898,5.280219554901123,4.712928295135498,10000.0,5.576143709592042,True,False
218,0.0,0.0,0.0,0.8477978863121491,-0.041355261574871086,6.623791694641113,3.906468629837036,10000.0,8.774923282799314,True,False
219,0.0,0.0,0.0,0.5713803248176278,-0.023611211578381502,4.719395637512207,4.129819869995117,10000.0,4.45453903667385,True,False
220,0.0,0.0,0.0,0.8848167968023319,0.03881336410173793,6.903738975524902,3.9012250900268555,10000.0,9.532322368436326,True,False
221,0.0,0.0,0.0,0.8140953950528949,0.005339456157734344,6.868487358093262,4.218478202819824,8633.530676110859,9.435223717657387,True,False
222,0.0,0.0,0.0,0.5486254585090007,-0.011319432134705239,5.309022426605225,4.838476181030273,9539.19695426157,5.637143825239445,True,False
223,0.0,0.0,0.0,0.7047824729269463,-0.07365077350118628,5.985888957977295,4.246621608734131,10000.0,7.166173323446898,True,False
224,0.0,0.0,0.0,0.7755456196857851,0.018305943883837952,6.81498908996582,4.393673896789551,10000.0,9.288815259270628,True,False
225,0.0,0.0,0.0,0.628329085587914,-0.08652486861301227,5.250319004058838,4.1780009269714355,10000.0,5.513169928876277,True,False
226,0.0,0.0,0.0,0.6924854745409035,-0.07804400652451958,5.481022834777832,3.9575002193450928,10000.0,6.008322263071204,True,False
227,0.0,0.0,0.0,1.187053005710915,0.008212684561137084,9.377065658569336,3.9497249126434326,10000.0,17.585872073024078,True,False
228,0.0,0.0,0.0,0.5225053294106623,0.005020428635751948,4.078703880310059,3.9030261039733887,10000.0,3.327165068651265,True,False
229,0.0,0.0,0.0,0.9516770277799451,0.03681958710886699,8.25882339477539,4.339089393615723,10000.0,13.641632773217857,True,False
230,0.0,0.0,0.0,0.6470044835158828,-0.07131773893619812,5.779033660888672,4.465991973876953,10000.0,6.679446010736864,True,False
231,0.0,0.0,0.0,0.5439512923965729,0.01763119632026468,4.347211837768555,3.9959568977355957,10000.0,3.77965015248701,True,False
232,0.0,0.0,0.0,0.8099936779658288,-0.05567343499223752,6.813145160675049,4.2056779861450195,10000.0,9.283789396085965,True,False
233,0.0,0.0,0.0,0.646648279022945,-0.018802668465620787,5.726567268371582,4.427884101867676,10000.0,6.558714535836952,True,False
234,0.0,0.0,0.0,0.7187743239521961,0.002789096557941447,5.827330589294434,4.0536580085754395,10000.0,6.791556359385321,True,False
235,0.0,0.0,0.0,0.8570389740153406,0.0030212947160195023,6.184123992919922,3.6078429222106934,10000.0,7.648677911961567,True,False
236,0.0,0.0,0.0,0.9886527619303309,0.0004695902466526214,9.215201377868652,4.660484313964844,10000.0,16.983987286934465,True,False
237,0.0,0.0,0.0,0.6445417897363035,-0.09180676003679174,4.320844650268555,3.3518731594085693,9371.99658216759,3.733939698350877,True,False
238,0.0,0.0,0.0,0.7833007018182483,0.023595514479322538,5.7809038162231445,3.6900923252105713,10000.0,6.68376978648466,True,False
239,0.0,0.0,0.0,0.6226172782769038,0.002314092025510739,5.245596408843994,4.212536811828613,10000.0,5.503256336895401,True,False
240,0.0,0.0,0.0,0.8411765797061344,0.007972007737946945,6.07601261138916,3.6116154193878174,10000.0,7.383585850752024,True,False
241,0.0,0.0,0.0,0.6663975404580484,-0.08699300319831896,5.491142272949219,4.120019912719727,10000.0,6.0305286923539825,True,False
242,0.0,0.0,0.0,0.6192020011452745,0.00567029752123746,4.7183637619018555,3.8100359439849854,10000.0,4.452591317925727,True,False
243,0.0,0.0,0.0,0.8870310173370867,-0.1115228361287178,6.02905797958374,3.3984482288360596,10000.0,7.2699080242364715,True,False
244,0.0,0.0,0.0,0.6296341565847483,-0.03904795492673147,6.1408491134643555,4.876521587371826,10000.0,7.542005566867189,True,False
245,0.0,0.0,0.0,1.013490977023062,-0.034763449840204394,6.862046718597412,3.3853516578674316,10000.0,9.417537033642702,True,False
246,0.0,0.0,0.0,0.6961161549592345,-0.0303750478377977,5.98305082321167,4.297451496124268,10000.0,7.1593794306267675,True,False
247,0.0,0.0,0.0,0.5279627576177334,0.04249869562058804,4.300064563751221,4.072318077087402,10000.0,3.698111050485794,True,False
248,0.0,0.0,0.0,0.7941564091577075,0.028376827995552398,6.352422714233398,3.999478340148926,10000.0,8.07065486806168,True,False
249,0.0,0.0,0.0,0.6192059100100007,-0.033137555629628494,5.022635459899902,4.055706977844238,10000.0,5.045373392608781,True,False
250,0.0,0.0,0.0,0.6489865605427272,-0.018460487833650147,5.74575138092041,4.426710605621338,10000.0,6.602731786269757,True,False
251,0.0,0.0,0.0,0.4990916123559738,-0.029595151859419445,4.004203796386719,4.011491775512695,10000.0,3.206729608599561,True,False
252,0.0,0.0,0.0,0.937307354120837,-0.05681925156782,8.044391632080078,4.291224002838135,10000.0,12.942447346055992,True,False
253,0.0,0.0,0.0,0.7924794142307526,-0.11289533676114755,6.119017124176025,3.8606789112091064,10000.0,7.488474113191884,True,False
254,0.0,0.0,0.0,0.6997371892459677,0.008089208746142256,5.089386940002441,3.63664174079895,10000.0,5.180371885013482,True,False
255,0.0,0.0,0.0,0.4543802371095304,-0.057631218645473964,4.475792407989502,4.925161838531494,10000.0,4.006543535883292,True,False
256,0.0,0.0,0.0,0.54783069173476,-0.034530772229793436,5.508665561676025,5.027708053588867,10000.0,6.069079254079085,True,False
257,0.0,0.0,0.0,0.7684573605495015,0.007360724184343768,5.902698516845703,3.8406155109405518,10000.0,6.96836995615449,True,False
258,0.0,0.0,0.0,0.6677326450625785,-0.003049099879061501,4.854549407958984,3.6350996494293213,10000.0,4.713329990862984,True,False
259,0.0,0.0,0.0,0.7085713576446072,0.002509634948958299,5.906971454620361,4.16822624206543,10000.0,6.978462353139957,True,False
260,0.0,0.0,0.0,0.8607721033062704,-0.04471995191472671,6.126883506774902,3.558946371078491,10000.0,7.507740301118062,True,False
261,0.0,0.0,0.0,1.22177996356436,-0.051560292579947695,10.30367660522461,4.216666221618652,10000.0,21.233150317010583,True,False
262,0.0,0.0,0.0,0.4488666806178809,-0.04837163863280136,4.410247325897217,4.912647247314453,10000.0,3.8900562951167093,True,False
263,0.0,0.0,0.0,1.2075501595883629,-0.011729683937282857,9.883926391601562,4.09255313873291,10000.0,19.538400182919574,True,False
264,0.0,0.0,0.0,0.892017926871821,-0.0013882373404053966,6.849547386169434,3.839355230331421,10000.0,9.3832598790761,True,False
265,0.0,0.0,0.0,0.5128722215767967,-0.04002812932127514,4.7279229164123535,4.609260082244873,10000.0,4.470651020707418,True,False
266,0.0,0.0,0.0,0.6465537211131867,0.02483377199477249,5.725513458251953,4.4277167320251465,10000.0,6.556300872124847,True,False
267,0.0,0.0,0.0,0.8101821409307041,-0.04926893118786408,6.120718479156494,3.777371883392334,9845.478518757445,7.492638940217557,True,False
268,0.0,0.0,0.0,0.6652119414601049,-0.03963357531329921,5.086443901062012,3.8231754302978516,10000.0,5.174382311730184,True,False
269,0.0,0.0,0.0,0.6461732589710295,-0.06222724783033811,6.229377269744873,4.820206642150879,10000.0,7.761028233762815,True,False
270,0.0,0.0,0.0,0.6912155848554477,0.019018793130153876,5.706490993499756,4.127866268157959,10000.0,6.512807891778763,True,False
271,0.0,0.0,0.0,0.8564261604506848,-0.04376228067695733,6.853914260864258,4.001462459564209,10000.0,9.395228139055689,True,False
272,0.0,0.0,0.0,0.5945212663810401,-0.11380709440869131,6.421597480773926,5.400645732879639,10000.0,8.247382841016403,True,False
273,0.0,0.0,0.0,0.5143262347668766,-0.05926861624327734,4.337561130523682,4.21674108505249,10000.0,3.762887312205976,True,False
274,0.0,0.0,0.0,1.0194466858613167,0.007166030233920886,10.161856651306152,4.984005928039551,10000.0,20.652666120339006,True,False
275,0.0,0.0,0.0,0.8308918318656389,-0.001857821997824791,6.051182746887207,3.641378164291382,10000.0,7.323362527245081,True,False
276,0.0,0.0,0.0,0.5464636314280535,0.048267258194399136,6.0522284507751465,5.537631511688232,10000.0,7.325893844074425,True,False
277,0.0,0.0,0.0,1.3840293202307887,0.018289002281786735,11.9248628616333,4.308023929595947,10000.0,28.44047085375223,True,False
278,0.0,0.0,0.0,0.6261612934724214,-0.032269041045612616,5.094258785247803,4.0678486824035645,10000.0,5.190294514214884,True,False
279,0.0,0.0,0.0,0.5555311525070948,-0.029582385028429175,4.533819675445557,4.0806169509887695,10000.0,4.111104169891451,True,False
280,0.0,0.0,0.0,0.6839476562512224,-0.07469662208445305,5.210629940032959,3.8092315196990967,10000.0,5.430132874393575,True,False
281,0.0,0.0,0.0,0.6370000137154256,-0.010738680909226528,5.403685569763184,4.241511344909668,10000.0,5.839963547373372,True,False
282,0.0,0.0,0.0,0.8351079079738075,0.0042401274722931115,6.61973237991333,3.9633994102478027,10000.0,8.7641713563346,True,False
283,0.0,0.0,0.0,0.7945404333227224,0.027412865471451386,7.374366283416748,4.64064884185791,8615.495007486868,10.876255616398744,True,False
284,0.0,0.0,0.0,0.6608386033905511,-0.036562627967759165,6.391968727111816,4.8362555503845215,8975.405673392406,8.171452841675091,True,False
285,0.0,0.0,0.0,0.8169576316608317,-0.03291492714162661,5.978034973144531,3.6587178707122803,10000.0,7.147380428027827,True,False
286,0.0,0.0,0.0,0.5533634559682199,-0.08903536532045911,5.254281997680664,4.747586727142334,10000.0,5.521495862230221,True,False
287,0.0,0.0,0.0,0.6625864188488673,0.009470162492776593,5.663939952850342,4.27411413192749,10000.0,6.416043157898866,True,False
288,0.0,0.0,0.0,1.0249209146957958,0.01027073441745429,8.929919242858887,4.356394290924072,10000.0,15.948691536796282,True,False
289,0.0,0.0,0.0,0.6989408047846103,-0.049441791947113005,5.783860206604004,4.137589454650879,10000.0,6.690607777907459,True,False
290,0.0,0.0,0.0,0.789074073705443,0.044045651953647964,6.237580299377441,3.952468156814575,9369.92466298264,7.7814815982363115,True,False
291,0.0,0.0,0.0,0.6399551874884756,-0.03439738456124473,5.156759262084961,4.029000282287598,10000.0,5.3184332174198055,True,False
292,0.0,0.0,0.0,0.8979453816437315,0.05914008843132499,6.981966018676758,3.8877453804016113,10000.0,9.749569897191392,True,False
293,0.0,0.0,0.0,0.6107759727698169,-0.04317322154056796,7.380072593688965,6.0415544509887695,10000.0,10.89309429762379,True,False
294,0.0,0.0,0.0,0.5044070471380422,-0.020109065593810777,4.883208274841309,4.840543270111084,10000.0,4.769144611095726,True,False
295,0.0,0.0,0.0,0.690355052982912,0.01250340376236305,4.9593095779418945,3.5918543338775635,10000.0,4.91895029797324,True,False
296,0.0,0.0,0.0,1.3684699564835878,0.017234849619750185,11.310879707336426,4.132673740386963,10000.0,25.587199950766987,True,False
297,0.0,0.0,0.0,1.0890842636699594,-0.02120466332009981,10.65263557434082,4.890638828277588,10000.0,22.695728935942313,True,False
298,0.0,0.0,0.0,0.6978989741008667,-0.07403011336507737,6.7560529708862305,4.840280055999756,10000.0,9.128850349084132,True,False
299,0.0,0.0,0.0,0.7458825111465164,-0.005332488017703843,5.823951721191406,3.9040677547454834,8152.982005818137,6.783682730153668,True,False
300,0.0,0.0,0.0,0.6026802950822692,-0.012476061376746115,5.554107666015625,4.607839107513428,10000.0,6.169622393138706,True,False
301,0.0,0.0,0.0,0.6923204501352928,-0.06691370784324387,5.865935802459717,4.236431121826172,10000.0,6.8818405677157415,True,False
302,0.0,0.0,0.0,0.4957327316785977,-0.044611432534489674,4.426973342895508,4.465080738067627,10000.0,3.9196185957414844,True,False
303,0.0,0.0,0.0,0.792132844629514,-0.03945870257910497,7.042649745941162,4.445371627807617,10000.0,9.919783088801019,True,False
304,0.0,0.0,0.0,0.6731479115679285,0.05059324190336627,5.610442638397217,4.167317867279053,10000.0,6.295413319749102,True,False
305,0.0,0.0,0.0,0.4643438134359664,-0.02985867376374793,4.718573570251465,5.080904960632324,10000.0,4.452987307575132,True,False
306,0.0,0.0,0.0,0.6833178897016252,-0.013071294056160141,6.084693431854248,4.452315330505371,10000.0,7.404698831930045,True,False
307,0.0,0.0,0.0,0.4200863713786524,-0.10328848557359142,4.603433132171631,5.479150772094727,9215.958796486484,4.238319320475103,True,False
308,0.0,0.0,0.0,0.9352908440937697,-0.10982799673588756,7.882554054260254,4.213958740234375,10000.0,12.42693168366695,True,False
309,0.0,0.0,0.0,0.5940573285001325,0.01166464190641462,4.923616886138916,4.144058704376221,10000.0,4.848400648294454,True,False
310,0.0,0.0,0.0,0.6513629102500292,-0.05529188215822933,6.789535999298096,5.2117919921875,10000.0,9.219559817152955,True,False
311,0.0,0.0,0.0,1.1705423151777223,-0.013459406479245008,10.341742515563965,4.4175004959106445,10000.0,21.390327651644654,True,False
312,0.0,0.0,0.0,1.186224891828377,-0.052243675058031604,9.11281681060791,3.841099977493286,10000.0,16.608686044739628,True,False
313,0.0,0.0,0.0,1.0041184375375314,0.04234223697915361,7.969364166259766,3.96833872795105,10000.0,12.702153042893038,True,False
314,0.0,0.0,0.0,0.9316736432267061,0.07922519199987423,7.813559532165527,4.193292140960693,10000.0,12.21034251253895,True,False
315,0.0,0.0,0.0,0.504092973920262,-0.034139264752133504,4.961889266967773,4.921601295471191,10000.0,4.924069019529995,True,False
316,0.0,0.0,0.0,0.673680056261079,-0.03855855522612292,5.480429172515869,4.067531108856201,10000.0,6.007020782992594,True,False
317,0.0,0.0,0.0,1.0064569034577389,-0.04153007108972321,9.274848937988281,4.607673168182373,10000.0,17.204564564500473,True,False
318,0.0,0.0,0.0,0.7997940499088161,0.05443050640215658,6.669322967529297,4.169400215148926,10000.0,8.895973769042754,True,False
319,0.0,0.0,0.0,0.532326590980928,-0.066156525504668,5.533061504364014,5.197055339813232,10000.0,6.12295392221499,True,False
320,0.0,0.0,0.0,0.5635772335053147,-0.08306360269348018,4.780137062072754,4.240889072418213,10000.0,4.5699420664403085,True,False
321,0.0,0.0,0.0,1.054235248485429,-0.05601449807232467,10.414946556091309,4.939574241638184,10000.0,21.69422235324764,True,False
322,0.0,0.0,0.0,0.5732734054396462,-0.07744598705952144,5.095564842224121,4.444271087646484,10000.0,5.192956212262104,True,False
323,0.0,0.0,0.0,0.6236568414753896,-0.06742626998649336,5.047327041625977,4.046557903289795,10000.0,5.095102053025766,True,False
324,0.0,0.0,0.0,0.7391107809054551,-0.01950482832204454,7.699892044067383,5.208889007568359,10000.0,11.857667498058433,True,False
325,0.0,0.0,0.0,1.191923818646841,-0.09499037747541841,11.686060905456543,4.90218448638916,10000.0,27.312803897207957,True,False
326,0.0,0.0,0.0,0.8331101412268911,0.02346593730859395,7.063205242156982,4.239058494567871,10000.0,9.977773658566775,True,False
327,0.0,0.0,0.0,0.6714442639401488,-0.052441166771704927,5.885303974151611,4.382570743560791,10000.0,6.927360573632949,True,False
328,0.0,0.0,0.0,0.5846551972765917,-0.014718701320446913,5.679939270019531,4.8575119972229,10000.0,6.452342022221998,True,False
329,0.0,0.0,0.0,0.7998915432240367,0.08053951231297227,6.4181132316589355,4.01186466217041,10000.0,8.238435490879098,True,False
330,0.0,0.0,0.0,0.9975468177160755,0.033436037622362025,9.162073135375977,4.592302322387695,10000.0,16.788716827595636,True,False
331,0.0,0.0,0.0,0.707795681207969,-0.15074910677316014,5.643289089202881,3.9865241050720215,10000.0,6.369342348863256,True,False
332,0.0,0.0,0.0,0.6713589052834644,0.010332736218800325,4.949146270751953,3.6859169006347656,10000.0,4.898809761859592,True,False
333,0.0,0.0,0.0,0.45925082088281965,-0.03824229930316642,5.10493278503418,5.557891845703125,10000.0,5.212067747943365,True,False
334,0.0,0.0,0.0,0.7282747247339714,-0.0736789597176524,6.4360456466674805,4.418693542480469,10000.0,8.284536713197483,True,False
335,0.0,0.0,0.0,0.5988561883441538,-0.06428482361971076,5.157946586608887,4.3064985275268555,10000.0,5.320882598062052,True,False
336,0.0,0.0,0.0,1.1541317040331924,-0.05924237264398264,9.366838455200195,4.057959079742432,10000.0,17.547532529163433,True,False
337,0.0,0.0,0.0,0.7434113015842813,-0.040605997192570416,6.915324687957764,4.651075839996338,10000.0,9.564343107975624,True,False
338,0.0,0.0,0.0,0.6094975992626962,-0.09620011022264664,5.580340385437012,4.57781982421875,8745.559814688375,6.228039763467859,True,False
339,0.0,0.0,0.0,0.5910158397388677,0.0037716307647146967,4.873224258422852,4.122752666473389,10000.0,4.74966293457619,True,False
340,0.0,0.0,0.0,0.7797954628987978,0.040575723656997756,7.152489185333252,4.586131572723389,10000.0,10.231620309261821,True,False
341,0.0,0.0,0.0,0.6318686105203822,-0.019313994824602342,5.05653190612793,4.0012526512146,10000.0,5.113702983537948,True,False
342,0.0,0.0,0.0,0.5119831830621625,-0.05228520441325094,5.912510871887207,5.774126052856445,10000.0,6.991556962036881,True,False
343,0.0,0.0,0.0,0.8621929339633324,0.031013730812156012,8.604501724243164,4.989893436431885,10000.0,14.807489984500712,True,False
344,0.0,0.0,0.0,0.5039036020712006,-0.051726072895602326,4.62007474899292,4.58428430557251,10000.0,4.269018137256399,True,False
345,0.0,0.0,0.0,1.06542471573833,-0.06202944579246328,9.018329620361328,4.232269763946533,10000.0,16.266053828297302,True,False
346,0.0,0.0,0.0,0.6587120136564143,-0.02195612418087191,6.152608394622803,4.670180797576904,10000.0,7.570918011516596,True,False
347,0.0,0.0,0.0,0.6058335003563157,-0.08806338695660994,5.188817501068115,4.282379150390625,10000.0,5.384765411878149,True,False
348,0.0,0.0,0.0,1.2467953749678218,-0.013115351041904443,10.133967399597168,4.0640058517456055,10000.0,20.539459051219637,True,False
349,0.0,0.0,0.0,1.1544913045672482,-0.11045446356343785,9.173782348632812,3.9730842113494873,10000.0,16.83165651601739,True,False
350,0.0,0.0,0.0,0.651806511297551,0.019393281726768737,5.769196510314941,4.425543785095215,10000.0,6.656725674926019,True,False
351,0.0,0.0,0.0,0.4309554693604008,-0.08385531594907099,4.496998310089111,5.217474460601807,10000.0,4.044598760188865,True,False
352,0.0,0.0,0.0,0.6599706558264016,-0.0513327917249159,5.311578750610352,4.024102210998535,10000.0,5.642573764787084,True,False
353,0.0,0.0,0.0,0.6409687004626662,0.006686381331463178,5.594892978668213,4.364404201507568,10000.0,6.260565488550171,True,False
354,0.0,0.0,0.0,0.6637871958928984,-0.053360247342758835,6.556909084320068,4.939014434814453,10000.0,8.598611348007807,True,False
355,0.0,0.0,0.0,0.669510829884674,-0.07164196725569545,6.592018127441406,4.92301082611084,10000.0,8.690940598503218,True,False
356,0.0,0.0,0.0,0.8142655149202973,0.0016441182945087346,7.2692084312438965,4.463659763336182,10000.0,10.56827824337347,True,False
357,0.0,0.0,0.0,0.5289702552660117,0.012029854911258684,5.287749767303467,4.998154163360596,10000.0,5.5920595203235735,True,False
358,0.0,0.0,0.0,0.5690349077731146,-0.07139792488319775,5.584970474243164,4.907405853271484,10000.0,6.238379039633582,True,False
359,0.0,0.0,0.0,0.6363441225847796,0.014473522321340679,4.956099033355713,3.8941972255706787,10000.0,4.912583525685886,True,False
360,0.0,0.0,0.0,0.8390783089879583,-0.0068916790587736105,7.058337688446045,4.2060065269470215,10000.0,9.964026184827567,True,False
361,0.0,0.0,0.0,0.51774486885739,-0.10502436113228926,5.318525791168213,5.136241912841797,10000.0,5.657343318264292,True,False
362,0.0,0.0,0.0,0.5141540592968422,-0.027011728339110586,4.68311071395874,4.554190158843994,10000.0,4.386305191839028,True,False
363,0.0,0.0,0.0,1.0493863910020098,-0.015825129251069717,9.332934379577637,4.446853160858154,10000.0,17.420732826700444,True,False
364,0.0,0.0,0.0,0.46740279461781603,-0.09712790368357398,3.999124050140381,4.278027534484863,10000.0,3.1985986336822396,True,False
365,0.0,0.0,0.0,0.9024729088867082,-0.0558082326999603,8.449517250061035,4.681313514709473,10000.0,14.278868351815795,True,False
366,0.0,0.0,0.0,0.5269362483982016,-0.07877185318764306,4.767456531524658,4.5237507820129395,10000.0,4.545728355995426,True,False
367,0.0,0.0,0.0,0.5060461344088429,-0.003978254301639266,4.8163862228393555,4.758841037750244,10000.0,4.639515249511351,True,False
368,0.0,0.0,0.0,0.5267275754489943,0.0013980468256756067,5.330491542816162,5.0600080490112305,10000.0,5.682828017606923,True,False
369,0.0,0.0,0.0,0.7264762490161608,-0.02193851508116497,5.935544490814209,4.085160732269287,10000.0,7.046137680486979,True,False
370,0.0,0.0,0.0,0.5435285295085308,-0.049081986219346965,5.448101997375488,5.0117902755737305,10000.0,5.936363074761356,True,False
371,0.0,0.0,0.0,0.9581036192007969,0.032048609658323624,8.566995620727539,4.470808506011963,10000.0,14.678682793112962,True,False
372,0.0,0.0,0.0,0.591307421839563,-0.039941870842042454,5.600678443908691,4.735843181610107,10000.0,6.273519806412693,True,False
373,0.0,0.0,0.0,0.4870288470946037,0.002782810083852908,4.357991695404053,4.474059104919434,10000.0,3.798418323442137,True,False
374,0.0,0.0,0.0,0.6798621112144045,-0.0588120653141257,7.010644912719727,5.15593147277832,10000.0,9.829828418448592,True,False
375,0.0,0.0,0.0,0.883698943741451,-0.05938261983898516,10.342199325561523,5.851653099060059,10000.0,21.392217377929043,True,False
376,0.0,0.0,0.0,0.5014296592653972,-0.08835236106876644,4.658382415771484,4.6451005935668945,10000.0,4.340105346313795,True,False
377,0.0,0.0,0.0,0.5451164479892499,-0.023389819986352544,4.504721164703369,4.1318888664245605,10000.0,4.058502554345296,True,False
378,0.0,0.0,0.0,0.5166743690055257,-0.06308213099939491,5.499516010284424,5.322032928466797,10000.0,6.0489352694749385,True,False
379,0.0,0.0,0.0,0.49240290974249057,0.001087476676494731,5.321093559265137,5.403190612792969,10000.0,5.6628073332905835,True,False
380,0.0,0.0,0.0,0.6250619034053573,-0.03189453557647685,6.4951701164245605,5.195621490478516,10000.0,8.437446968258925,True,False
381,0.0,0.0,0.0,0.6214858482780249,0.011214838555867693,5.745301723480225,4.622230529785156,10000.0,6.601698378764965,True,False
382,0.0,0.0,0.0,0.8766347344676749,-0.058903324753602215,7.856897830963135,4.481283664703369,10000.0,12.34616870523864,True,False
383,0.0,0.0,0.0,0.7142219584374604,0.008887318034993957,6.0491461753845215,4.234780311584473,10000.0,7.318433890233834,True,False
384,0.0,0.0,0.0,0.5939630822192324,-0.06223982024567332,6.179004669189453,5.201505661010742,10000.0,7.636019740373012,True,False
385,0.0,0.0,0.0,0.5820906949497239,-0.03538646121858217,5.409017562866211,4.646198272705078,10000.0,5.851494199079024,True,False
386,0.0,0.0,0.0,0.7500791036903178,-0.05389505575527228,7.388094902038574,4.924877166748047,10000.0,10.91678925630567,True,False
387,0.0,0.0,0.0,0.7732729672107669,-0.029305319841240587,7.883258819580078,5.09733247756958,10000.0,12.429153923297413,True,False
388,0.0,0.0,0.0,0.5509818340617282,-0.04988465277535542,4.644553184509277,4.214797019958496,10000.0,4.314374856747055,True,False
389,0.0,0.0,0.0,0.6593205908251293,-0.0867886357419643,7.122928619384766,5.401718616485596,10000.0,10.14722242337011,True,False
390,0.0,0.0,0.0,1.1035800071664066,-0.06007248666725335,9.352022171020508,4.237129211425781,9051.404001759203,17.49206373745183,True,False
391,0.0,0.0,0.0,0.5884755514441089,-0.045617319180790136,6.970012664794922,5.922091960906982,10000.0,9.716215309480319,True,False
392,0.0,0.0,0.0,0.7574274841468699,-0.06015695315266045,7.471886157989502,4.93241024017334,10000.0,11.165816551591021,True,False
393,0.0,0.0,0.0,0.5127733210382613,-0.09466706355586715,5.819666862487793,5.674697399139404,10000.0,6.7737044780677,True,False
394,0.0,0.0,0.0,0.6911185018399351,0.028578513308181314,6.867619037628174,4.968481540679932,10000.0,9.432838249198582,True,False
395,0.0,0.0,0.0,0.8040931463330623,-0.06239876047609693,7.921244144439697,4.925576210021973,10000.0,12.549221759164034,True,False
396,0.0,0.0,0.0,0.5962418360678057,0.0011467454259791612,5.479565143585205,4.595086097717285,10000.0,6.005126832558787,True,False
397,0.0,0.0,0.0,0.633223041229836,-0.010612232360527359,5.629031181335449,4.444746017456055,10000.0,6.33719840808935,True,False
398,0.0,0.0,0.0,0.7384860411731363,-0.08642649000607461,6.755429267883301,4.573836803436279,10000.0,9.127164918674858,True,False
399,0.0,0.0,0.0,0.7250351130390779,-0.11031182146818214,7.717310428619385,5.322025299072266,10000.0,11.911376050335498,True,False
400,0.0,0.0,0.0,0.749655208175141,-0.03146004141107711,7.734684944152832,5.158828258514404,10000.0,11.9650702370609,True,False
401,0.0,0.0,0.0,0.4711911189606093,-0.03945784686579929,4.7940192222595215,5.087128162384033,10000.0,4.596524060678757,True,False
402,0.0,0.0,0.0,0.7906972320107164,-0.053186665115491784,8.20520305633545,5.188587188720703,10000.0,13.465071439139315,True,False
403,0.0,0.0,0.0,0.42385627395399733,0.020359993580631702,4.704716682434082,5.549896240234375,10000.0,4.426871812394712,True,False
404,0.0,0.0,0.0,0.6794616512895154,-0.02642955744476246,6.963759422302246,5.1244683265686035,10000.0,9.698789058340658,True,False
405,0.0,0.0,0.0,0.9759967721606878,-0.09362461952899456,10.214900970458984,5.233060836791992,10000.0,20.86884036725678,True,False
406,0.0,0.0,0.0,0.5769764218391077,-0.03540832490380102,5.653359889984131,4.899125576019287,10000.0,6.392095609136277,True,False
407,0.0,0.0,0.0,0.5194567752252377,-0.11589944202593344,5.042778968811035,4.853896617889404,10000.0,5.085923945656575,True,False
408,0.0,0.0,0.0,0.6025670594909014,-0.011712528253385708,5.909965991973877,4.903990268707275,10000.0,6.985539605257554,True,False
409,0.0,0.0,0.0,0.5104169919487354,-0.13697585204850588,4.847906589508057,4.748966693878174,10000.0,4.700439660119127,True,False
410,0.0,0.0,0.0,0.41979086906561613,-0.0424942888717474,4.0975661277771,4.8804850578308105,10000.0,3.3580096343012418,True,False
411,0.0,0.0,0.0,0.9873144413601079,0.008428880241393488,9.704750061035156,4.9147210121154785,10000.0,18.83643474943237,True,False
412,0.0,0.0,0.0,0.5497927721715541,-0.009572252628950591,5.2618842124938965,4.78533411026001,10000.0,5.5374850931385,True,False
413,0.0,0.0,0.0,0.7476853925717627,0.005527909342493261,6.860596179962158,4.587889671325684,10000.0,9.413555988902267,True,False
414,0.0,0.0,0.0,0.5321813314240573,0.0453042805051433,5.041403770446777,4.736546993255615,10000.0,5.083150395334997,True,False
415,0.0,0.0,0.0,0.579450710537144,-0.05408402415571138,5.004003524780273,4.317885398864746,10000.0,5.008010255202677,True,False
416,0.0,0.0,0.0,0.6422567775246998,-0.02908769339435482,7.295072078704834,5.679248809814453,10000.0,10.643615326699774,True,False
417,0.0,0.0,0.0,0.7854492257492848,-0.014523317074160911,7.054534435272217,4.490764141082764,10000.0,9.953291219688296,True,False
418,0.0,0.0,0.0,0.7384519664329895,0.02018684935348047,6.0573201179504395,4.101363658905029,10000.0,7.338225402265422,True,False
419,0.0,0.0,0.0,0.7790310594255184,-0.005392355127865837,7.325887203216553,4.701922416687012,10000.0,10.733724662850406,True,False
420,0.0,0.0,0.0,0.5649748619054881,-0.00516140978107688,5.918376445770264,5.237734317779541,10000.0,7.005435950769652,True,False
421,0.0,0.0,0.0,0.7010542975579844,0.00544271373780923,6.719653606414795,4.792534351348877,10000.0,9.030748918040672,True,False
422,0.0,0.0,0.0,0.679692721512199,-0.049579464495917006,6.94997501373291,5.11258602142334,10000.0,9.66043053830235,True,False
423,0.0,0.0,0.0,0.5636845297163863,-0.041452084439411424,6.4220194816589355,5.696465969085693,10000.0,8.248466844561378,True,False
424,0.0,0.0,0.0,1.0882503134349883,-0.047449358179370536,11.57833194732666,5.319700717926025,10000.0,26.811554136497023,True,False
425,0.0,0.0,0.0,0.9240799493621924,0.0008801619254943335,9.951974868774414,5.384801864624023,10000.0,19.8083607577435,True,False
426,0.0,0.0,0.0,0.5018334438199382,0.004820658163140324,5.537250518798828,5.517020225524902,10000.0,6.132228661587575,True,False
427,0.0,0.0,0.0,0.5393151116181982,0.007292139662338807,5.130029678344727,4.756059646606445,10000.0,5.263440900139539,True,False
428,0.0,0.0,0.0,0.6487048095668769,-0.019371264693794556,6.075617790222168,4.682883262634277,10000.0,7.382626306572817,True,False
429,0.0,0.0,0.0,0.6593259193514995,-0.02373940710375459,7.343782424926758,5.569159507751465,10000.0,10.786228060932622,True,False
430,0.0,0.0,0.0,0.70030348571649,-0.019849091528598723,8.483449935913086,6.056981086730957,10000.0,14.393784563028746,True,False
431,0.0,0.0,0.0,0.5157835159193472,0.014227434353550058,5.176684856414795,5.018272876739502,10000.0,5.359613220526853,True,False
432,0.0,0.0,0.0,0.8394715585166744,-0.0031207436631653586,7.574060916900635,4.511207580566406,10000.0,11.473279754584333,True,False
433,0.0,0.0,0.0,1.2476907395764674,0.054485914939394885,13.216009140014648,5.296187877655029,10000.0,34.932579517790145,True,False
434,0.0,0.0,0.0,1.0110644277248648,-0.04006201672757676,10.84756088256836,5.364426136016846,5104.8160393857415,23.533915420205446,True,False
435,0.0,0.0,0.0,0.5182653553212937,-0.026206284470516192,5.456670761108398,5.264359951019287,10000.0,5.955051159027061,True,False
436,0.0,0.0,0.0,0.44419391591254087,-0.05302032151400856,4.280301570892334,4.818055152893066,10000.0,3.6641963075566757,True,False
437,0.0,0.0,0.0,0.5965385837775984,0.022150427332431017,6.30798864364624,5.287158966064453,10000.0,7.958144145673984,True,False
438,0.0,0.0,0.0,0.9104054246998415,-0.038806401837744815,10.082207679748535,5.53720760345459,10000.0,20.330182339516057,True,False
439,0.0,0.0,0.0,0.6419449042093539,-0.05208908592155554,6.299407005310059,4.906501293182373,10000.0,7.936505723709885,True,False
440,0.0,0.0,0.0,0.6958295430450913,0.009726247716346567,10.459430694580078,7.515799522399902,10000.0,21.879938090944776,True,False
441,0.0,0.0,0.0,0.4683725184973332,-0.009957115629597025,5.114862442016602,5.460250377655029,10000.0,5.232363560150404,True,False
442,0.0,0.0,0.0,0.5038957962070176,-0.038664902586391374,5.076902866363525,5.037651538848877,10000.0,5.154988542898035,True,False
443,0.0,0.0,0.0,0.5314058582080435,-0.0449296377657848,4.9988226890563965,4.703394412994385,10000.0,4.997645655325002,True,False
444,0.0,0.0,0.0,0.6671105508085478,0.027369347648528834,7.153454780578613,5.361521244049072,10000.0,10.234383059556599,True,False
445,0.0,0.0,0.0,0.7141703061354944,-0.03924613287696088,7.5223565101623535,5.266500473022461,10000.0,11.317169493196388,True,False
446,0.0,0.0,0.0,1.290827073084308,-0.005330621083618048,12.375016212463379,4.793444633483887,10000.0,30.628205251746294,True,False
447,0.0,0.0,0.0,0.7488920720628951,0.013428066745454265,7.347769260406494,4.905759811401367,7790.008124614333,10.797942620834917,True,False
448,0.0,0.0,0.0,0.7837418616218408,-0.005972368538993749,7.639770030975342,4.873907089233398,10000.0,11.673217225237792,True,False
449,0.0,0.0,0.0,0.4505241759551145,-0.07556918915677388,4.402755260467529,4.886258602142334,10000.0,3.8768507767148996,True,False
450,0.0,0.0,0.0,1.2758615672846598,-0.007982842187821602,12.963128089904785,5.080146789550781,10000.0,33.6085379750557,True,False
451,0.0,0.0,0.0,0.5234562282445426,-0.04834223871876309,5.550130844116211,5.301427841186523,10000.0,6.160790477362024,True,False
452,0.0,0.0,0.0,0.6013744815455,-0.03560768616795998,7.515259742736816,6.2484025955200195,10000.0,11.295825800160124,True,False
453,0.0,0.0,0.0,0.41051301825573533,-0.0620756093593842,4.495210647583008,5.475113391876221,10000.0,4.041383753228729,True,False
454,0.0,0.0,0.0,0.6772414978944206,-0.005007742313153124,6.708581924438477,4.9528727531433105,10000.0,9.001014287380528,True,False
455,0.0,0.0,0.0,0.8771229666144537,0.0305088251953124,8.18924617767334,4.668242931365967,10000.0,13.412750591707479,True,False
456,0.0,0.0,0.0,0.6618645742642792,-0.07983682684799118,7.0998921394348145,5.363553524017334,10000.0,10.081693678321649,True,False
457,0.0,0.0,0.0,0.9740412807595384,-0.010839727917038692,12.63548469543457,6.486113548278809,10000.0,31.93109469771224,True,False
458,0.0,0.0,0.0,0.9977968843409729,-0.023945978249500004,11.20102310180664,5.612877368927002,7313.177650633255,25.0925837054412,True,False
459,0.0,0.0,0.0,0.6253601551092977,-0.06875199342081818,6.766524314880371,5.410101890563965,10000.0,9.157170260773455,True,False
460,0.0,0.0,0.0,0.9410556054456652,0.0808511649850842,9.097309112548828,4.833566188812256,10000.0,16.55220661785279,True,False
461,0.0,0.0,0.0,0.6352654183090042,-0.049962319785917995,6.244020462036133,4.914497375488281,10000.0,7.797558306065184,True,False
462,0.0,0.0,0.0,0.8022178480329636,-0.060156958142543064,8.026448249816895,5.002661228179932,10000.0,12.884774301397734,True,False
463,0.0,0.0,0.0,0.4809991741960341,-0.07178602010104983,5.190948963165283,5.396006107330322,10000.0,5.389190227637343,True,False
464,0.0,0.0,0.0,0.9734093968878849,-0.06746488556528933,9.985048294067383,5.128904819488525,10000.0,19.940237886971587,True,False
465,0.0,0.0,0.0,0.7484841241417014,-0.08065272717192479,7.946378707885742,5.308314800262451,10000.0,12.628986913827973,True,False
466,0.0,0.0,0.0,0.4606348516212339,-0.0644755863291571,4.962944984436035,5.387070655822754,10000.0,4.9261645837077594,True,False
467,0.0,0.0,0.0,0.4652390807788412,-0.03807933424546544,5.770012855529785,6.201126575469971,10000.0,6.658609670595794,True,False
468,0.0,0.0,0.0,0.6622976048210741,-0.0012774136922269331,7.476669788360596,5.64449405670166,10000.0,11.18011822483681,True,False
469,0.0,0.0,0.0,0.5459159592807297,-0.03742752312414183,7.706017017364502,7.057878494262695,10000.0,11.876539654382256,True,False
470,0.0,0.0,0.0,0.5475315392460901,-0.05683108023114154,6.351497650146484,5.8001203536987305,10000.0,8.06830447996326,True,False
471,0.0,0.0,0.0,0.47517631386092496,-0.013701318191466264,4.582039833068848,4.821410179138184,10000.0,4.199017806365919,True,False
472,0.0,0.0,0.0,0.6716554387974253,0.03545731608341856,8.265948295593262,6.153414249420166,10000.0,13.66518024508423,True,False
473,0.0,0.0,0.0,0.4528830903274479,-0.09590428070216346,5.375165939331055,5.934385776519775,10000.0,5.77848177506894,True,False
474,0.0,0.0,0.0,0.6465793872658061,-0.06590971496470643,7.722904682159424,5.972124099731445,10000.0,11.92865134594399,True,False
475,0.0,0.0,0.0,0.7024010320614884,0.02773210759970267,7.017552852630615,4.995403289794922,10000.0,9.849209607892817,True,False
476,0.0,0.0,0.0,0.7866295559267475,-0.05367330901798973,9.858113288879395,6.266045570373535,10000.0,19.43647952327609,True,False
477,0.0,0.0,0.0,0.4510398923455855,-0.019654548529471825,5.273567199707031,5.846009731292725,10000.0,5.562102201965171,True,False
478,0.0,0.0,0.0,0.6129977625863472,0.028657146508485082,6.039316654205322,4.926051139831543,10000.0,7.294669129952354,True,False
479,0.0,0.0,0.0,0.7710492551088495,0.08326032287071083,9.433341026306152,6.117210388183594,10000.0,17.797584583718162,True,False
480,0.0,0.0,0.0,0.5173375673936661,-0.08732001355165715,6.660226821899414,6.4370222091674805,10000.0,8.87172426382967,True,False
481,0.0,0.0,0.0,0.6598598761413935,-0.04524881827208414,7.571498394012451,5.737201690673828,10000.0,11.465517586106621,True,False
482,0.0,0.0,0.0,0.6686378352760379,-0.155325887958511,6.821534156799316,5.101068019866943,10000.0,9.30666565047595,True,False
483,0.0,0.0,0.0,0.5530548884444273,-0.0834570042430857,6.646734237670898,6.009109020233154,10000.0,8.835815205245304,True,False
484,0.0,0.0,0.0,0.5754383459170421,0.006758938446166632,6.908398628234863,6.002727031707764,10000.0,9.545194321319464,True,False
485,0.0,0.0,0.0,0.6895901731224012,-0.0619553001445777,8.201979637145996,5.946995735168457,10000.0,13.454493993631509,True,False
486,0.0,0.0,0.0,0.6135946558132156,-0.060040468241585064,7.055600643157959,5.749398708343506,10000.0,9.956300087146197,True,False
487,0.0,0.0,0.0,0.8457315540680596,0.012170679790962091,9.778304100036621,5.7809739112854,10000.0,19.1230462145586,True,False
488,0.0,0.0,0.0,0.48012332928476925,-0.042734290972149966,5.199078559875488,5.414315700531006,10000.0,5.4060835743513955,True,False
489,0.0,0.0,0.0,0.5609395823690625,-0.09643170504573073,8.431428909301758,7.515451908111572,10000.0,14.217798690521882,True,False
490,0.0,0.0,0.0,0.6028673866374671,0.06314622706813643,7.45172643661499,6.18023681640625,10000.0,11.105645377229344,True,False
491,0.0,0.0,0.0,0.5276763814994054,-0.01076059063920948,5.911642074584961,5.601579189300537,10000.0,6.9895024036006355,True,False
492,0.0,0.0,0.0,0.8467209378844296,-0.03585196368824171,9.30129623413086,5.492539405822754,10000.0,17.302822327011384,True,False
493,0.0,0.0,0.0,0.5063380618823444,-0.02652194064118822,5.537618160247803,5.468301296234131,10000.0,6.133042977741251,True,False
494,0.0,0.0,0.0,0.6204623624602843,-0.02909213047820766,6.1286540031433105,4.938779830932617,10000.0,7.512079978048902,True,False
495,0.0,0.0,0.0,0.41132861808907967,-0.04624050554986465,4.717631816864014,5.734626293182373,10000.0,4.451209991897532,True,False
496,0.0,0.0,0.0,0.5309948039641271,0.010980995525559985,7.140467166900635,6.723669528961182,10000.0,10.197254272317196,True,False
497,0.0,0.0,0.0,0.5816097108041434,-0.07986565116136621,6.2084574699401855,5.337305545806885,10000.0,7.708988831211215,True,False
498,0.0,0.0,0.0,0.6818635743176003,-0.060358711422214065,6.554623126983643,4.806403636932373,10000.0,8.592616867357762,True,False
499,0.0,0.0,0.0,0.9158738745232214,0.0021237476432410165,9.500612258911133,5.186637878417969,10000.0,18.052326658834502,True,False
500,0.0,0.0,0.0,0.42714695182857704,-0.012952832750013,5.5015106201171875,6.439833641052246,10000.0,6.053323820652437,True,False
501,0.0,0.0,0.0,0.6567180602449122,-0.015503872360724319,7.191473484039307,5.47531270980835,10000.0,10.343458174328084,True,False
502,0.0,0.0,0.0,0.39429525023280865,-0.06738742633258472,5.434292793273926,6.891146659851074,10000.0,5.906307632605785,True,False
503,0.0,0.0,0.0,0.37302710662811916,-0.05727386403444073,5.088750839233398,6.820886135101318,10000.0,5.1790770207597205,True,False
504,0.0,0.0,0.0,0.4532019217718127,-0.010526472780887485,4.833736896514893,5.332873344421387,10000.0,4.673002476945886,True,False
505,0.0,0.0,0.0,0.5737688439390117,0.03691984656963432,6.238359451293945,5.436300277709961,10000.0,7.783425728709698,True,False
506,0.0,0.0,0.0,0.5025338972971366,-0.0021874226610112636,6.447112083435059,6.414604187011719,10000.0,8.313050843274866,True,False
507,0.0,0.0,0.0,0.8742466088185219,-0.050465231107146194,10.521829605102539,6.017655372619629,10000.0,22.141779647762448,True,False
508,0.0,0.0,0.0,1.0620944001612267,0.0029296159994841014,10.896211624145508,5.129587173461914,10000.0,23.745485551632726,True,False
509,0.0,0.0,0.0,0.5545019751992407,-0.016038610218632093,6.5535569190979,5.909408092498779,10000.0,8.589821658371193,True,False
510,0.0,0.0,0.0,0.5604065237828754,-0.07383595768506147,6.236276626586914,5.564064979553223,10000.0,7.778229232662852,True,False
511,0.0,0.0,0.0,0.6715339450097181,-0.06525498680989136,7.56764030456543,5.634592533111572,10000.0,11.453835955856626,True,False
512,0.0,0.0,0.0,0.6727239927617032,0.008848817511224471,7.914666652679443,5.882551193237305,10000.0,12.528389644607202,True,False
513,0.0,0.0,0.0,0.719706730234707,0.004196404015785422,7.0315165519714355,4.8849873542785645,10000.0,9.88844500412965,True,False
514,0.0,0.0,0.0,0.602772567215115,-0.0304900253229077,6.703392505645752,5.5604658126831055,10000.0,8.987094216949522,True,False
515,0.0,0.0,0.0,0.6675973969979041,-0.05988251557803087,7.56040096282959,5.662395477294922,10000.0,11.431932543750918,True,False
516,0.0,0.0,0.0,0.6743351788765682,-0.07332728439644505,7.367003917694092,5.4624199867248535,10000.0,10.854549344664015,True,False
517,0.0,0.0,0.0,0.4344645240214141,-0.012673793110275519,7.459518909454346,8.58472728729248,10000.0,11.12888447210139,True,False
518,0.0,0.0,0.0,1.3742488888341744,0.035546907187248726,13.83959674835205,5.0353312492370605,10000.0,38.30688763139932,True,False
519,0.0,0.0,0.0,0.6862226172794342,-0.020862176909521017,8.815802574157715,6.423427581787109,10000.0,15.543675005305154,True,False
520,0.0,0.0,0.0,0.47725779023125614,-0.03518100667878046,6.060291767120361,6.349075794219971,10000.0,7.345427260525366,True,False
521,0.0,0.0,0.0,0.6119316940189028,-0.02381818439980465,7.376020908355713,6.026833534240723,10000.0,10.881136888100123,True,False
522,0.0,0.0,0.0,0.7331748458375431,-0.035419995654314404,9.904712677001953,6.754673004150391,10000.0,19.620666642792628,True,False
523,0.0,0.0,0.0,0.8274452272538168,-0.04736612705718999,8.800973892211914,5.3181610107421875,10000.0,15.491428290279146,True,False
524,0.0,0.0,0.0,0.45792994765004663,-0.1043270548909701,4.755662441253662,5.192565441131592,10000.0,4.5232650510301475,True,False
525,0.0,0.0,0.0,0.5578358148102626,-0.055653616994316625,6.687232494354248,5.993907451629639,10000.0,8.943815686709463,True,False
526,0.0,0.0,0.0,0.5953096600247355,-0.09888703648449265,7.084836483001709,5.950547218322754,10000.0,10.038981598174402,True,False
527,0.0,0.0,0.0,0.46486850153551984,-0.026763012263704783,5.030777454376221,5.41096830368042,10000.0,5.0617443590920175,True,False
528,0.0,0.0,0.0,0.5558206268641258,-0.050840479884186406,6.878526210784912,6.187721252441406,10000.0,9.462824566491008,True,False
529,0.0,0.0,0.0,0.41877184069134304,-0.09510561122669485,5.264333724975586,6.2854437828063965,10000.0,5.542641913583065,True,False
530,0.0,0.0,0.0,0.5061808722927692,-0.013175324332834895,6.761077880859375,6.6785197257995605,10000.0,9.142434822209175,True,False
531,0.0,0.0,0.0,0.8642799676367797,-0.07437743467834444,9.782947540283203,5.6595940589904785,10000.0,19.141212515186638,True,False
532,0.0,0.0,0.0,0.5348645124417057,-0.04974528152300916,6.372337818145752,5.956964492797852,10000.0,8.12133785371411,True,False
533,0.0,0.0,0.0,0.8497139874162953,-0.02379730717569963,10.68935489654541,6.289972305297852,10000.0,22.852461620859856,True,False
534,0.0,0.0,0.0,0.44642776344548174,-0.028843844896073237,4.657642841339111,5.216569423675537,10000.0,4.338727367495494,True,False
535,0.0,0.0,0.0,0.41121416318714926,-0.13909638627020088,5.898309230804443,7.171821594238281,10000.0,6.958010356438578,True,False
536,0.0,0.0,0.0,0.6361196925834947,-0.01930424086046827,9.27277660369873,7.288547039031982,10000.0,17.196877188420515,True,False
537,0.0,0.0,0.0,0.5190076860525713,-0.0787728336032561,6.881218910217285,6.629207134246826,10000.0,9.470234738066388,True,False
538,0.0,0.0,0.0,0.625265011351819,-0.0482525426105775,11.142441749572754,8.910175323486328,10000.0,24.830801628524384,True,False
539,0.0,0.0,0.0,0.43038510709859307,-0.0612438120605709,5.337761878967285,6.201146125793457,10000.0,5.698340375311272,True,False
540,0.0,0.0,0.0,0.4621063677273835,-0.053812531042142245,5.492037773132324,5.9423956871032715,10000.0,6.032495780302451,True,False
541,0.0,0.0,0.0,0.47099794200953005,-0.11511820620317909,6.31995964050293,6.709115982055664,10000.0,7.988377971517181,True,False
542,0.0,0.0,0.0,0.5183429990009132,-0.12875010524098823,6.146184921264648,5.928685188293457,10000.0,7.555117817276184,True,False
543,0.0,0.0,0.0,0.6211495650254772,-0.06109248457625837,7.939439296722412,6.390923976898193,10000.0,12.606939269268011,True,False
544,0.0,0.0,0.0,0.5300744849002714,-0.0825625810096039,5.719692230224609,5.395177841186523,10000.0,6.54297584169835,True,False
545,0.0,0.0,0.0,0.7934170427475681,0.03594088868726039,8.851973533630371,5.578386306762695,10000.0,15.671487088018509,True,False
546,0.0,0.0,0.0,0.4016804288404707,-0.060033593345340926,5.093880653381348,6.340713024139404,10000.0,5.189524022178556,True,False
547,0.0,0.0,0.0,0.7319011465728948,-0.04000996979197909,8.283974647521973,5.65921688079834,10000.0,13.724847192157355,True,False
548,0.0,0.0,0.0,0.8783568612216384,0.007922258317759468,8.913954734802246,5.074221611022949,10000.0,15.891717802820672,True,False
549,0.0,0.0,0.0,0.45344305888544767,-0.011288517741914507,5.281544208526611,5.823822975158691,10000.0,5.578941845324195,True,False
550,0.0,0.0,0.0,0.5075656526201179,-0.08329686609452251,7.4626240730285645,7.351387977600098,10000.0,11.138151611069084,True,False
551,0.0,0.0,0.0,0.5657615109180046,-0.09238465409694102,7.052969455718994,6.2331647872924805,10000.0,9.948875628661014,True,False
552,0.0,0.0,0.0,0.6132057351766609,-0.10227410260857367,6.862743854522705,5.595792293548584,10000.0,9.419450642557827,True,False
553,0.0,0.0,0.0,0.5321673717347286,-0.0728915497550065,6.529507637023926,6.134825229644775,10000.0,8.526893996390754,True,False
554,0.0,0.0,0.0,0.503725192189643,0.02516951402678252,5.56333589553833,5.522193431854248,10000.0,6.190141257317052,True,False
555,0.0,0.0,0.0,0.46345759203781994,-0.02972912943454415,5.967286109924316,6.437790870666504,10000.0,7.121700703539133,True,False
556,0.0,0.0,0.0,0.4573071780001988,0.01689882633698227,6.101863384246826,6.671514987945557,10000.0,7.446547352002426,True,False
557,0.0,0.0,0.0,0.3839580167902385,-0.08940774417201214,5.242384910583496,6.826768398284912,10000.0,5.496519910142705,True,False
558,0.0,0.0,0.0,0.5002944490505019,-0.021421827208450425,6.19955587387085,6.195907115936279,10000.0,7.686898606649308,True,False
559,0.0,0.0,0.0,0.5624384650352137,0.0015167879675168075,6.971197605133057,6.197298049926758,10000.0,9.71951920996257,True,False
560,0.0,0.0,0.0,0.4405481494564891,-0.06951676972871004,4.900111675262451,5.561380386352539,10000.0,4.802218886008674,True,False
561,0.0,0.0,0.0,0.39599929067597633,0.0044471233563174615,5.579703330993652,7.045092582702637,10000.0,6.226617852380329,True,False
562,0.0,0.0,0.0,0.6992580230188323,-0.04529530468377075,7.768582344055176,5.554875373840332,10000.0,12.070174327273158,True,False
563,0.0,0.0,0.0,0.5335123388856473,0.06516758142847055,6.526137828826904,6.116201400756836,10000.0,8.518094992169104,True,False
564,0.0,0.0,0.0,0.755389084966212,-0.06236823114949445,8.921784400939941,5.905423164367676,10000.0,15.91964737937105,True,False
565,0.0,0.0,0.0,0.5018840388995706,-0.0812653283636235,6.376064777374268,6.3521294593811035,10000.0,8.13084040905455,True,False
566,0.0,0.0,0.0,0.6858866144522079,-0.026977702701515636,8.55155086517334,6.233939170837402,10000.0,14.625804439929375,True,False
567,0.0,0.0,0.0,1.066760374944872,-0.08135701301412693,12.015951156616211,5.631982326507568,10000.0,28.87661643963729,True,False
568,0.0,0.0,0.0,0.6183450371304076,-0.05287239754753399,7.351472854614258,5.944474697113037,9632.416420941114,10.808830626426058,True,False
569,0.0,0.0,0.0,0.5497710990399989,-0.04678777777285233,6.483321189880371,5.8963823318481445,10000.0,8.406690730230366,True,False
570,0.0,0.0,0.0,0.443252150288352,-0.007491956146280156,5.8393635749816895,6.586954593658447,10000.0,6.819633392164587,True,False
571,0.0,0.0,0.0,0.7146345926434827,-0.030098961302255253,11.531143188476562,8.067859649658203,10000.0,26.593452646629885,True,False
572,0.0,0.0,0.0,0.7047819145433784,0.14551860230487154,8.05396842956543,5.713801860809326,10000.0,12.973281492887324,True,False
573,0.0,0.0,0.0,0.7036593529698346,-0.0952781120045793,8.395349502563477,5.9654927253723145,10000.0,14.09637865403856,True,False
574,0.0,0.0,0.0,0.6072536966653777,-0.0762791654092427,7.083806037902832,5.832657814025879,10000.0,10.03606159652572,True,False
575,0.0,0.0,0.0,0.48396799056384615,-0.08849790384177375,6.933865547180176,7.163558006286621,10000.0,9.615698285274448,True,False
576,0.0,0.0,0.0,0.3576012390369096,0.0639610899307674,4.9506144523620605,6.921976089477539,10000.0,4.901716691187218,True,False
577,0.0,0.0,0.0,0.5547112466833559,-0.10291397310877036,6.661632537841797,6.004594802856445,10000.0,8.875469613846505,True,False
578,0.0,0.0,0.0,0.476281451113218,-0.007224945517269557,7.3614912033081055,7.728089332580566,10000.0,10.83831054727652,True,False
579,0.0,0.0,0.0,0.3574643964797264,-0.05278147456112637,5.680695056915283,7.94581937789917,10000.0,6.454059265932344,True,False
580,0.0,0.0,0.0,0.5452862888149762,-0.0583094241384009,7.699839115142822,7.06036376953125,10000.0,11.857504479816676,True,False
581,0.0,0.0,0.0,0.5994305372399438,-0.11129634286528443,9.83342170715332,8.202302932739258,10000.0,19.339236494142824,True,False
582,0.0,0.0,0.0,0.40107559784639446,-0.016242794006750275,5.7774858474731445,7.202489852905273,10000.0,6.675868543550493,True,False
583,0.0,0.0,0.0,0.5220592874696453,0.04999331177350013,7.693493366241455,7.368409633636475,10000.0,11.837968035280255,True,False
584,0.0,0.0,0.0,0.8459920272708422,-0.07212513910650424,10.82422924041748,6.3973588943481445,10000.0,23.432787729821754,True,False
585,0.0,0.0,0.0,0.45228741595403743,-0.09039567606971725,5.798409938812256,6.410094261169434,10000.0,6.724311563703349,True,False
586,0.0,0.0,0.0,0.7210350303653685,-0.08292472801203397,8.978291511535645,6.2259745597839355,10000.0,16.121943693222605,True,False
587,0.0,0.0,0.0,1.263977850305745,0.018405818978009927,16.026962280273438,6.339890480041504,10000.0,51.37270398666149,True,False
588,0.0,0.0,0.0,0.7163537297299204,0.023215257204183794,12.392358779907227,8.649608612060547,10000.0,30.714111225988745,True,False
589,0.0,0.0,0.0,0.7726543845824214,-0.06608164487427544,8.092172622680664,5.236605644226074,10000.0,13.096651551052489,True,False
590,0.0,0.0,0.0,0.6518053181758913,-0.043280018195351426,7.799159049987793,5.982736587524414,10000.0,12.165376377401294,True,False
591,0.0,0.0,0.0,0.6065239861200703,-0.02942972260716533,7.148519039154053,5.893022537231445,10000.0,10.220264890629593,True,False
592,0.0,0.0,0.0,0.525742234204792,-0.05012461481831407,6.030601501464844,5.735321521759033,10000.0,7.273630893894005,True,False
593,0.0,0.0,0.0,0.768391829689091,-0.03722648189088158,10.185093879699707,6.627539157867432,10000.0,20.747227467659286,True,False
594,0.0,0.0,0.0,0.46264137570950675,-0.10834870744825116,5.823112964630127,6.293333530426025,10000.0,6.7817289197686925,True,False
595,0.0,0.0,0.0,0.5994345453013715,0.033191530688941,8.047832489013672,6.71285343170166,10000.0,12.953521554244794,True,False
596,0.0,0.0,0.0,0.6499869114664033,-0.053739350142257135,9.358379364013672,7.1988983154296875,10000.0,17.515852864159385,True,False
597,0.0,0.0,0.0,0.4640660088964877,-0.07743429271159061,5.970159530639648,6.432446479797363,10000.0,7.128560964257485,True,False
598,0.0,0.0,0.0,0.5796001368437657,-0.07911455628894323,6.703582763671875,5.782937526702881,10000.0,8.987604373879726,True,False
599,0.0,0.0,0.0,0.530111263745102,-0.03232513221219083,6.285809516906738,5.928764343261719,10000.0,7.902280256567064,True,False
600,0.0,0.0,0.0,0.5378752191252808,-0.05552249770215283,7.2314372062683105,6.722225666046143,10000.0,10.458736813640321,True,False
601,0.0,0.0,0.0,0.3678303225346871,-0.0651003413931471,5.352832794189453,7.276225566864014,10000.0,5.730563784510011,True,False
602,0.0,0.0,0.0,0.7536498344469456,-0.01688504232743005,9.655333518981934,6.4057159423828125,10000.0,18.645093072555213,True,False
603,0.0,0.0,0.0,1.0117705170689002,-0.0023390679323166672,11.136517524719238,5.503479957580566,10000.0,24.804404515675742,True,False
604,0.0,0.0,0.0,0.4637497837294379,-0.061705287026769785,6.694712162017822,7.218021869659424,10000.0,8.963834186453866,True,False
605,0.0,0.0,0.0,0.48178197469463124,-0.018454356716662935,6.441831111907959,6.685421466827393,10000.0,8.299437614869063,True,False
606,0.0,0.0,0.0,0.3714586152790273,-0.08190757147419372,5.87180757522583,7.903717041015625,10000.0,6.895624840095888,True,False
607,0.0,0.0,0.0,0.7583831448940344,-0.05104712005749712,8.772701263427734,5.78381872177124,10000.0,15.39205749146931,True,False
608,0.0,0.0,0.0,0.5151033312531589,-0.001230280517542882,7.884383678436279,7.653205871582031,10000.0,12.432701197758476,True,False
609,0.0,0.0,0.0,0.6457737899128,0.010429683534664641,8.222904205322266,6.366706371307373,10000.0,13.52323071398132,True,False
610,0.0,0.0,0.0,0.7048706059191387,0.0435456998926467,7.980058670043945,5.6606550216674805,10000.0,12.736267275468705,True,False
611,0.0,0.0,0.0,0.5218958622370043,0.018809381393912708,5.981049537658691,5.7301177978515625,10000.0,7.154590714385449,True,False
612,0.0,0.0,0.0,0.5755366353035987,-0.011245274515345531,9.592347145080566,8.333394050598145,10000.0,18.40262475034706,True,False
613,0.0,0.0,0.0,0.7526232994131485,0.04739190091605395,9.34250545501709,6.20662784576416,10000.0,17.456481635404813,True,False
614,0.0,0.0,0.0,0.7056634733198067,0.0004339331289543902,9.310873985290527,6.597248077392578,10000.0,17.338474873991984,True,False
615,0.0,0.0,0.0,0.5014344826090034,-0.008351381916948465,7.141828536987305,7.121397495269775,10000.0,10.201142970345245,True,False
616,0.0,0.0,0.0,0.5937610591118504,0.0139561535890899,8.714033126831055,7.337996482849121,10000.0,15.186874667101797,True,False
617,0.0,0.0,0.0,0.6778743837274802,-0.045848984251059224,8.950482368469238,6.601873874664307,10000.0,16.022226925655744,True,False
618,0.0,0.0,0.0,0.5801592890392502,0.031014754654028694,7.912804126739502,6.819509983062744,9050.678212728268,12.522493829629134,True,False
619,0.0,0.0,0.0,0.4231436218102695,-0.06988933821170823,5.2373857498168945,6.188662052154541,10000.0,5.486041898477012,True,False
620,0.0,0.0,0.0,0.4318763393383466,-0.01753459799775859,7.126707553863525,8.250865936279297,10000.0,10.157992111659084,True,False
621,0.0,0.0,0.0,0.4850030828617415,0.01825033272312446,5.46875,5.637850761413574,10000.0,5.9814453125,True,False
622,0.0,0.0,0.0,0.5052469963121328,-0.07723929026706082,5.7953667640686035,5.73518180847168,10000.0,6.717255186014199,True,False
623,0.0,0.0,0.0,0.5776597926517978,-0.0031778429873528225,6.516476631164551,5.640410423278809,10000.0,8.492893536902734,True,False
624,0.0,0.0,0.0,0.7614779130924478,-0.05909271776486832,8.794635772705078,5.774714946746826,10000.0,15.469123674908765,True,False
625,0.0,0.0,0.0,0.49796592182809946,-0.06372768747326515,7.514482498168945,7.545177459716797,10000.0,11.293489443057474,True,False
626,0.0,0.0,0.0,0.5296167239881848,-0.002440131080371518,7.0348615646362305,6.641464710235596,10000.0,9.89785544671922,True,False
627,0.0,0.0,0.0,0.6587350673945399,-0.06574578546852607,9.606745719909668,7.291812896728516,10000.0,18.457912665400542,True,False
628,0.0,0.0,0.0,0.7344265559907184,-0.015819639633749376,9.882458686828613,6.728010177612305,10000.0,19.532597939374853,True,False
629,0.0,0.0,0.0,0.8210633575124245,-0.05387807392273184,9.391280174255371,5.7189741134643555,10000.0,17.6392286622724,True,False
630,0.0,0.0,0.0,0.5361663385622971,-0.09218707072604154,7.284886360168457,6.793494701385498,8381.928738457762,10.613913856113683,True,False
631,0.0,0.0,0.0,0.5515871904430025,0.030557309421319533,7.737911224365234,7.014223098754883,10000.0,11.975054023231493,True,False
632,0.0,0.0,0.0,0.5505382469424557,0.01352151576631596,8.099618911743164,7.356091022491455,10000.0,13.1207653030935,True,False
633,0.0,0.0,0.0,0.602204688963024,-0.06743503007003811,7.945416450500488,6.596940040588379,10000.0,12.625928514376753,True,False
634,0.0,0.0,0.0,0.46518090773830323,-0.04731124415549785,6.602586269378662,7.096794128417969,10000.0,8.718829088917524,True,False
635,0.0,0.0,0.0,0.834847335585888,-0.007310823011884632,11.188204765319824,6.700748920440674,10000.0,25.03518517414504,True,False
636,0.0,0.0,0.0,0.4248532974033001,-0.028802539898739623,8.614786148071289,10.138542175292969,10000.0,14.842908075400189,True,False
637,0.0,0.0,0.0,0.4841759438207158,-0.08705468839410455,6.6235857009887695,6.840060710906982,10000.0,8.774377507668575,True,False
638,0.0,0.0,0.0,0.36181173788325177,-0.0226386857550801,4.744906902313232,6.5571489334106445,10000.0,4.502828302323952,True,False
639,0.0,0.0,0.0,0.4926322338337254,0.023171888678876953,7.133149147033691,7.239831924438477,10000.0,10.176363350765492,True,False
640,0.0,0.0,0.0,0.40880409462155104,-0.08929675920549669,6.029036998748779,7.373992919921875,10000.0,7.269857426456337,True,False
641,0.0,0.0,0.0,0.405453661848448,0.01117191821627885,5.138282299041748,6.336460590362549,10000.0,5.2803889969291475,True,False
642,0.0,0.0,0.0,0.48803745027732537,-0.05087183293584076,6.100116729736328,6.249639987945557,10000.0,7.442284823281806,True,False
643,0.0,0.0,0.0,0.513744845396703,-0.04260104654033816,5.455278396606445,5.309326648712158,10000.0,5.952012476896197,True,False
644,0.0,0.0,0.0,0.6217146764240574,-0.022203967371657144,10.362553596496582,8.333849906921387,10000.0,21.47650340805285,True,False
645,0.0,0.0,0.0,0.7027348609822489,0.05931234121920881,8.411495208740234,5.984828472137451,10000.0,14.150650329331981,True,False
646,0.0,0.0,0.0,0.603476768605946,-0.016093040527754968,7.836800575256348,6.493042469024658,10000.0,12.28308865126764,True,False
647,0.0,0.0,0.0,0.4254340043892443,-0.05798403328478292,6.479599475860596,7.615281581878662,10000.0,8.397041873514581,True,False
648,0.0,0.0,0.0,0.41221883179949603,0.0040280830729577475,5.629544258117676,6.828344345092773,10000.0,6.3383537108211385,True,False
649,0.0,0.0,0.0,0.676958160762433,-0.0476965599167086,8.539742469787598,6.307437419891357,10000.0,14.585440290058791,True,False
650,0.0,0.0,0.0,0.8647929647762875,0.0538873870053546,10.657035827636719,6.161611080169678,10000.0,22.714482526306526,True,False
651,0.0,0.0,0.0,1.6410579750334477,-0.04159621443140491,19.1151180267334,5.8240227699279785,10000.0,73.07754743518962,True,False
652,0.0,0.0,0.0,0.6551724137931034,0.028029668838962497,8.070854187011719,6.159336090087891,10000.0,13.027737461600914,True,False
653,0.0,0.0,0.0,0.8913950338401263,-0.13828064551872674,10.790006637573242,6.052314758300781,10000.0,23.284848647774922,True,False
654,0.0,0.0,0.0,1.1126331968311214,-0.039179442709419254,15.939926147460938,7.163154125213623,10000.0,50.816249117301766,True,False
655,0.0,0.0,0.0,0.5906634233670242,-0.002057590532556936,9.386664390563965,7.945865631103516,10000.0,17.621893676216317,True,False
656,0.0,0.0,0.0,0.9240173310016975,-0.02092575697837222,13.342185974121094,7.219662189483643,10000.0,35.60278531360672,True,False
657,0.0,0.0,0.0,0.431915959754103,-0.053958355128371785,6.129066467285156,7.095207214355469,10000.0,7.513091152079866,True,False
658,0.0,0.0,0.0,0.7688157132951505,0.0054160290180337535,9.533574104309082,6.200168609619141,10000.0,18.17780704047054,True,False
659,0.0,0.0,0.0,0.32745153342116656,-0.04656733631304638,4.9237518310546875,7.518290996551514,10000.0,4.848666418762875,True,False
660,0.0,0.0,0.0,0.6521829429377529,-0.07168137759059028,8.867423057556152,6.7982635498046875,10000.0,15.726238336335697,True,False
661,0.0,0.0,0.0,0.5500396982677581,0.004746364961655547,8.258526802062988,7.507209777832031,10000.0,13.640652988078543,True,False
662,0.0,0.0,0.0,0.610921604880168,0.093927335009197,8.98121166229248,7.35054349899292,10000.0,16.13243258457969,True,False
663,0.0,0.0,0.0,0.7841708519019034,0.09805414798003816,11.577969551086426,7.38230037689209,10000.0,26.80987578517687,True,False
664,0.0,0.0,0.0,0.5143131052910049,0.04214879067170609,7.221585273742676,7.020611763000488,10000.0,10.430258773187411,True,False
665,0.0,0.0,0.0,0.41466063131606185,-0.04907493672174734,6.239400863647461,7.523502826690674,10000.0,7.786024627456936,True,False
666,0.0,0.0,0.0,0.5106448081444224,0.06309776772447317,6.631219387054443,6.49298620223999,10000.0,8.794614111849341,True,False
667,0.0,0.0,0.0,0.5300614936703695,-0.032768419912353186,8.620299339294434,8.131414413452148,10000.0,14.861912139808005,True,False
668,0.0,0.0,0.0,0.6042129739857456,-0.025491191456003304,9.6322603225708,7.970914840698242,10000.0,18.556087784354347,True,False
669,0.0,0.0,0.0,0.43086056139893275,-0.06557063953060079,5.538913249969482,6.427732944488525,10000.0,6.135911998137498,True,False
670,0.0,0.0,0.0,0.6386593398589012,-0.008396014409396675,9.88364028930664,7.737802982330322,10000.0,19.537269073681088,True,False
671,0.0,0.0,0.0,1.1448654852493498,-0.013812458264893357,14.84233283996582,6.4821295738220215,10000.0,44.05896882646556,True,False
672,0.0,0.0,0.0,0.550322714837,0.07400784543096546,6.911172866821289,6.279200077056885,10000.0,9.552862079017359,True,False
673,0.0,0.0,0.0,0.33620276778484887,0.015983634543656797,5.2579193115234375,7.819565773010254,10000.0,5.529143097298217,True,False
674,0.0,0.0,0.0,0.2977138223364114,-0.045508916759598034,5.5236053466796875,9.276702880859375,10000.0,6.102043205173686,True,False
675,0.0,0.0,0.0,0.4155525980535167,-0.02803030208508695,6.2812700271606445,7.557731628417969,10000.0,7.890870630821336,True,False
676,0.0,0.0,0.0,0.3821273430212709,-0.1822082567138474,5.595459938049316,7.321459770202637,10000.0,6.261834383662972,True,False
677,0.0,0.0,0.0,0.42597526430833743,-0.006969194571463094,6.921106815338135,8.123836517333984,10000.0,9.580343909863991,True,False
678,0.0,0.0,0.0,0.36763005948866856,-0.03585948604800696,6.253408432006836,8.50502872467041,10000.0,7.821023403498838,True,False
679,0.0,0.0,0.0,0.4832063771427395,0.013947878923706062,6.715978145599365,6.9493889808654785,10000.0,9.020872490433653,True,False
680,0.0,0.0,0.0,0.3544428463115362,0.011961703698308478,5.252293586730957,7.409224987030029,10000.0,5.5173175842430275,True,False
681,0.0,0.0,0.0,0.5624802749973041,0.04274062519127302,7.606123447418213,6.76123571395874,10000.0,11.57062277947302,True,False
682,0.0,0.0,0.0,0.7236026989326021,-0.02110766070796347,9.093652725219727,6.283595085144043,10000.0,16.538903977379235,True,False
683,0.0,0.0,0.0,0.32698634691598477,-0.1293429779371691,5.076839923858643,7.763076305389404,10000.0,5.1548607224970056,True,False
684,0.0,0.0,0.0,0.626203437585786,-0.09382739733842381,9.204325675964355,7.34930944442749,10000.0,16.943922229843338,True,False
685,0.0,0.0,0.0,0.8711028536319353,-0.05930663156111577,14.129493713378906,8.11011791229248,10000.0,39.92851851928279,True,False
686,0.0,0.0,0.0,0.3190456612993189,-0.09403608174217683,4.647682189941406,7.283725738525391,10000.0,4.32018994773971,True,False
687,0.0,0.0,0.0,0.7930607477565994,0.039270887043534354,13.293949127197266,8.38141918182373,10000.0,35.34581667930178,True,False
688,0.0,0.0,0.0,0.5727576323313016,-0.06101782879145468,6.740713596343994,5.8844380378723145,10000.0,9.087443957587354,True,False
689,0.0,0.0,0.0,0.49958592966508286,-0.09731220942725281,7.39223051071167,7.398357391357422,10000.0,10.9290143846993,True,False
690,0.0,0.0,0.0,1.0317819357586353,-0.1492996495397276,14.04751205444336,6.807403564453125,10000.0,39.46651898394629,True,False
691,0.0,0.0,0.0,0.3685437380900139,-0.058847942496890064,5.978107452392578,8.110445022583008,10000.0,7.147553742470336,True,False
692,0.0,0.0,0.0,0.5981191336111076,0.05773036151365588,9.102778434753418,7.609502792358398,10000.0,16.572115046442377,True,False
693,0.0,0.0,0.0,0.29740218966005877,-0.07207144934227204,4.511448860168457,7.584760665893555,10000.0,4.070634163583055,True,False
694,0.0,0.0,0.0,0.5112505972352615,-0.040678762057553025,5.820737361907959,5.692646026611328,10000.0,6.776196687262242,True,False
695,0.0,0.0,0.0,0.36374390843737,-0.05646421566404014,5.578622341156006,7.668337821960449,10000.0,6.22420544504898,True,False
696,0.0,0.0,0.0,0.34994687900810045,0.0716887535969576,4.714112281799316,6.73546838760376,10000.0,4.4445709210822315,True,False
697,0.0,0.0,0.0,0.3653946963002277,-0.05363682128188861,5.657031059265137,7.7409868240356445,10000.0,6.400400081098084,True,False
698,0.0,0.0,0.0,0.48219814742404804,-0.027610325696884618,7.318685054779053,7.588877201080322,10000.0,10.712630186209253,True,False
699,0.0,0.0,0.0,0.3397623586218374,-0.07821297354172842,5.443859577178955,8.011275291442871,10000.0,5.9271214192086035,True,False
700,0.0,0.0,0.0,0.36318534757639903,-0.06541582384919001,5.035802364349365,6.932826995849609,10000.0,5.071861090557331,True,False
701,0.0,0.0,0.0,0.4466890425364951,-0.022235978521639065,5.694573879241943,6.374203681945801,10000.0,6.485634333228926,True,False
702,0.0,0.0,0.0,0.49162757983313254,0.0790588237342398,7.2311787605285645,7.354325771331787,10000.0,10.457989253343882,True,False
703,0.0,0.0,0.0,0.3849573186975464,-0.038884189964014264,7.000773906707764,9.09292221069336,10000.0,9.802167058568052,True,False
704,0.0,0.0,0.0,0.36629674942122004,-0.044896071986247864,5.567831039428711,7.600164413452148,10000.0,6.200148496725159,True,False
705,0.0,0.0,0.0,0.3221841160078117,0.036130687673809586,4.820818901062012,7.481465816497803,10000.0,4.6480589753673485,True,False
706,0.0,0.0,0.0,0.6656231646344877,-0.009663252062763222,8.68768310546875,6.52597713470459,10000.0,15.095167548209425,True,False
707,0.0,0.0,0.0,0.5347976618591099,0.040366931413415276,8.45356559753418,7.903517723083496,10000.0,14.292554262362678,True,False
708,0.0,0.0,0.0,0.5390545103057947,-0.0383506337237581,8.38623046875,7.7786478996276855,10000.0,14.065772294998169,True,False
709,0.0,0.0,0.0,0.4850528341394763,-0.0653270468558329,7.63709020614624,7.87243127822876,10000.0,11.665029363362962,True,False
710,0.0,0.0,0.0,0.7064434931652221,-0.1772604359591391,10.87183952331543,7.694769382476807,10000.0,23.639378924144694,True,False
711,0.0,0.0,0.0,0.7368651184406602,-0.08574587485677357,8.869891166687012,6.018666744232178,10000.0,15.734993861774456,True,False
712,0.0,0.0,0.0,0.5412920752291961,-0.01271115392332611,7.473778247833252,6.903646469116211,10000.0,11.171472259557092,True,False
713,0.0,0.0,0.0,0.43731225499644466,-0.05651089165454545,5.143194675445557,5.880460262298584,10000.0,5.290490293906302,True,False
714,0.0,0.0,0.0,0.3608569751895617,-0.03520201041054132,5.858460903167725,8.117427825927734,10000.0,6.864312830788958,True,False
715,0.0,0.0,0.0,0.5962340449723145,-0.02423482112201437,9.592010498046875,8.043829917907715,10000.0,18.40133307892829,True,False
716,0.0,0.0,0.0,0.3032537367118973,0.011348850654482523,4.8257551193237305,7.956629276275635,10000.0,4.657582494335838,True,False
717,0.0,0.0,0.0,0.4785978975582734,-0.08977299006882124,6.609803676605225,6.905383110046387,10000.0,8.737900928652785,True,False
718,0.0,0.0,0.0,0.4113523308976707,0.04120826352221061,7.705381393432617,9.365914344787598,10000.0,11.874580483651513,True,False
719,0.0,0.0,0.0,0.359866539404332,-0.08194127556207263,7.286275386810303,10.123579978942871,10000.0,10.617961802487521,True,False
720,0.0,0.0,0.0,0.4472007508498006,-0.004934367813568455,6.098519325256348,6.81854772567749,10000.0,7.438387592105027,True,False
721,0.0,0.0,0.0,0.4529309383610019,-0.0724375491669634,6.654646396636963,7.3462042808532715,10000.0,8.856863732854663,True,False
722,0.0,0.0,0.0,0.5039577897859238,-0.005316286564212924,8.254863739013672,8.190034866333008,10000.0,13.628555069936553,True,False
723,0.0,0.0,0.0,0.5433615103681186,0.007426520522933662,7.900806427001953,7.270303726196289,10000.0,12.48454843939107,True,False
724,0.0,0.0,0.0,0.38088885791497806,0.009568614658722748,5.587461948394775,7.334766864776611,10000.0,6.243946204951907,True,False
725,0.0,0.0,0.0,0.3344898973773565,-0.022772082302680415,6.564053535461426,9.81203556060791,10000.0,8.617359763280724,True,False
726,0.0,0.0,0.0,0.4544594482938852,-0.0515692118564304,6.729907512664795,7.404299259185791,10000.0,9.058331025804407,True,False
727,0.0,0.0,0.0,0.42277677259130975,-0.0023864616029071386,7.433032512664795,8.790729522705078,10000.0,11.04999446686638,True,False
728,0.0,0.0,0.0,0.32533508143831114,-0.024593477945933227,5.91311502456665,9.087730407714844,10000.0,6.992985858751169,True,False
729,0.0,0.0,0.0,0.6933893072488356,-0.09122866111328991,10.773760795593262,7.768911838531494,10000.0,23.214784336132468,True,False
730,0.0,0.0,0.0,0.7420361232681687,-0.03371693137540126,11.189393043518066,7.5396552085876465,10000.0,25.040503336466088,True,False
731,0.0,0.0,0.0,0.40768542460417634,0.04533666115315655,6.3946661949157715,7.842647552490234,10000.0,8.178351148879706,True,False
732,0.0,0.0,0.0,0.5685363481050735,-0.032907109712518624,11.429558753967285,10.051739692687988,10000.0,26.12696266207803,True,False
733,0.0,0.0,0.0,0.9089892432149417,-0.05570391986655009,11.157642364501953,6.137389659881592,10000.0,24.898596626825736,True,False
734,0.0,0.0,0.0,0.6204716637439517,0.0533651858565417,11.87957763671875,9.57302188873291,10000.0,28.22487296536565,True,False
735,0.0,0.0,0.0,0.2684278489557173,-0.05612878356017764,4.8163371086120605,8.971381187438965,10000.0,4.639420628758717,True,False
736,0.0,0.0,0.0,0.3242980596656194,-0.08878237551475125,5.594867706298828,8.626119613647461,10000.0,6.260508930197101,True,False
737,0.0,0.0,0.0,0.388446243438897,-0.1468463914366089,6.258358955383301,8.055630683898926,10000.0,7.833411362885272,True,False
738,0.0,0.0,0.0,0.41143634384929945,-0.004709154223967563,6.293662071228027,7.648403167724609,10000.0,7.92203645336285,True,False
739,0.0,0.0,0.0,0.653464854872784,-0.01516327293627946,8.68441390991211,6.6448974609375,10000.0,15.083808991734983,True,False
740,0.0,0.0,0.0,0.40818652899718705,-0.04787028468555084,5.972914218902588,7.316402912139893,10000.0,7.1351408532737395,True,False
741,0.0,0.0,0.0,0.6530872372163635,-0.010178952347075559,10.358198165893555,7.930179595947266,10000.0,21.458453848784117,True,False
742,0.0,0.0,0.0,0.5407042506241221,0.07691255957851492,7.992133617401123,7.3904852867126465,10000.0,12.77483995167863,True,False
743,0.0,0.0,0.0,0.41367903194537076,-0.05034232219360499,5.990878582000732,7.240974426269531,10000.0,7.178125236855021,True,False
744,0.0,0.0,0.0,0.5760410715855159,-0.08890075621614117,8.000726699829102,6.944580078125,10000.0,12.802325545071653,True,False
745,0.0,0.0,0.0,0.6534558804482719,0.0036929269297717973,9.526931762695312,7.289651870727539,10000.0,18.15248576221056,True,False
746,0.0,0.0,0.0,0.3521748448867441,0.01784787696237831,6.80107307434082,9.655818939208984,10000.0,9.250918992504737,True,False
747,0.0,0.0,0.0,0.9872394202220055,0.0038734891395618724,12.516871452331543,6.339329242706299,10000.0,31.33441419083846,True,False
748,0.0,0.0,0.0,0.5980775922969794,-0.035355570479705396,8.996603012084961,7.521267414093018,10000.0,16.187773151411236,True,False
749,0.0,0.0,0.0,0.577523711954856,-0.00958647398531085,8.52652645111084,7.3819708824157715,10000.0,14.540330664298558,True,False
750,0.0,0.0,0.0,0.6639244691433778,0.12483537643212003,10.89676570892334,8.206329345703125,10000.0,23.747900583033513,True,False
751,0.0,0.0,0.0,0.5516434077799496,0.010910506376526408,7.910171985626221,7.169642448425293,10000.0,12.51416416843717,True,False
752,0.0,0.0,0.0,0.6143543430411975,-0.040033569669555485,12.049820899963379,9.80689811706543,10000.0,29.039636744238848,True,False
753,0.0,0.0,0.0,0.5028586293390844,-0.12266845165381506,8.249760627746582,8.202862739562988,10000.0,13.611710083023532,True,False
754,0.0,0.0,0.0,0.5130622293379391,-0.018999958208145176,8.938509941101074,8.710941314697266,10000.0,15.979391993432543,True,False
755,0.0,0.0,0.0,0.5916761350427748,-0.019782777921112035,7.767193794250488,6.563720703125,10000.0,12.065859887488656,True,False
756,0.0,0.0,0.0,0.5594532816219147,-0.02385279661605966,8.269601821899414,7.390788555145264,10000.0,13.677262858552417,True,False
757,0.0,0.0,0.0,0.3432398598549103,-0.059870675792117876,5.151747226715088,7.504587650299072,10000.0,5.308099897593319,True,False
758,0.0,0.0,0.0,0.6636493733515628,-0.044795641901859494,8.325556755065918,6.272556781768799,10000.0,13.862979056364743,True,False
759,0.0,0.0,0.0,0.525257333121972,0.007939315436670981,7.223731994628906,6.876374244689941,10000.0,10.43646078604506,True,False
760,0.0,0.0,0.0,0.6544066052266071,-0.026711962644551366,8.812294006347656,6.733041763305664,10000.0,15.531305130862165,True,False
761,0.0,0.0,0.0,0.3246990095326266,-0.09957360920764687,5.726265907287598,8.817806243896484,10000.0,6.558024248192851,True,False
762,0.0,0.0,0.0,0.3347829308699173,0.05479280768758123,5.428942680358887,8.108153343200684,10000.0,5.894683725324466,True,False
763,0.0,0.0,0.0,0.5861246780685866,-0.11764895954756412,9.224786758422852,7.869304180145264,10000.0,17.019338147674716,True,False
764,0.0,0.0,0.0,0.4317702873877256,-0.08889531159345959,7.011190891265869,8.119121551513672,10000.0,9.831359542753894,True,False
765,0.0,0.0,0.0,0.5856859925000757,-0.12538738524679335,9.478230476379395,8.09156322479248,10000.0,17.967370592673433,True,False
766,0.0,0.0,0.0,0.5719944474926458,0.0021739803743502932,12.246611595153809,10.705183982849121,10000.0,29.99589911251114,True,False
767,0.0,0.0,0.0,0.35086688289766205,-0.04898868469235703,5.218405723571777,7.436446666717529,10000.0,5.446351659161337,True,False
768,0.0,0.0,0.0,0.42950364201035107,0.00764346454842541,7.037858009338379,8.193013191223145,10000.0,9.90628907192167,True,False
769,0.0,0.0,0.0,0.3418955156908593,-0.04681719734710867,6.115488052368164,8.943504333496094,10000.0,7.479838823731551,True,False
770,0.0,0.0,0.0,0.3586180352430764,0.02889640279896927,6.213386058807373,8.662958145141602,10000.0,7.721233263156364,True,False
771,0.0,0.0,0.0,0.5124585818014744,0.12019528921183296,9.5243501663208,9.292799949645996,10000.0,18.142649218139013,True,False
772,0.0,0.0,0.0,0.39413000173673546,0.007348055618502042,6.2827959060668945,7.970461368560791,10000.0,7.894704879458185,True,False
773,0.0,0.0,0.0,0.5392522291402748,0.014317039286126893,9.504302024841309,8.812482833862305,10000.0,18.066351395880517,True,False
774,0.0,0.0,0.0,1.0807923764672576,-0.023301043248167015,13.776312828063965,6.373246669769287,10000.0,37.95735902733594,True,False
775,0.0,0.0,0.0,0.4500884482031074,0.00047477539514647374,9.150788307189941,10.165544509887695,10000.0,16.747385328600828,True,False
776,0.0,0.0,0.0,0.5991828809050243,-0.008011780766197886,9.067904472351074,7.566892147064209,10000.0,16.44537830393692,True,False
777,0.0,0.0,0.0,0.4127076636361899,0.07599681105740767,7.042007923126221,8.531472206115723,10000.0,9.91797511787449,True,False
778,0.0,0.0,0.0,0.5173800806715224,-0.024495608968462274,7.77224063873291,7.5111517906188965,10000.0,12.081544909274271,True,False
779,0.0,0.0,0.0,0.3580026008800303,-0.017209622899879696,7.812148571014404,10.91074275970459,10000.0,12.205933059120476,True,False
780,0.0,0.0,0.0,0.4779737993872171,-0.08018329259027847,5.530531406402588,5.785391807556152,10000.0,6.117355527441077,True,False
781,0.0,0.0,0.0,0.5140759428494956,-0.035993223075197096,8.645674705505371,8.408946990966797,10000.0,14.949538222683074,True,False
782,0.0,0.0,0.0,0.5484567194598101,-0.08808811739103188,8.679019927978516,7.912219524383545,10000.0,15.065077382049637,True,False
783,0.0,0.0,0.0,0.5345366958577071,-0.12185741461226827,10.511085510253906,9.831958770751953,10000.0,22.09658372077392,True,False
784,0.0,0.0,0.0,0.541477145974104,-0.08844201975590261,7.759124755859375,7.164775848388672,10000.0,12.040803395397958,True,False
785,0.0,0.0,0.0,0.5849398721612626,0.03539763776351435,7.640383243560791,6.530913352966309,10000.0,11.675091221696903,True,False
786,0.0,0.0,0.0,0.33267178672031783,-0.07257914747602386,5.62891960144043,8.460169792175293,10000.0,6.336947175896057,True,False
787,0.0,0.0,0.0,0.31094472262132217,-0.09216265020609034,5.136758327484131,8.25992202758789,10000.0,5.277257222995512,True,False
788,0.0,0.0,0.0,0.26741246774728533,0.03747738077488494,4.91147518157959,9.183332443237305,10000.0,4.824517691854453,True,False
789,0.0,0.0,0.0,0.6711669927729034,0.044112423158150144,11.371691703796387,8.47158145904541,10000.0,25.86307444123831,True,False
790,0.0,0.0,0.0,0.6811434195206049,0.061519436368220236,8.56604290008545,6.28798770904541,10000.0,14.675418193220864,True,False
791,0.0,0.0,0.0,0.3652518938682578,0.010294058495227335,6.232143878936768,8.531295776367188,10000.0,7.767923465553803,True,False
792,0.0,0.0,0.0,0.37541136614645304,0.025516428390825893,6.2045111656188965,8.263616561889648,10000.0,7.699191760857911,True,False
793,0.0,0.0,0.0,0.45818834298184463,-0.04533546158511169,7.208351135253906,7.866144180297852,10000.0,10.392065217823252,True,False
794,0.0,0.0,0.0,0.6051364491250908,0.031225428084357444,9.760189056396484,8.064453125,10000.0,19.05225808332034,True,False
795,0.0,0.0,0.0,0.42098662630968964,-0.1009218710528134,7.132017135620117,8.470598220825195,10000.0,10.173133684555793,True,False
796,0.0,0.0,0.0,0.7583985653170572,0.12940329621714128,10.458457946777344,6.8950934410095215,10000.0,21.87586852490203,True,False
797,0.0,0.0,0.0,0.4009016317974061,-0.014346174294419091,7.7569122314453125,9.674333572387695,10000.0,12.033937473269177,True,False
798,0.0,0.0,0.0,0.31961090121986324,0.03191016658817484,6.143302917480469,9.610596656799316,10000.0,7.548034147184808,True,False
799,0.0,0.0,0.0,0.5404452760727654,0.0920585462475999,9.91999340057373,9.177611351013184,10000.0,19.68125381348527,True,False
800,0.0,0.0,0.0,0.6934705395967392,-0.0860999398280423,9.169268608093262,6.61114501953125,10000.0,16.81509736147291,True,False
801,0.0,0.0,0.0,0.5170501346774761,-0.08753142134765751,9.629639625549316,9.312094688415527,10000.0,18.54599186358992,True,False
802,0.0,0.0,0.0,0.2914658084009411,-0.058619259784164116,6.087220668792725,10.442426681518555,10000.0,7.410851094115468,True,False
803,0.0,0.0,0.0,0.434630175417356,-0.04908807512136884,6.682832717895508,7.687952995300293,10000.0,8.93205062707493,True,False
804,0.0,0.0,0.0,0.5622966042102069,-0.07121902020134778,8.456327438354492,7.519454479217529,10000.0,14.301894748933407,True,False
805,0.0,0.0,0.0,0.4416909933362094,-0.05078167572933627,6.526226043701172,7.387773513793945,10000.0,8.518325274696686,True,False
806,0.0,0.0,0.0,0.5510692470222974,-0.06519500946983457,8.213053703308105,7.451925277709961,10000.0,13.490850226684593,True,False
807,0.0,0.0,0.0,0.3829079784559531,-0.011862509340696865,5.822427272796631,7.602906703948975,10000.0,6.7801318694012025,True,False
808,0.0,0.0,0.0,0.27626983523846954,0.03379233872323315,5.332160949707031,9.650277137756348,10000.0,5.686388078716117,True,False
809,0.0,0.0,0.0,0.3908040333998465,-0.08801155826682543,5.856858730316162,7.493344783782959,10000.0,6.860558837376129,True,False
810,0.0,0.0,0.0,0.6271313043058364,0.04971725950684148,12.658116340637207,10.09207820892334,10000.0,32.04558185862132,True,False
811,0.0,0.0,0.0,0.37840717058317896,0.008137968214268328,6.6585235595703125,8.798093795776367,10000.0,8.867187198670578,True,False
812,0.0,0.0,0.0,0.4279601213888036,-0.0059531317958372585,6.720249652862549,7.851490497589111,10000.0,9.032351079359842,True,False
813,0.0,0.0,0.0,0.6011628416440992,-0.10253793958003461,8.570799827575684,7.1285176277160645,10000.0,14.691721936874274,True,False
814,0.0,0.0,0.0,0.4568973986225499,0.03594621737981948,7.056667327880859,7.722376346588135,10000.0,9.959310755276235,True,False
815,0.0,0.0,0.0,0.42711150106041584,0.02300426396706951,8.86622142791748,10.379281997680664,10000.0,15.721976481772614,True,False
816,0.0,0.0,0.0,0.26642387428280195,0.010132604435891111,4.708157062530518,8.83583927154541,10000.0,4.433348585091199,True,False
817,0.0,0.0,0.0,0.4309095482031662,-0.007948553714915096,8.385222434997559,9.7296781539917,10000.0,14.062391056877274,True,False
818,0.0,0.0,0.0,0.5948234836685018,-0.09504639842806058,7.869607448577881,6.615077972412109,10000.0,12.386144278942488,True,False
819,0.0,0.0,0.0,0.7057752659383926,-0.0492165518702558,9.253890037536621,6.555833339691162,10000.0,17.126896165363902,True,False
820,0.0,0.0,0.0,0.5189639611685509,-0.016042162289290254,8.868355751037598,8.544288635253906,10000.0,15.729546745392327,True,False
821,0.0,0.0,0.0,0.5773326013594468,-0.012834192013946826,8.179872512817383,7.084194183349609,10000.0,13.38206286518907,True,False
822,0.0,0.0,0.0,0.4721747262167254,0.04940433380100696,5.89390754699707,6.241235733032227,10000.0,6.9476292345098045,True,False
823,0.0,0.0,0.0,0.45001593418945046,0.039808190725122226,8.228282928466797,9.142212867736816,10000.0,13.540927990179625,True,False
824,0.0,0.0,0.0,0.48387638657764487,0.001848603776508136,7.0640435218811035,7.299429893493652,10000.0,9.980142175806073,True,False
825,0.0,0.0,0.0,0.5837061339580162,0.0007714838554811514,9.379778861999512,8.034675598144531,10000.0,17.596050300002574,True,False
826,0.0,0.0,0.0,0.4256290087245782,0.05857678543922191,6.520951271057129,7.660369873046875,10000.0,8.504561095900314,True,False
827,0.0,0.0,0.0,0.30512915449051614,-0.010394115113484667,5.6390910148620605,9.240498542785645,10000.0,6.359869494779602,True,False
828,0.0,0.0,0.0,0.44605478553277195,-0.03740430492766859,7.819167137145996,8.764805793762207,10000.0,12.227874943724778,True,False
829,0.0,0.0,0.0,0.40540668442261696,-0.09779055153692925,6.352040767669678,7.834158897399902,10000.0,8.069684382827518,True,False
830,0.0,0.0,0.0,0.6285097134932632,0.05141182748213158,9.038516998291016,7.190435409545898,10000.0,16.338957905679123,True,False
831,0.0,0.0,0.0,0.46257885720953335,-0.004419266669559184,9.194764137268066,9.938591003417969,10000.0,16.908737507998197,True,False
832,0.0,0.0,0.0,0.3942230785746708,-0.04407498421737631,9.851338386535645,12.494624137878418,10000.0,19.40977360120614,True,False
833,0.0,0.0,0.0,0.38634738887400477,0.01687848707533665,7.082540512084961,9.16602611541748,10000.0,10.032476021064937,True,False
834,0.0,0.0,0.0,0.4099425045590481,-0.050134533040712255,7.395759582519531,9.02048397064209,10000.0,10.93945196048589,True,False
835,0.0,0.0,0.0,0.834294283442169,-0.012714081187311183,12.633418083190918,7.571320056915283,10000.0,31.920650492939046,True,False
836,0.0,0.0,0.0,0.34548507896066893,-0.07069036895208225,6.2125444412231445,8.991045951843262,10000.0,7.719141686834519,True,False
837,0.0,0.0,0.0,0.555010092618018,0.010682809635072912,10.239197731018066,9.224334716796875,10000.0,20.9682340349771,True,False
838,0.0,0.0,0.0,0.3411106942921452,-0.02097993172685696,6.651212215423584,9.749345779418945,10000.0,8.847724786919976,True,False
839,0.0,0.0,0.0,0.5007631599069392,0.0156248710858286,8.406636238098145,8.393824577331543,10000.0,14.134306567940982,True,False
840,0.0,0.0,0.0,0.41798554188486264,0.009547120204932978,7.459229946136475,8.922832489013672,10000.0,11.128022277867828,True,False
841,0.0,0.0,0.0,0.32221372649702423,-0.0433589141607221,5.205206871032715,8.077258110046387,10000.0,5.418835714049237,True,False
842,0.0,0.0,0.0,0.32174311854451965,-0.016926409216961955,5.69610595703125,8.851946830749512,10000.0,6.4891246147453785,True,False
843,0.0,0.0,0.0,0.4453382428583894,0.029606689759385636,7.962899684906006,8.940282821655273,10000.0,12.68155427837523,True,False
844,0.0,0.0,0.0,0.727799939870797,-0.19202610196465403,10.379655838012695,7.1308441162109375,10000.0,21.547451063118203,True,False
845,0.0,0.0,0.0,0.545196861674096,-0.0037304760808216197,9.145889282226562,8.387694358825684,10000.0,16.72945815254934,True,False
846,0.0,0.0,0.0,0.4767417277206758,0.010190831039496714,6.974166393280029,7.3144073486328125,10000.0,9.72779937623131,True,False
847,0.0,0.0,0.0,0.407822268153738,-0.10498785404988532,6.728918075561523,8.24981689453125,10000.0,9.055667693523716,True,False
848,0.0,0.0,0.0,0.3304836494889792,-0.07752575619509365,5.1351189613342285,7.769096851348877,10000.0,5.273889349410865,True,False
849,0.0,0.0,0.0,0.3941025398676952,0.046509187674266525,7.682651996612549,9.747021675109863,10000.0,11.804628340210954,True,False
850,0.0,0.0,0.0,0.38835464469655473,-0.04955310297613613,6.432958602905273,8.28232479095459,10000.0,8.27659127733859,True,False
851,0.0,0.0,0.0,0.5821812493727835,-0.18017483249294203,9.255859375,7.949293613433838,10000.0,17.134186553955075,True,False
852,0.0,0.0,0.0,0.2670586892307873,-0.01705410850832968,5.0355610847473145,9.427817344665527,10000.0,5.071375087644309,True,False
853,0.0,0.0,0.0,0.4067477519079043,-0.09181134191726555,6.7857279777526855,8.341444969177246,10000.0,9.209220837611106,True,False
854,0.0,0.0,0.0,0.32813432232187745,0.0023600697224082363,6.213258266448975,9.46755313873291,10000.0,7.720915657119303,True,False
855,0.0,0.0,0.0,0.4094690919556247,0.013813185440967901,6.692037105560303,8.171602249145508,10000.0,8.95667212443918,True,False
856,0.0,0.0,0.0,0.7014818170709126,-0.0705340501067631,12.53666877746582,8.935847282409668,10000.0,31.43361280717727,True,False
857,0.0,0.0,0.0,0.37145004507118023,-0.0018672024139919116,6.943188667297363,9.346059799194336,10000.0,9.641573773937303,True,False
858,0.0,0.0,0.0,0.46327738167159166,-0.16307115990964108,7.7490363121032715,8.363279342651367,10000.0,12.00951275325901,True,False
859,0.0,0.0,0.0,0.31689178081224656,-0.021953531541490223,5.393553256988525,8.510087013244629,10000.0,5.818083347194303,True,False
860,0.0,0.0,0.0,0.4771059558727072,-0.004540288980477257,7.963682174682617,8.345821380615234,10000.0,12.684046755871528,True,False
861,0.0,0.0,0.0,0.7328534674845365,0.002103314841325764,9.687763214111328,6.609618186950684,10000.0,18.770551218537733,True,False
862,0.0,0.0,0.0,0.3767513677796029,-0.008011885962333157,6.191667079925537,8.217179298400879,10000.0,7.667348245726725,True,False
863,0.0,0.0,0.0,0.4615325938951968,-0.15896963514641207,7.962959289550781,8.626648902893066,10000.0,12.681744129408614,True,False
864,0.0,0.0,0.0,0.47974701107469353,0.014816253743896914,8.487719535827637,8.846036911010742,10000.0,14.408276583774018,True,False
865,0.0,0.0,0.0,0.44172338185088933,0.05065697611164238,7.363395690917969,8.33484935760498,10000.0,10.843919220205862,True,False
866,0.0,0.0,0.0,0.6707655739752082,-0.001981022544027301,10.82912540435791,8.072213172912598,10000.0,23.453991404661963,True,False
867,0.0,0.0,0.0,0.5109257678656777,0.039450176769551946,8.32907485961914,8.15096378326416,10000.0,13.874697603427919,True,False
868,0.0,0.0,0.0,0.30444981129478926,-0.05398295818930197,5.434874057769775,8.92573070526123,10000.0,5.90757120476378,True,False
869,0.0,0.0,0.0,0.35917988652450167,-0.052027456342592024,6.356632709503174,8.848814964294434,10000.0,8.081355880705132,True,False
870,0.0,0.0,0.0,0.41181597226166716,0.061144478882337344,7.052610874176025,8.56281852722168,10000.0,9.94786402850918,True,False
871,0.0,0.0,0.0,0.49099242714778796,0.0442087286111213,9.816495895385742,9.996585845947266,10000.0,19.272718332825022,True,False
872,0.0,0.0,0.0,0.28729255787201274,-0.043939341339183285,5.6457014083862305,9.825700759887695,10000.0,6.37478887853085,True,False
873,0.0,0.0,0.0,0.5876732673845038,-0.006946551739943629,9.124898910522461,7.7635817527771,10000.0,16.6527560254508,True,False
874,0.0,0.0,0.0,0.41037673685928616,0.02172092076567937,6.399725914001465,7.797379016876221,10000.0,8.191298354868373,True,False
875,0.0,0.0,0.0,0.2255304760030793,-0.06374109746797807,4.265214443206787,9.455960273742676,10000.0,3.638410849307956,True,False
876,0.0,0.0,0.0,0.4573988119376472,-0.059727900040310596,7.600661754608154,8.308571815490723,10000.0,11.554011821592617,True,False
877,0.0,0.0,0.0,0.532405557846931,-0.02671334098761485,8.003023147583008,7.515908718109131,10000.0,12.809675900149884,True,False
878,0.0,0.0,0.0,0.7604321569726574,0.05811273276578586,11.027765274047852,7.250985622406006,10000.0,24.322321387899137,True,False
879,0.0,0.0,0.0,0.3837813441392638,0.04305345579031683,6.097414970397949,7.943865776062012,10000.0,7.435693864246602,True,False
880,0.0,0.0,0.0,0.3827070005891412,-0.007819170422268477,6.066844463348389,7.9262261390686035,10000.0,7.3613203484922,True,False
881,0.0,0.0,0.0,0.7131673698553599,-0.018038167495422485,11.680965423583984,8.189497947692871,10000.0,27.288990645392914,True,False
882,0.0,0.0,0.0,0.5693292634154626,-0.05405508861497091,9.136764526367188,8.024147987365723,10000.0,16.69609320205636,True,False
883,0.0,0.0,0.0,0.42520725124689496,-0.04114080583567498,6.619837284088135,7.784247875213623,10000.0,8.764449133560674,True,False
884,0.0,0.0,0.0,0.34960033764012366,0.04581132129360045,7.0038299560546875,10.0169095993042,10000.0,9.810726810665798,True,False
885,0.0,0.0,0.0,0.2949908780530476,0.0006886835044442482,5.988296031951904,10.149968147277832,10000.0,7.171937873258184,True,False
886,0.0,0.0,0.0,0.4771026478752067,0.004368332725623135,6.371837139129639,6.677637577056885,10000.0,8.120061705518353,True,False
887,0.0,0.0,0.0,0.3347748964124682,0.04464809704938806,6.325838088989258,9.447897911071777,10000.0,8.00324550562145,True,False
888,0.0,0.0,0.0,0.3564752776886626,-0.015502193409946512,6.0253472328186035,8.45128345489502,10000.0,7.260961855206958,True,False
889,0.0,0.0,0.0,0.39496615829555204,-0.018881774098383618,7.325755596160889,9.273902893066406,10000.0,10.733339010936511,True,False
890,0.0,0.0,0.0,0.27265130582048314,0.00030069283796047854,6.009371280670166,11.02025032043457,10000.0,7.222508637788678,True,False
891,0.0,0.0,0.0,0.3271844887427443,-0.0819775084190927,6.105892181396484,9.330962181091309,10000.0,7.456383866167741,True,False
892,0.0,0.0,0.0,0.3156219848165521,0.08788283954409035,5.984705448150635,9.480812072753906,10000.0,7.163339860224777,True,False
893,0.0,0.0,0.0,0.45971949193152034,-0.08616756094037613,8.422724723815918,9.160721778869629,10000.0,14.188458354635983,True,False
894,0.0,0.0,0.0,0.29382501505220365,0.02989308603049532,6.094912052154541,10.37166976928711,10000.0,7.429590584699735,True,False
895,0.0,0.0,0.0,0.4302941386847481,-0.015405999044346079,7.790912628173828,9.053008079528809,10000.0,12.139663915967681,True,False
896,0.0,0.0,0.0,0.4217494923179738,0.05469367184278428,9.465816497802734,11.222084045410156,10000.0,17.920336394014882,True,False
897,0.0,0.0,0.0,0.43018278172297664,0.03217133542179676,7.712923049926758,8.964704513549805,10000.0,11.897836394818292,True,False
898,0.0,0.0,0.0,0.5136005250449706,-0.03837984330632877,8.66763973236084,8.438114166259766,10000.0,15.025595706000054,True,False
899,0.0,0.0,0.0,0.5471684934625439,0.07434106441416136,8.352537155151367,7.632509231567383,10000.0,13.952975385636819,True,False
900,0.0,0.0,0.0,0.44476455877098964,-0.005148980237066712,9.794609069824219,11.011004447937012,10000.0,19.186873366136567,True,False
901,0.0,0.0,0.0,0.4616726373845162,-0.036622856624563355,7.969902515411377,8.631551742553711,10000.0,12.703869221032114,True,False
902,0.0,0.0,0.0,0.5123817791383013,-0.047174049397926784,8.855443954467773,8.641450881958008,10000.0,15.683777526143963,True,False
903,0.0,0.0,0.0,0.5161658576793254,-0.07610043023291016,8.884037971496582,8.60579776763916,10000.0,15.785226135798617,True,False
904,0.0,0.0,0.0,0.3731454652617406,0.018583064570303145,6.360109329223633,8.522292137145996,10000.0,8.090198135935495,True,False
905,0.0,0.0,0.0,0.42487369017649795,0.11547632321694966,8.95361042022705,10.53679084777832,10000.0,16.033427911439688,True,False
906,0.0,0.0,0.0,0.31838219644871835,-0.01926843625562559,7.960690498352051,12.50178337097168,10000.0,12.67451864211052,True,False
907,0.0,0.0,0.0,0.6011153966002338,-0.05074090894306118,11.078801155090332,9.215203285217285,10000.0,24.547967006806175,True,False
908,0.0,0.0,0.0,0.6105960060755379,-0.07504304768553484,8.236149787902832,6.7443528175354,10000.0,13.566832665754369,True,False
909,0.0,0.0,0.0,0.5687851839251893,-0.04713803601960322,11.556694984436035,10.159103393554688,10000.0,26.7114397926578,True,False
910,0.0,0.0,0.0,0.4491919506345542,0.01463285388151706,10.475546836853027,11.66043472290039,10000.0,21.94741630622029,True,False
911,0.0,0.0,0.0,0.5020760891254384,-0.029021267088768274,6.937244892120361,6.908559322357178,10000.0,9.625073338650004,True,False
912,0.0,0.0,0.0,0.6029435809761552,0.006290892488026154,9.868013381958008,8.183197975158691,10000.0,19.47553762130046,True,False
913,0.0,0.0,0.0,0.38789903654808305,-0.02502616564862871,6.220037937164307,8.017599105834961,10000.0,7.737774387952641,True,False
914,0.0,0.0,0.0,0.3540236686255884,-0.12526091226839406,5.934754848480225,8.381861686706543,10000.0,7.044263022311906,True,False
915,0.0,0.0,0.0,0.6039453441524012,-0.03564866372422313,9.492103576660156,7.858412742614746,10000.0,18.020006062008903,True,False
916,0.0,0.0,0.0,0.6849030049540715,0.05574286028698128,12.387984275817871,9.043604850769043,10000.0,30.692430883582162,True,False
917,0.0,0.0,0.0,0.6389509633204729,-0.0390810339786437,10.404356002807617,8.141748428344727,10000.0,21.650124766631777,True,False
918,0.0,0.0,0.0,0.3743260719795523,-0.13914615782051293,7.8470964431762695,10.481632232666016,10000.0,12.31538451770193,True,False
919,0.0,0.0,0.0,0.5296151276047425,-0.04286339723632389,9.141258239746094,8.630095481872559,10000.0,16.712520441145173,True,False
920,0.0,0.0,0.0,0.4819492565890821,0.014292078170081463,6.907716274261475,7.166435241699219,10000.0,9.543308825139363,True,False
921,0.0,0.0,0.0,0.42971124584838033,0.01134189848790424,8.840922355651855,10.287050247192383,10000.0,15.632381619732946,True,False
922,0.0,0.0,0.0,0.3334574445649143,-0.025867311656268294,5.239896774291992,7.856919765472412,10000.0,5.491303641047125,True,False
923,0.0,0.0,0.0,0.5779065159772037,0.1695496250934508,10.742865562438965,9.294639587402344,10000.0,23.0818320985274,True,False
924,0.0,0.0,0.0,0.49843104419636186,0.04722892218475837,8.121620178222656,8.147185325622559,10000.0,13.192142863862678,True,False
925,0.0,0.0,0.0,0.3600286983679127,-0.004015600955129057,7.2313408851623535,10.042728424072266,10000.0,10.458458199484127,True,False
926,0.0,0.0,0.0,0.3523455604543286,-0.07283766374005607,8.32219409942627,11.809704780578613,10000.0,13.85178292570508,True,False
927,0.0,0.0,0.0,0.5166066515896965,0.05256105187373308,10.19662094116211,9.868844032287598,10000.0,20.79421572354913,True,False
928,0.0,0.0,0.0,0.458136594464174,-0.07594641073583376,9.20697021484375,10.048280715942383,10000.0,16.95366010740399,True,False
929,0.0,0.0,0.0,0.652909877385953,-0.02427136602923572,12.361651420593262,9.466583251953125,10000.0,30.56208516885107,True,False
930,0.0,0.0,0.0,0.4411609224371794,-0.05627491753374009,8.870712280273438,10.053828239440918,10000.0,15.73790727187879,True,False
931,0.0,0.0,0.0,0.4165219352997504,-0.07663206024936528,7.081921577453613,8.501258850097656,10000.0,10.030722645840612,True,False
932,0.0,0.0,0.0,0.4462414857886687,-0.11624832532478048,7.826772212982178,8.769659996032715,10000.0,12.251672654781984,True,False
933,0.0,0.0,0.0,0.4164938898488866,-0.00987705499823023,6.977212429046631,8.376128196716309,10000.0,9.736298656008557,True,False
934,0.0,0.0,0.0,0.5000589983433825,0.004783080052152258,8.180164337158203,8.17919921875,10000.0,13.383017716582977,True,False
935,0.0,0.0,0.0,0.3475488351727298,0.035462181750065894,6.067856311798096,8.729501724243164,10000.0,7.363776044125597,True,False
936,0.0,0.0,0.0,0.8200115563519276,-0.07739138704536348,13.501615524291992,8.232576370239258,10000.0,36.458724353160505,True,False
937,0.0,0.0,0.0,0.4312393746398905,-0.19363307378711778,8.089973449707031,9.379910469055176,10000.0,13.089534083392934,True,False
938,0.0,0.0,0.0,0.23544595213417205,-0.06076814821789628,5.88991117477417,12.507989883422852,10000.0,6.938210729345926,True,False
939,0.0,0.0,0.0,0.6499775837523541,0.0051224500202090425,13.900948524475098,10.693406105041504,10000.0,38.64727397602127,True,False
940,0.0,0.0,0.0,0.4949567495589724,0.014726266526811799,7.4211249351501465,7.496740818023682,10000.0,11.014619060621449,True,False
941,0.0,0.0,0.0,0.6253327008722692,-0.17938190601288637,10.681461334228516,8.54062271118164,10000.0,22.818723246923753,True,False
942,0.0,0.0,0.0,0.27738091757776473,-0.01038080263826354,5.356733798980713,9.655916213989258,10000.0,5.738919398628468,True,False
943,0.0,0.0,0.0,0.3775689442996277,0.004317163644766307,7.045182228088379,9.329663276672363,10000.0,9.926918525394463,True,False
944,0.0,0.0,0.0,0.337727387650632,-0.026461726260832902,5.615351676940918,8.313438415527344,10000.0,6.306434891144633,True,False
945,0.0,0.0,0.0,0.5330602062116464,0.0643586921429026,9.871108055114746,9.258905410766602,10000.0,19.487754847150242,True,False
946,0.0,0.0,0.0,0.5131694420778047,0.0069138664691473185,10.014361381530762,9.757363319396973,10000.0,20.05748677597893,True,False
947,0.0,0.0,0.0,0.3723184957500309,-0.010979946077163004,7.080743789672852,9.508987426757812,10000.0,10.027386522998128,True,False
948,0.0,0.0,0.0,0.25544663551820634,0.0017674098762280276,5.980477333068848,11.705923080444336,10000.0,7.153221826270055,True,False
949,0.0,0.0,0.0,0.26468299369101417,-0.03488616198334935,5.147263050079346,9.723448753356934,10000.0,5.298863381342425,True,False
950,0.0,0.0,0.0,0.46795399486533384,-0.09053260818158708,8.620851516723633,9.211216926574707,10000.0,14.86381617467923,True,False
951,0.0,0.0,0.0,0.554663526857168,-0.07208609793042603,10.582255363464355,9.539346694946289,10000.0,22.396825715514012,True,False
952,0.0,0.0,0.0,0.4643452380952381,-0.005777968498355818,7.677680969238281,8.2672119140625,10000.0,11.789357013080732,True,False
953,0.0,0.0,0.0,0.48319356365357313,0.03762001320528941,12.171125411987305,12.594461441040039,10000.0,29.627258758864627,True,False
954,0.0,0.0,0.0,0.33328917361682936,0.03208540165313011,5.199153900146484,7.799764156341553,10000.0,5.406240255481677,True,False
955,0.0,0.0,0.0,0.5422502716584761,-0.03571821010816197,8.708036422729492,8.029536247253418,10000.0,15.165979667916687,True,False
956,0.0,0.0,0.0,0.39953228292321347,0.057863647590204445,6.978498935699463,8.733335494995117,10000.0,9.739889479111703,True,False
957,0.0,0.0,0.0,0.7972796338250274,0.07130805148550053,15.220898628234863,9.545520782470703,10000.0,46.33515101020038,True,False
958,0.0,0.0,0.0,0.20217589537005592,-0.08027707746275545,4.332921028137207,10.715721130371094,10000.0,3.754840927214717,True,False
959,0.0,0.0,0.0,0.38476108196739583,-0.05989282598083982,6.058315277099609,7.872827529907227,10000.0,7.340636799347703,True,False
960,0.0,0.0,0.0,0.38096695570669087,-0.05495313875721818,6.459300518035889,8.477507591247559,10000.0,8.34451263645974,True,False
961,0.0,0.0,0.0,0.5220898808085748,-0.08629531940065242,7.928308486938477,7.592857837677002,10000.0,12.57161509281213,True,False
962,0.0,0.0,0.0,0.2908205640960233,-0.06146861992906753,4.927440166473389,8.4716157913208,10000.0,4.855933318835056,True,False
963,0.0,0.0,0.0,0.5270596359276057,-0.0656691126006707,9.721837997436523,9.222711563110352,10000.0,18.90282680968012,True,False
964,0.0,0.0,0.0,0.49466440819950414,0.038476006194019946,11.51513957977295,11.639345169067383,10000.0,26.519687908330695,True,False
965,0.0,0.0,0.0,0.614761114301769,-0.027674611249998447,9.642766952514648,7.842694282531738,10000.0,18.59659090010173,True,False
966,0.0,0.0,0.0,0.5750067199073134,-0.049105453755219006,9.784280776977539,8.507970809936523,10000.0,19.146430064546436,True,False
967,0.0,0.0,0.0,0.46671250017362326,-0.008708572177312954,9.80557632446289,10.504942893981934,10000.0,19.22986541097343,True,False
968,0.0,0.0,0.0,0.43131857707402477,-0.017396549311984817,8.47714900970459,9.82701587677002,10000.0,14.372411066547102,True,False
969,0.0,0.0,0.0,0.33725023400297366,-0.02565962752391649,6.222164154052734,9.224847793579102,10000.0,7.743065351995753,True,False
970,0.0,0.0,0.0,0.421277395388,-0.0282593688749208,7.5428009033203125,8.95229721069336,10000.0,11.378769093425944,True,False
971,0.0,0.0,0.0,0.6581090128107079,-0.054992456391501215,12.249067306518555,9.306260108947754,10000.0,30.00792997592434,True,False
972,0.0,0.0,0.0,0.2552947197473855,-0.06730043782905235,5.531706809997559,10.833962440490723,10000.0,6.119956046354673,True,False
973,0.0,0.0,0.0,0.3250731452836202,-0.14516278652698422,5.702462196350098,8.771044731140137,10000.0,6.503615020160396,True,False
974,0.0,0.0,0.0,0.4297232927439515,-0.04595323293538459,9.011984825134277,10.485799789428711,10000.0,16.2431740976901,True,False
975,0.0,0.0,0.0,0.6069828318635301,0.0378216649217608,10.879372596740723,8.961845397949219,10000.0,23.672149619742584,True,False
976,0.0,0.0,0.0,0.5165586573598526,0.11459127310813298,11.7192964553833,11.343626022338867,10000.0,27.468381881831917,True,False
977,0.0,0.0,0.0,0.20622569090248952,-0.027108108818042872,4.107028484344482,9.957606315612793,10000.0,3.3735365942433866,True,False
978,0.0,0.0,0.0,0.6016890978291617,-0.08751503642042685,9.773457527160645,8.121684074401855,10000.0,19.10409440704261,True,False
979,0.0,0.0,0.0,0.3847481185573254,-0.03215162248193158,10.117982864379883,13.148839950561523,10000.0,20.474715448776976,True,False
980,0.0,0.0,0.0,0.5115805036412213,-0.039873050132903376,8.775834083557129,8.577178001403809,10000.0,15.403052772424594,True,False
981,0.0,0.0,0.0,0.3626691400852492,0.017619334809729298,6.682764530181885,9.21330738067627,10000.0,8.931868353171417,True,False
982,0.0,0.0,0.0,0.4165321897756597,0.0035864361212943857,7.472964286804199,8.970452308654785,10000.0,11.169039046370195,True,False
983,0.0,0.0,0.0,0.967801917993091,0.1154615829268776,16.120908737182617,8.328619956970215,10000.0,51.97673970251415,True,False
984,0.0,0.0,0.0,0.3990930032937645,0.059220355985537355,8.058443069458008,10.095946311950684,10000.0,12.98770094073916,True,False
985,0.0,0.0,0.0,0.39267480140985644,-0.013531327869610851,7.795157432556152,9.925716400146484,10000.0,12.152895879667085,True,False
986,0.0,0.0,0.0,0.47138595513235804,-0.014329858231230761,7.011905193328857,7.437541484832764,10000.0,9.833362888046437,True,False
987,0.0,0.0,0.0,0.3644585594943446,-0.0038985086673328094,6.765966892242432,9.282217025756836,10000.0,9.155661597384139,True,False
988,0.0,0.0,0.0,0.5822064801283287,-0.008588953423966643,10.209547996520996,8.76797866821289,10000.0,20.846974058653174,True,False
989,0.0,0.0,0.0,0.3210119160367124,-0.04029037313613017,5.689125061035156,8.861236572265625,10000.0,6.473228792019654,True,False
990,0.0,0.0,0.0,0.5576504446544114,-0.009509999978450083,9.777966499328613,8.767110824584961,10000.0,19.121725772398534,True,False
991,0.0,0.0,0.0,0.6305434904069264,0.032019353808553835,11.074837684631348,8.781977653503418,10000.0,24.530405948186115,True,False
992,0.0,0.0,0.0,0.3157168824988897,0.013224312051432102,5.805995941162109,9.194940567016602,10000.0,6.741917773758175,True,False
993,0.0,0.0,0.0,0.36250602083734595,-0.019470561458215317,9.089486122131348,12.53701400756836,10000.0,16.52375159288367,True,False
994,0.0,0.0,0.0,0.5105316440692712,-0.012010883808160115,9.75999927520752,9.558662414550781,10000.0,19.051517170410264,True,False
995,0.0,0.0,0.0,0.2683234932488733,-0.007475764989362731,6.457174301147461,12.032443046569824,10000.0,8.339019991079837,True,False
996,0.0,0.0,0.0,0.31408787978360775,0.04204714373789115,6.322739124298096,10.065238952636719,10000.0,7.99540600678597,True,False
997,0.0,0.0,0.0,0.36723150048742026,-0.012504049640977942,7.789431571960449,10.60561466217041,10000.0,12.135048842850843,True,False
998,0.0,0.0,0.0,0.2970186782752438,0.074631823713393,6.763783931732178,11.386125564575195,10000.0,9.149754615031675,True,False
999,0.0,0.0,0.0,0.5445272424998527,-0.09356157630044146,9.430159568786621,8.65903377532959,10000.0,17.785581898555577,True,False
1000,0.0,0.0,0.0,0.5340202976687964,-0.03031646251469675,12.575728416442871,11.774579048156738,10000.0,31.62978904082574,True,False
1001,0.0,0.0,0.0,0.466090887879186,-0.00358226953524842,9.243210792541504,9.915674209594727,10000.0,17.08738915107115,True,False
1002,0.0,0.0,0.0,0.43128943723124846,0.05204910404132623,8.021831512451172,9.299823760986328,10000.0,12.869956162830931,True,False
1003,0.0,0.0,0.0,0.7128146539661964,-0.08401808887379442,11.67958927154541,8.192584991455078,10000.0,27.282561110399726,True,False
1004,0.0,0.0,0.0,0.28374639894555836,-0.12068538952698842,5.747286319732666,10.1275053024292,10000.0,6.60626000819725,True,False
1005,0.0,0.0,0.0,0.4362898704659597,-0.05229413668431762,7.632503032684326,8.747055053710938,10000.0,11.651020508787084,True,False
1006,0.0,0.0,0.0,0.3267159404517337,-4.910653146714675e-05,5.689339637756348,8.706859588623047,10000.0,6.473717102749106,True,False
1007,0.0,0.0,0.0,0.32434252564503036,-0.07960918737399403,6.470202445983887,9.974335670471191,10000.0,8.37270393840317,True,False
1008,0.0,0.0,0.0,0.6409225505101993,-0.00034427916953031065,11.811325073242188,9.214315414428711,10000.0,27.90147999715991,True,False
1009,0.0,0.0,0.0,0.49468384115237846,0.0223950469350163,11.296163558959961,11.417558670043945,10000.0,25.520662230154983,True,False
1010,0.0,0.0,0.0,0.6299954255046156,-0.033733364983371775,11.22424602508545,8.908196449279785,10000.0,25.1967397663293,True,False
1011,0.0,0.0,0.0,0.38313712818327267,-0.017935909084837342,7.421229839324951,9.684822082519531,10000.0,11.014930465617404,True,False
1012,0.0,0.0,0.0,0.3833242599930347,-0.032873006092818666,6.72845983505249,8.776459693908691,10000.0,9.054434350382913,True,False
1013,0.0,0.0,0.0,0.3884890606201921,0.029599287743213992,6.428841590881348,8.274160385131836,10000.0,8.26600084012916,True,False
1014,0.0,0.0,0.0,0.4244023418774899,-0.07579963011030953,8.107284545898438,9.551413536071777,10000.0,13.145612541632723,True,False
1015,0.0,0.0,0.0,0.6325096177465749,0.09516252458650301,12.179883003234863,9.628219604492188,10000.0,29.6699099944979,True,False
1016,0.0,0.0,0.0,0.4380201746332787,-0.06858816043338943,8.377665519714355,9.563104629516602,10000.0,14.037055912042156,True,False
1017,0.0,0.0,0.0,0.509618454865421,-0.0836656586561116,8.56323528289795,8.40161418914795,10000.0,14.665799702053661,True,False
1018,0.0,0.0,0.0,0.4931737866940502,0.01020636538393298,9.190523147583008,9.317732810974121,10000.0,16.893143145251813,True,False
1019,0.0,0.0,0.0,0.4861188726980495,0.027436823428209415,10.514127731323242,10.814358711242676,10000.0,22.109376390116083,True,False
1020,0.0,0.0,0.0,0.29375000247023175,0.006240222461962009,5.670355319976807,9.651668548583984,10000.0,6.430585890957854,True,False
1021,0.0,0.0,0.0,0.4161459012699956,0.00566388231312102,8.367061614990234,10.053038597106934,10000.0,14.001544013808598,True,False
1022,0.0,0.0,0.0,0.5939002561590729,-0.1007773042968666,11.241999626159668,9.46455192565918,10000.0,25.27651111891481,True,False
1023,0.0,0.0,0.0,0.3547838462738514,0.04076170331290415,7.790343761444092,10.979000091552734,10000.0,12.137891184294176,True,False
1024,0.0,0.0,0.0,0.2208707873066567,0.007347176881892433,4.7196550369262695,10.684199333190918,10000.0,4.455028733516702,True,False
1025,0.0,0.0,0.0,0.5034148035315053,0.013433876526185056,8.544473648071289,8.4865140914917,10000.0,14.601605984516937,True,False
1026,0.0,0.0,0.0,0.3675426649548177,-0.023476240058391492,6.034648895263672,8.209453582763672,10000.0,7.283397457821408,True,False
1027,0.0,0.0,0.0,0.20121727735424697,0.040208712900672704,4.695377349853516,11.667430877685547,10000.0,4.409313691503485,True,False
1028,0.0,0.0,0.0,0.2680790885217239,-0.14066132312344284,7.641074180603027,14.251529693603516,10000.0,11.677202926695642,True,False
1029,0.0,0.0,0.0,0.30480312455179737,-0.08514999812025646,5.731582164764404,9.402105331420898,10000.0,6.57020682228908,True,False
1030,0.0,0.0,0.0,0.4063096191888393,0.03208076597872596,8.588508605957031,10.568921089172363,10000.0,14.752496014919593,True,False
1031,0.0,0.0,0.0,0.40018391047689544,0.0813580248865286,8.012223243713379,10.010676383972168,10000.0,12.839144261420188,True,False
1032,0.0,0.0,0.0,0.49850900610545174,0.06470405913444147,9.691368103027344,9.720354080200195,10000.0,18.784523141675166,True,False
1033,0.0,0.0,0.0,0.5165194425911769,-0.023151721731781837,7.935490608215332,7.681695938110352,10000.0,12.594402238614748,True,False
1034,0.0,0.0,0.0,0.45324905018351525,0.07656720818049172,10.216315269470215,11.270090103149414,10000.0,20.87461953704205,True,False
1035,0.0,0.0,0.0,0.5680980861375869,-0.06608458636213559,9.830315589904785,8.651952743530273,10000.0,19.32702091942501,True,False
1036,0.0,0.0,0.0,0.32554681794193524,0.056395756939086335,5.700531005859375,8.755316734313965,10000.0,6.4992107497528195,True,False
1037,0.0,0.0,0.0,0.40045675016401583,-0.001082818737753275,8.268383026123047,10.323690414428711,10000.0,13.67323157333594,True,False
1038,0.0,0.0,0.0,0.4457164192594106,-0.06562946900171483,8.681917190551758,9.739283561706543,10000.0,15.075137220719625,True,False
1039,0.0,0.0,0.0,0.32958896761366596,-0.021642082696684065,8.301874160766602,12.594284057617188,10000.0,13.784222916240829,True,False
1040,0.0,0.0,0.0,0.43443033052539026,0.0018073112809144692,9.789483070373535,11.267034530639648,10000.0,19.16679575702601,True,False
1041,0.0,0.0,0.0,0.38228415224481666,-0.056944313602643716,7.5953826904296875,9.934210777282715,10000.0,11.53796764281578,True,False
1042,0.0,0.0,0.0,0.36914952648620086,-0.10892593969349526,7.035930633544922,9.529919624328613,10000.0,9.900863976011166,True,False
1043,0.0,0.0,0.0,0.5494142276185364,-0.055330508321510055,9.725512504577637,8.850801467895508,10000.0,18.917118695339198,True,False
1044,0.0,0.0,0.0,0.31070557422983325,0.018369370035438207,6.10647439956665,9.826786041259766,10000.0,7.457805918512577,True,False
1045,0.0,0.0,0.0,0.32907823941038944,-0.021567705527601073,7.316915512084961,11.117288589477539,10000.0,10.707450522197902,True,False
1046,0.0,0.0,0.0,0.3947839524064319,0.016909827179543358,7.443084239959717,9.42678165435791,10000.0,11.07990060062734,True,False
1047,0.0,0.0,0.0,0.39058404308832884,-0.01060737733652902,6.4037909507751465,8.197711944580078,10000.0,8.201707708245927,True,False
1048,0.0,0.0,0.0,0.6022286010610117,0.00846576349905387,11.671164512634277,9.68997859954834,10000.0,27.24321621619474,True,False
1049,0.0,0.0,0.0,0.5088900138621444,0.004934732583712829,10.13122844696045,9.954241752624512,10000.0,20.528357968900124,True,False
1050,0.0,0.0,0.0,0.37651559994855227,-0.01577570930515889,7.1022162437438965,9.431503295898438,10000.0,10.088295114579928,True,False
1051,0.0,0.0,0.0,0.4023349656999791,-0.0820524435225549,8.9120454788208,11.07540512084961,10000.0,15.884910923314052,True,False
1052,0.0,0.0,0.0,0.4469408738949028,0.022014144658884405,8.076944351196289,9.035808563232422,10000.0,13.047406010464329,True,False
1053,0.0,0.0,0.0,0.27645510259387646,-0.04034171700543115,5.239895343780518,9.476937294006348,10000.0,5.491300642754549,True,False
1054,0.0,0.0,0.0,0.6264439380060473,-0.015475077188306688,11.03005313873291,8.803703308105469,10000.0,24.332414448654333,True,False
1055,0.0,0.0,0.0,0.5529762757692777,-0.15726589261188048,10.444697380065918,9.444073677062988,10000.0,21.81834067223116,True,False
1056,0.0,0.0,0.0,0.41377889143307856,0.07606964957488309,10.744470596313477,12.98334789276123,10000.0,23.088729679008964,True,False
1057,0.0,0.0,0.0,0.3985743001097477,0.10552613458965332,7.677173614501953,9.630793571472168,10000.0,11.787798941440997,True,False
1058,0.0,0.0,0.0,0.3332074550627707,0.00969738983357509,6.653987407684326,9.98475170135498,10000.0,8.855109684324312,True,False
1059,0.0,0.0,0.0,0.37705019140572354,-0.007510173156796223,6.990431785583496,9.269895553588867,10000.0,9.773227309779209,True,False
1060,0.0,0.0,0.0,0.3565399190297097,0.028575346497642342,6.9149932861328125,9.697361946105957,10000.0,9.56342642945237,True,False
1061,0.0,0.0,0.0,0.31900269803742604,0.05117443370682077,7.199583530426025,11.284518241882324,10000.0,10.366800602316331,True,False
1062,0.0,0.0,0.0,0.40654925697741184,-0.09007003057254319,7.534446716308594,9.266339302062988,10000.0,11.35357746417867,True,False
1063,0.0,0.0,0.0,0.30614027896146906,-0.0840588345758637,6.538295269012451,10.678593635559082,10000.0,8.549861004958117,True,False
1064,0.0,0.0,0.0,0.39007897887739207,-0.11916565645145127,6.327622413635254,8.11069393157959,10000.0,8.007761081907844,True,False
1065,0.0,0.0,0.0,0.7615788241563015,-0.06014238901713206,14.289987564086914,9.381817817687988,10000.0,40.840748916351714,True,False
1066,0.0,0.0,0.0,0.4616174983549831,-0.16247808838895997,9.214016914367676,9.980142593383789,10000.0,16.979621539650722,True,False
1067,0.0,0.0,0.0,0.38241140503897814,-0.0837499869392515,6.82672643661499,8.92589282989502,10000.0,9.320838768075596,True,False
1068,0.0,0.0,0.0,0.48022730013819287,-0.029359669582148917,7.959062576293945,8.286766052246094,10000.0,12.66933541867256,True,False
1069,0.0,0.0,0.0,0.31479103307502915,0.016174721597383302,8.011696815490723,12.725420951843262,10000.0,12.837457172668834,True,False
1070,0.0,0.0,0.0,0.3790773553519401,0.03599639206912844,7.017035007476807,9.255413055419922,10000.0,9.847756059231003,True,False
1071,0.0,0.0,0.0,0.786965283602894,0.04780589672578923,15.383866310119629,9.774170875549316,10000.0,47.33266852952673,True,False
1072,0.0,0.0,0.0,0.3074714980988217,-0.03274289927574488,6.8784050941467285,11.18543529510498,10000.0,9.46249132783673,True,False
1073,0.0,0.0,0.0,0.4630526926174211,-0.03848619141283318,10.625263214111328,11.473060607910156,10000.0,22.579243673829467,True,False
1074,0.0,0.0,0.0,0.5113368644077243,0.039314490223730576,8.749781608581543,8.555789947509766,10000.0,15.311735639574358,True,False
1075,0.0,0.0,0.0,0.2446905893205126,0.1218719064501569,5.569038391113281,11.379755973815918,10000.0,6.202837720338721,True,False
1076,0.0,0.0,0.0,0.2814915461000042,0.017013815105574773,7.386974334716797,13.121129989624023,10000.0,10.913477964352928,True,False
1077,0.0,0.0,0.0,0.2892756900806473,0.050865422756553653,8.918529510498047,15.415276527404785,10000.0,15.908033725924902,True,False
1078,0.0,0.0,0.0,0.6327632813547205,-0.07935954224423779,13.938002586364746,11.013599395751953,10000.0,38.85358321950207,True,False
1079,0.0,0.0,0.0,0.29050824845056966,0.010138782175440493,7.094557762145996,12.210596084594727,10000.0,10.066549968085198,True,False
1080,0.0,0.0,0.0,0.34606089806758006,0.006142858765303452,6.085328102111816,8.792279243469238,10000.0,7.40624362207036,True,False
1081,0.0,0.0,0.0,0.4630006967844433,-0.054077073015880515,10.75261116027832,11.611873626708984,10000.0,23.123729352828377,True,False
1082,0.0,0.0,0.0,0.49448342807314843,0.14235808241022202,11.46505355834961,11.592960357666016,10000.0,26.289490619165008,True,False
1083,0.0,0.0,0.0,0.22830074939425957,-0.03820506933534622,5.332404136657715,11.67846393585205,10000.0,5.686906775328861,True,False
1084,0.0,0.0,0.0,0.41748937188333685,0.03692650233226209,7.042452812194824,8.434289932250977,10000.0,9.919228322398155,True,False
1085,0.0,0.0,0.0,0.879807275858069,0.08411662603589021,14.39397144317627,8.180184364318848,10000.0,41.43728278139477,True,False
1086,0.0,0.0,0.0,0.38979990845360063,-0.014070376601936066,7.0120110511779785,8.994372367858887,10000.0,9.833659796368416,True,False
1087,0.0,0.0,0.0,0.3099780237176474,0.03505502215188307,5.736606597900391,9.253247261047363,10000.0,6.581731051814856,True,False
1088,0.0,0.0,0.0,0.40590515812570427,-0.06466556683834394,6.969335079193115,8.584930419921875,10000.0,9.714326289214341,True,False
1089,0.0,0.0,0.0,0.4312242770784344,0.02364716166900307,7.366281986236572,8.541126251220703,10000.0,10.85242206015068,True,False
1090,0.0,0.0,0.0,0.4820930659698807,0.1573887405127323,10.288058280944824,10.670199394226074,10000.0,21.168828638423463,True,False
1091,0.0,0.0,0.0,0.4835794668498668,-0.1143685605180071,9.964645385742188,10.303007125854492,10000.0,19.85883153271861,True,False
1092,0.0,0.0,0.0,0.44684664864992946,0.08698345633210813,10.359292984008789,11.591552734375,10000.0,21.462990225706733,True,False
1093,0.0,0.0,0.0,0.23050219901624558,0.04588076261559949,6.1463303565979,13.332476615905762,10000.0,7.555475370487372,True,False
1094,0.0,0.0,0.0,0.6351047430309621,-0.036827136407825846,12.006391525268555,9.452292442321777,10000.0,28.830687491608103,True,False
1095,0.0,0.0,0.0,0.5311175478734197,-0.02994381335358643,8.687450408935547,8.178462982177734,10000.0,15.094358921542877,True,False
1096,0.0,0.0,0.0,0.6150177042204888,0.026365607617103777,10.939260482788086,8.893451690673828,10000.0,23.933483982057794,True,False
1097,0.0,0.0,0.0,0.5627254500270628,0.11027616538453663,11.065197944641113,9.831790924072266,10000.0,24.487721110817972,True,False
1098,0.0,0.0,0.0,0.48352818886657667,-0.05591771563943724,9.37549877166748,9.694883346557617,10000.0,17.579995443507684,True,False
1099,0.0,0.0,0.0,0.36241607532661957,0.0271772714661348,8.466399192810059,11.680496215820312,10000.0,14.33598305840296,True,False
1100,0.0,0.0,0.0,0.4304784696864051,-0.15075848207989082,8.287677764892578,9.626123428344727,10000.0,13.737120546938968,True,False
1101,0.0,0.0,0.0,0.3380275492138646,-0.0417400093619828,6.966628074645996,10.30482292175293,10000.0,9.706781346089151,True,False
1102,0.0,0.0,0.0,0.3539414443337432,-0.0739345288902201,7.570026874542236,10.693897247314453,10000.0,11.461061376258336,True,False
1103,0.0,0.0,0.0,0.4474690704396683,0.04359845905606765,8.509184837341309,9.508126258850098,10000.0,14.481245319207844,True,False
1104,0.0,0.0,0.0,0.39009942990036645,0.10465764189038755,7.70980978012085,9.881852149963379,10000.0,11.888233369129416,True,False
1105,0.0,0.0,0.0,0.5625282760927607,-0.094265554350412,8.89455509185791,7.905873775482178,10000.0,15.822622056419092,True,False
1106,0.0,0.0,0.0,0.4352160426622489,-0.02238631986637778,9.26777458190918,10.647326469421387,10000.0,17.178329140216377,True,False
1107,0.0,0.0,0.0,0.5496483635310989,0.012567107703516454,10.267216682434082,9.339804649353027,10000.0,21.08314768081054,True,False
1108,0.0,0.0,0.0,0.2955858123743362,-0.05253026146176345,5.426086902618408,9.1785306930542,10000.0,5.888483814953403,True,False
1109,0.0,0.0,0.0,0.35306534427012515,-0.02611352667742972,8.081588745117188,11.444890975952148,10000.0,13.06241532904096,True,False
1110,0.0,0.0,0.0,0.37262959573336113,-0.024985287660785727,6.603344440460205,8.860466957092285,10000.0,8.720831559871336,True,False
1111,0.0,0.0,0.0,0.2638170394510513,0.03343478408190969,7.0500993728637695,13.36172103881836,10000.0,9.940780233450823,True,False
1112,0.0,0.0,0.0,0.287267352542504,0.07679575254671285,5.7221832275390625,9.95968246459961,10000.0,6.548676177905872,True,False
1113,0.0,0.0,0.0,0.35546744457225965,0.07218327504403065,7.928511619567871,11.152233123779297,10000.0,12.572259300324546,True,False
1114,0.0,0.0,0.0,0.37477032661575804,0.06056743492191332,9.428003311157227,12.578374862670898,10000.0,17.777449287038323,True,False
1115,0.0,0.0,0.0,0.5087426872053752,-0.07892388312307534,9.17880630493164,9.021069526672363,10000.0,16.85009703669057,True,False
1116,0.0,0.0,0.0,0.37051959297043224,-0.03769228405363521,6.704124927520752,9.046923637390137,10000.0,8.989058208761023,True,False
1117,0.0,0.0,0.0,0.37436917984389395,-0.059035922817315824,6.671672821044922,8.910552978515625,10000.0,8.902243646213897,True,False
1118,0.0,0.0,0.0,0.6426899908653563,0.03793255828791819,11.408013343811035,8.87520694732666,10000.0,26.028553690514116,True,False
1119,0.0,0.0,0.0,0.2922242435963515,-0.021718609024178295,6.023385047912598,10.306100845336914,10000.0,7.256233487083406,True,False
1120,0.0,0.0,0.0,0.4530955533404153,0.07054402094918051,8.948040008544922,9.874341011047363,10000.0,16.01348399890412,True,False
1121,0.0,0.0,0.0,0.2593526947822818,0.017780047158627663,5.73588752746582,11.058083534240723,10000.0,6.580081145547592,True,False
1122,0.0,0.0,0.0,0.5873979693410313,-0.0003477251105468523,10.911978721618652,9.288403511047363,10000.0,23.814255924211636,True,False
1123,0.0,0.0,0.0,0.3446674009875957,0.033486024080325576,7.475338459014893,10.844278335571289,10000.0,11.176137015365427,True,False
1124,0.0,0.0,0.0,0.45156735156735156,-0.010511176039653526,9.091452598571777,10.06655216217041,10000.0,16.530902070415507,True,False
1125,0.0,0.0,0.0,0.34780873293070413,0.07435386009232807,6.564242362976074,9.436569213867188,10000.0,8.61785555997794,True,False
1126,0.0,0.0,0.0,0.642938227586315,0.1726571224274461,17.67969512939453,13.749139785766602,10000.0,62.51432397366733,True,False
1127,0.0,0.0,0.0,0.3621128172430257,0.07404414808182291,8.241179466247559,11.379298210144043,10000.0,13.583407798980076,True,False
1128,0.0,0.0,0.0,0.43117606915078727,0.08424553657589061,9.388822555541992,10.887457847595215,10000.0,17.629997795890816,True,False
1129,0.0,0.0,0.0,0.3150299323259465,-0.025976107440450376,6.4723711013793945,10.272628784179688,10000.0,8.37831753479422,True,False
1130,0.0,0.0,0.0,0.3118086905978211,-0.1106208277902699,6.331479549407959,10.152827262878418,10000.0,8.017526656914242,True,False
1131,0.0,0.0,0.0,0.27491660581843047,-0.0572404584280503,5.704090118408203,10.374218940734863,10000.0,6.507328815784419,True,False
1132,0.0,0.0,0.0,0.4050092632469843,-0.06656760821064511,8.137947082519531,10.046618461608887,10000.0,13.245236543577626,True,False
1133,0.0,0.0,0.0,0.3653307000972166,-0.01927062319854107,8.08509349822998,11.065444946289062,10000.0,13.07374737502414,True,False
1134,0.0,0.0,0.0,0.3973862185983358,0.11641897623157713,8.000969886779785,10.066994667053223,10000.0,12.803103825831386,True,False
1135,0.0,0.0,0.0,0.3198107276245091,0.25969283008520405,7.297944068908691,11.409786224365234,10000.0,10.651997526583905,True,False
1136,0.0,0.0,0.0,0.37585855198239376,0.12002214655633321,7.479433059692383,9.949797630310059,10000.0,11.188383778883868,True,False
1137,0.0,0.0,0.0,0.29538679804353785,0.060158259343046736,7.781569480895996,13.171830177307129,10000.0,12.110564717202394,True,False
1138,0.0,0.0,0.0,0.5982194502099131,-0.08138883677571906,10.944127082824707,9.14725112915039,10000.0,23.954783521003435,True,False
1139,0.0,0.0,0.0,0.4834417957556804,-0.06819724505223476,8.95943546295166,9.266302108764648,10000.0,16.05429676295917,True,False
1140,0.0,0.0,0.0,0.283111040127345,0.05293424374046023,5.783202648162842,10.213665008544922,10000.0,6.689086573943541,True,False
1141,0.0,0.0,0.0,0.5029233894157694,-0.0408980847810049,9.715749740600586,9.659274101257324,10000.0,18.879158604396068,True,False
1142,0.0,0.0,0.0,0.41581565459834374,-0.013296421096211247,7.976296901702881,9.591145515441895,10000.0,12.724262452822991,True,False
1143,0.0,0.0,0.0,0.45659443426549984,-0.12317046131304035,8.126058578491211,8.898551940917969,10000.0,13.20656560421412,True,False
1144,0.0,0.0,0.0,0.8123904334120379,0.09506182338999866,14.504586219787598,8.927103042602539,10000.0,42.07660428145044,True,False
1145,0.0,0.0,0.0,0.27365532697714606,-0.006718859379893684,5.099460601806641,9.317305564880371,10000.0,5.200899685875626,True,False
1146,0.0,0.0,0.0,0.623575650034342,-0.1560416716816761,12.405635833740234,9.94717788696289,10000.0,30.77996008787595,True,False
1147,0.0,0.0,0.0,0.4563781055636159,-0.043952105005487574,8.560927391052246,9.379204750061035,10000.0,14.65789555897372,True,False
1148,0.0,0.0,0.0,0.35650593238445466,-0.037058295060275,6.616605758666992,9.279797554016113,10000.0,8.755894353125036,True,False
1149,0.0,0.0,0.0,0.3721206154689941,-0.05938411223178413,8.861988067626953,11.907413482666016,10000.0,15.706966502152497,True,False
1150,0.0,0.0,0.0,0.4096035340852413,-0.00036536924589604337,8.087204933166504,9.871991157531738,10000.0,13.080576726206523,True,False
1151,0.0,0.0,0.0,0.45429654295678884,-0.13059472261143754,9.626998901367188,10.595500946044922,10000.0,18.535821569385007,True,False
1152,0.0,0.0,0.0,0.37877014088411554,0.06377080431224479,6.900784969329834,9.10946273803711,10000.0,9.524166638585712,True,False
1153,0.0,0.0,0.0,0.23948908478980935,0.04169808427323426,5.45035457611084,11.379129409790039,10000.0,5.941273001066474,True,False
1154,0.0,0.0,0.0,0.2804786325593259,0.01198129043446357,6.686330318450928,11.919500350952148,10000.0,8.941402625487214,True,False
1155,0.0,0.0,0.0,0.42686442281369746,0.04367936891644645,8.589259147644043,10.060874938964844,10000.0,14.75507454107737,True,False
1156,0.0,0.0,0.0,0.4358348411072557,-0.1454662013491109,8.450132369995117,9.694190979003906,10000.0,14.280947414087855,True,False
1157,0.0,0.0,0.0,0.5447951011794371,0.027036257411458237,10.070210456848145,9.242199897766113,10000.0,20.281827729042732,True,False
1158,0.0,0.0,0.0,0.4373719336360297,0.057393467546193996,8.539817810058594,9.762649536132812,10000.0,14.585697645798788,True,False
1159,0.0,0.0,0.0,0.3074488879951627,-0.055531276280189584,6.713072299957275,10.917379379272461,10000.0,9.013067940890728,True,False
1160,0.0,0.0,0.0,0.45420293372856513,0.01899508459516133,7.181079387664795,7.905144214630127,10000.0,10.313580234388837,True,False
1161,0.0,0.0,0.0,0.33034512555159107,0.06950662185159455,8.833274841308594,13.369767189025879,10000.0,15.605348884419072,True,False
1162,0.0,0.0,0.0,0.3838788726148986,-0.040650183886091956,6.48272180557251,8.443707466125488,10000.0,8.405136401689056,True,False
1163,0.0,0.0,0.0,0.3689953862563314,0.11558471853677682,8.18342113494873,11.088785171508789,10000.0,13.39367629438511,True,False
1164,0.0,0.0,0.0,0.3606150310186161,-0.1013304016972075,7.819129943847656,10.841381072998047,10000.0,12.227758615755008,True,False
1165,0.0,0.0,0.0,0.38407257177793847,0.05800114251121939,7.245416164398193,9.432353019714355,10000.0,10.499211079064523,True,False
1166,0.0,0.0,0.0,0.34512695607258814,-0.07795886331801993,7.070582866668701,10.243452072143555,10000.0,9.998628414885793,True,False
1167,0.0,0.0,0.0,0.300821159577183,-0.05781489089121432,6.409961700439453,10.654107093811035,10000.0,8.217521800220126,True,False
1168,0.0,0.0,0.0,0.34348821987350414,0.000432754455844767,8.857217788696289,12.893044471740723,10000.0,15.690061391279592,True,False
1169,0.0,0.0,0.0,0.2701990156564908,0.014983251418169296,5.857075214385986,10.838446617126465,10000.0,6.861066013394929,True,False
1170,0.0,0.0,0.0,0.5148844009232738,-0.07286706533491598,8.134354591369629,7.899204730987549,10000.0,13.233544923627228,True,False
1171,0.0,0.0,0.0,0.3767231370135244,0.024165268944700564,7.877535820007324,10.455338478088379,10000.0,12.411114119099693,True,False
1172,0.0,0.0,0.0,0.34854459691059547,-0.16454660034757335,7.104747295379639,10.192020416259766,10000.0,10.095486826240858,True,False
1173,0.0,0.0,0.0,0.4623031394273871,-0.028129638400089255,10.095168113708496,10.918342590332031,10000.0,20.38248384880734,True,False
1174,0.0,0.0,0.0,0.26930566167177283,-0.08716933348594279,6.124627590179443,11.371145248413086,10000.0,7.502212623677451,True,False
1175,0.0,0.0,0.0,0.30533935600607126,-0.046486538816795285,7.4119415283203125,12.137219429016113,10000.0,10.987375443847846,True,False
1176,0.0,0.0,0.0,0.36973748760538644,-0.13860427213704218,7.249409198760986,9.803454399108887,10000.0,10.510786746216077,True,False
1177,0.0,0.0,0.0,0.349370479723955,0.024828299792019917,7.367320537567139,10.543707847595215,10000.0,10.855482380651708,True,False
1178,0.0,0.0,0.0,0.39916759741524765,0.0732200744273822,7.835752487182617,9.815115928649902,10000.0,12.279803408077711,True,False
1179,0.0,0.0,0.0,0.3994683541105949,0.04992956248066027,8.14312744140625,10.192456245422363,10000.0,13.262104905396697,True,False
1180,0.0,0.0,0.0,0.33966342295019003,-0.012497306349344567,6.4774675369262695,9.535126686096191,10000.0,8.391517138386732,True,False
1181,0.0,0.0,0.0,0.5052578448815899,-0.08754240610994682,9.145641326904297,9.050469398498535,10000.0,16.728551056075958,True,False
1182,0.0,0.0,0.0,0.4001891366993423,0.029285594616607992,10.180876731872559,12.720081329345703,10000.0,20.73005020591681,True,False
1183,0.0,0.0,0.0,0.3214780186085992,0.039010881660241685,7.0142645835876465,10.90939998626709,10000.0,9.839981529714393,True,False
1184,0.0,0.0,0.0,0.4642109858035808,-0.014994663108919217,9.141879081726074,9.846685409545898,10000.0,16.714790628980154,True,False
1185,0.0,0.0,0.0,0.32445386591139275,-0.024405835839755093,5.477742671966553,8.441481590270996,10000.0,6.001132956056651,True,False
1186,0.0,0.0,0.0,0.23750974880174008,0.06859475106001058,5.295105457305908,11.147132873535156,10000.0,5.607628360798159,True,False
1187,0.0,0.0,0.0,0.20262082110737104,0.01146480163669096,5.441217422485352,13.427093505859375,10000.0,5.921369407751627,True,False
1188,0.0,0.0,0.0,0.7108833596613571,-0.010163117500744421,13.194389343261719,9.280277252197266,10000.0,34.81838202831568,True,False
1189,0.0,0.0,0.0,0.31900299968833923,0.045488172061061566,6.567479610443115,10.293758392333984,10000.0,8.626357686717206,True,False
1190,0.0,0.0,0.0,0.42689964903874716,0.003502075381198671,6.770359992980957,7.929685592651367,10000.0,9.167554886911418,True,False
1191,0.0,0.0,0.0,0.31629584539682587,0.010583399522637257,6.82459831237793,10.788314819335938,10000.0,9.315028425062337,True,False
1192,0.0,0.0,0.0,0.35568224778020824,-0.04618338779617456,7.0901265144348145,9.966938972473145,10000.0,10.05397879813831,True,False
1193,0.0,0.0,0.0,0.1841857221286056,-0.022760696151184194,4.851078510284424,13.168986320495605,10000.0,4.70659254258867,True,False
1194,0.0,0.0,0.0,0.37434341163726875,-0.1657707534462547,6.905272483825684,9.22317886352539,10000.0,9.536557615176022,True,False
1195,0.0,0.0,0.0,0.8451760686764176,0.15909494612984248,19.37710189819336,11.46335220336914,10000.0,75.09441559459373,True,False
1196,0.0,0.0,0.0,0.3838172239262968,-0.008068352365998333,8.062191009521484,10.502643585205078,10000.0,12.99978477480181,True,False
1197,0.0,0.0,0.0,0.534038571842821,0.0438258381707084,8.799345016479492,8.238492012023926,10000.0,15.485694543808492,True,False
1198,0.0,0.0,0.0,0.3339056109298739,0.006812926834414777,8.330809593200684,12.474797248840332,10000.0,13.880477695632905,True,False
1199,0.0,0.0,0.0,0.46662508480750803,-0.036682740869248665,8.130653381347656,8.712190628051758,10000.0,13.221504881524012,True,False
1200,0.0,0.0,0.0,0.8393245567654756,-0.029039877711349936,16.265121459960938,9.689411163330078,10000.0,52.91083522145635,True,False
1201,0.0,0.0,0.0,0.3456616350674203,-0.0072546216158763015,6.305097579956055,9.120331764221191,10000.0,7.950851098553539,True,False
1202,0.0,0.0,0.0,0.22910736169114007,-0.07371820954302244,5.784564971923828,12.624135971069336,10000.0,6.692238382881623,True,False
1203,0.0,0.0,0.0,0.523766525424878,0.09146931607757373,10.681903839111328,10.197199821472168,10000.0,22.820613925604263,True,False
1204,0.0,0.0,0.0,0.5326177765158553,0.03129934381950264,11.30264663696289,10.610466957092285,10000.0,25.549964200009697,True,False
1205,0.0,0.0,0.0,0.35322979882175365,0.06153345604821903,7.89691686630249,11.178157806396484,10000.0,12.472259198658548,True,False
1206,0.0,0.0,0.0,0.20609567345763444,-0.01581768645333087,4.346558570861816,10.545001983642578,10000.0,3.778514281986462,True,False
1207,0.0,0.0,0.0,0.4663541757886656,-0.0027309140873286305,8.684619903564453,9.311184883117676,10000.0,15.084524573877566,True,False
1208,0.0,0.0,0.0,0.535436907060765,-0.034987273268892574,10.590034484863281,9.889152526855469,10000.0,22.42976607811869,True,False
1209,0.0,0.0,0.0,0.6596949925695167,-0.10697626604097035,12.666534423828125,9.600296020507812,10000.0,32.08821886200457,True,False
1210,0.0,0.0,0.0,0.9481994196124853,0.03635354007898116,16.09092903137207,8.484992027282715,10000.0,51.783599418530486,True,False
1211,0.0,0.0,0.0,0.26491882880724243,-0.05610189365681683,5.797146320343018,10.941363334655762,10000.0,6.721381091893317,True,False
1212,0.0,0.0,0.0,0.4018122891301893,-0.005168814183809414,9.569965362548828,11.908502578735352,10000.0,18.316847408076868,True,False
1213,0.0,0.0,0.0,0.465213063869277,0.04222878408092564,8.253549575805664,8.870719909667969,10000.0,13.624216120056367,True,False
1214,0.0,0.0,0.0,0.40124448728748335,0.02761699193615746,7.810578346252441,9.732941627502441,10000.0,12.201026820589504,True,False
1215,0.0,0.0,0.0,0.5198247901807477,-0.03961298997268445,9.240232467651367,8.887833595275879,10000.0,17.076379211247698,True,False
1216,0.0,0.0,0.0,0.2476168973385572,-0.034350126153870945,5.357694149017334,10.818514823913574,10000.0,5.740977318882912,True,False
1217,0.0,0.0,0.0,0.8987290258016614,0.025808575358291293,16.461139678955078,9.158010482788086,10000.0,54.19382390601385,True,False
1218,0.0,0.0,0.0,0.3410150074377526,-0.01610402873291417,8.745915412902832,12.823358535766602,10000.0,15.29820728193026,True,False
1219,0.0,0.0,0.0,0.5109545922994759,-0.11199759646667551,10.643209457397461,10.415024757385254,10000.0,22.65558151080694,True,False
1220,0.0,0.0,0.0,0.5170680100054836,-0.06995975441742944,9.49967098236084,9.186094284057617,10000.0,18.04874975462171,True,False
1221,0.0,0.0,0.0,0.5314047698421914,-0.0865499465897453,9.47075080871582,8.911051750183105,10000.0,17.93902417615827,True,False
1222,0.0,0.0,0.0,0.5304416008406624,0.13093074477265135,13.952895164489746,13.15215015411377,10000.0,38.936656694248256,True,False
1223,0.0,0.0,0.0,0.40058316599142985,-0.13652619611634514,9.221038818359375,11.50951862335205,10000.0,17.00551137793809,True,False
1224,0.0,0.0,0.0,0.7341797759256867,0.012027694451218611,17.423036575317383,11.865647315979004,10000.0,60.71244070096944,True,False
1225,0.0,0.0,0.0,0.3331976227031936,0.019695358887947653,6.976792335510254,10.469450950622559,10000.0,9.735126258566922,True,False
1226,0.0,0.0,0.0,0.22202263691512975,-0.0588403459296057,5.055299282073975,11.384648323059082,10000.0,5.111210166267526,True,False
1227,0.0,0.0,0.0,0.303223290968962,0.053690864210424044,7.277989387512207,12.001039505004883,10000.0,10.593825904948062,True,False
1228,0.0,0.0,0.0,0.2894011110903973,-0.026596235840735442,5.921846389770508,10.231208801269531,10000.0,7.013652932807599,True,False
1229,0.0,0.0,0.0,0.43469085667464735,-0.02922811187354213,10.06928825378418,11.582125663757324,10000.0,20.2781131875592,True,False
1230,0.0,0.0,0.0,0.34252257403520064,-0.04936477805548984,7.957988262176514,11.616735458374023,10000.0,12.66591543618783,True,False
1231,0.0,0.0,0.0,0.33403389297209096,0.04908380770558189,5.276815891265869,7.898623466491699,10000.0,5.568957190063202,True,False
1232,0.0,0.0,0.0,0.4191658888685302,0.030035847875870703,9.752161979675293,11.632819175720215,10000.0,19.020932655564863,True,False
1233,0.0,0.0,0.0,0.29365536703991374,0.04414548680749998,7.295229434967041,12.42141342163086,10000.0,10.644074501761907,True,False
1234,0.0,0.0,0.0,0.45487270533545565,0.037193094817368176,8.09104061126709,8.893741607666016,10000.0,13.09298763463466,True,False
1235,0.0,0.0,0.0,0.43981863488166506,0.029484153719551678,8.263474464416504,9.394184112548828,10000.0,13.657002044812721,True,False
1236,0.0,0.0,0.0,0.2684853340931672,0.001689070715812222,6.229156970977783,11.600553512573242,10000.0,7.760479313816219,True,False
1237,0.0,0.0,0.0,0.2826441116131344,-0.028679505601937397,6.869577884674072,12.152345657348633,10000.0,9.438220062720617,True,False
1238,0.0,0.0,0.0,0.3302064755486344,-0.02718217828503721,7.183256149291992,10.87691593170166,10000.0,10.319833781268244,True,False
1239,0.0,0.0,0.0,0.3445717407907556,-0.1139477550401979,7.181021690368652,10.420212745666504,10000.0,10.313414503509009,True,False
1240,0.0,0.0,0.0,0.47890156315171084,0.002497696667514871,10.098027229309082,10.5429048538208,10000.0,20.39403078477352,True,False
1241,0.0,0.0,0.0,0.3894459065908175,-0.1231384675983188,7.708455562591553,9.896696090698242,10000.0,11.884057432089726,True,False
1242,0.0,0.0,0.0,0.48374706572576853,0.08696023966236173,8.412248611450195,8.694883346557617,10000.0,14.153185340169145,True,False
1243,0.0,0.0,0.0,0.23618710963457368,0.01049300800633379,5.400400638580322,11.432462692260742,10000.0,5.832865411435748,True,False
1244,0.0,0.0,0.0,0.21656433080770138,0.004782191780244938,5.429433345794678,12.535382270812988,10000.0,5.895749291285437,True,False
1245,0.0,0.0,0.0,0.2959399520261966,-0.08525309229960655,5.818060874938965,9.82979965209961,10000.0,6.76996646889911,True,False
1246,0.0,0.0,0.0,0.4433020680550477,-0.0430766955348724,9.878555297851562,11.142013549804688,10000.0,19.517170954542223,True,False
1247,0.0,0.0,0.0,0.2707990504600188,-0.039426245646290006,5.672375679016113,10.473403930664062,10000.0,6.4351691687787,True,False
1248,0.0,0.0,0.0,0.3683157650650306,-0.01627859817652725,8.237438201904297,11.182576179504395,10000.0,13.57107762603846,True,False
1249,0.0,0.0,0.0,0.4340867254219537,-0.0603579454445815,8.449498176574707,9.732500076293945,10000.0,14.278803887187856,True,False
1250,0.0,0.0,0.0,0.6792859638011836,-0.004944297008300273,17.554712295532227,12.9214448928833,10000.0,61.63358475578207,True,False
1251,0.0,0.0,0.0,0.3344492968218939,-0.01002346474849061,7.400528907775879,11.063753128051758,10000.0,10.953565622965286,True,False
1252,0.0,0.0,0.0,0.32947903506877285,-0.10668717471395169,6.188608169555664,9.391505241394043,10000.0,7.659774215258221,True,False
1253,0.0,0.0,0.0,0.42984561372707464,0.1639985181739769,8.555079460144043,9.951339721679688,10000.0,14.637876913875694,True,False
1254,0.0,0.0,0.0,0.4424365400912897,0.007355038595834366,8.027849197387695,9.072317123413086,10000.0,12.889272547199653,True,False
1255,0.0,0.0,0.0,0.40186343554646226,-0.09520222658695675,6.924328327178955,8.615275382995605,10000.0,9.589264556514578,True,False
1256,0.0,0.0,0.0,0.28787461822941723,-0.10728949750165831,5.063858985900879,8.79525089263916,10000.0,5.128533565817815,True,False
1257,0.0,0.0,0.0,0.41621278874610396,0.051902141810266283,7.3466644287109375,8.825611114501953,10000.0,10.794695645617317,True,False
1258,0.0,0.0,0.0,0.4389359275599864,-0.05066448953128057,10.108390808105469,11.514654159545898,10000.0,20.435912945878215,True,False
1259,0.0,0.0,0.0,0.5855510620166507,-0.13874031980596438,10.885751724243164,9.295305252075195,10000.0,23.6999181203726,True,False
1260,0.0,0.0,0.0,0.29303098592457527,0.05245231250282441,6.240528583526611,10.648240089416504,10000.0,7.78883940036253,True,False
1261,0.0,0.0,0.0,0.42741086246108434,0.036932513298967996,10.12122631072998,11.840160369873047,10000.0,20.487844406602562,True,False
1262,0.0,0.0,0.0,0.5839670261341626,-0.059582855106590164,12.766757011413574,10.931059837341309,10000.0,32.59801691769553,True,False
1263,0.0,0.0,0.0,0.348215705101577,0.06697278490455331,7.94639253616333,11.410158157348633,10000.0,12.629030867758452,True,False
1264,0.0,0.0,0.0,0.5753584980488011,0.041566716005896884,10.011503219604492,8.700230598449707,10000.0,20.04603934323022,True,False
1265,0.0,0.0,0.0,0.34158739996015336,-0.03560722130976734,7.446177005767822,10.899373054504395,10000.0,11.08911040024509,True,False
1266,0.0,0.0,0.0,0.2779318832033298,0.015058598566744994,7.179913520812988,12.916678428649902,10000.0,10.310231633270632,True,False
1267,0.0,0.0,0.0,0.3623635822469118,0.05466681967122532,7.730262279510498,10.666444778442383,10000.0,11.951390982004568,True,False
1268,0.0,0.0,0.0,0.3171624213057758,-0.09559236441053708,6.2305827140808105,9.82238483428955,10000.0,7.764032191400517,True,False
1269,0.0,0.0,0.0,0.21596814256294708,0.014934836893408361,6.788464546203613,15.71635627746582,10000.0,9.216650179012682,True,False
1270,0.0,0.0,0.0,0.6202259751420663,0.014301732038635637,13.812213897705078,11.1348237991333,10000.0,38.15545055119145,True,False
1271,0.0,0.0,0.0,0.48728323746270996,-0.03056680094245569,9.173917770385742,9.413331985473633,10000.0,16.83215345155986,True,False
1272,0.0,0.0,0.0,0.49437067288358494,-0.023827327799961426,9.022709846496582,9.125450134277344,10000.0,16.281858594813272,True,False
1273,0.0,0.0,0.0,0.23710535567984123,-0.02708865720837265,7.310056686401367,15.415207862854004,10000.0,10.687385751680267,True,False
